# Blender 5.1.1
# www.blender.org
mtllib Water_Tile_V6.mtl
o Water_Tile_V6
v 2.500000 -0.250300 -2.500100
v 2.500000 -5.250300 -2.500100
v -2.499997 -5.250300 -2.500100
v -2.500000 -0.250300 -2.500102
v 0.344818 -0.250300 -2.500100
v 1.090094 -5.250300 -2.334923
v 2.404045 -5.250300 -2.112147
v 2.500000 -3.064350 -2.125782
v 1.134963 -0.250300 -2.313040
v 0.363464 -0.250300 -2.286285
v -2.500147 -5.250429 -2.108288
v -2.499919 -2.838341 -2.125515
v -2.499892 -1.498023 -2.124897
v -2.397505 -1.583959 -2.110245
v -0.037155 -5.250178 -2.118643
v -1.250034 -5.186875 -2.007916
v -1.244116 -5.250686 -2.007356
v 0.666504 -1.427604 -2.048562
v 0.587642 -1.581197 -2.112665
v -2.500096 -4.650742 -2.084632
v -2.499968 -2.151998 -2.124674
v 0.029836 -0.838316 -2.086097
v 0.012587 -0.969972 -2.112747
v -2.499701 -0.898594 -2.130445
v 0.360436 -0.465399 -2.061150
v -1.855679 -0.499219 -2.057168
v -1.883396 -0.661645 -2.099797
v -1.549404 -2.104043 -2.084200
v -2.110605 -4.321008 -2.072467
v -1.472925 -4.957068 -2.086795
v -1.466529 -1.503505 -2.087455
v -1.565048 -1.414901 -2.082004
v -0.255263 -1.233809 -2.010212
v -0.360883 -1.160802 -2.061434
v -0.252995 -4.067531 -2.007210
v -0.362257 -3.955755 -2.060004
v -0.565329 -3.749631 -2.080559
v -0.681186 -3.645612 -2.041179
v 0.992154 -2.358958 -2.109985
v 0.869169 -2.383043 -2.068096
v 1.541836 -5.250273 -2.095294
v 0.252326 -3.905336 -2.012523
v -2.499972 -4.871507 -2.123932
v -1.986265 -4.777812 -2.128236
v -2.014535 -5.250332 -2.108915
v -1.971481 -5.167494 -2.086435
v -2.070499 -5.073810 -2.082677
v -2.184848 -4.953903 -2.041751
v -2.246974 -3.502310 -2.008226
v -2.368520 -3.640677 -2.100736
v -2.441155 -3.455027 -2.104871
v -2.049662 -3.834429 -2.108358
v -2.248732 -3.827440 -2.049829
v 0.251936 -2.441968 -2.008784
v 0.117316 -2.524274 -2.102585
v 0.449317 -4.807599 -2.087002
v -0.745246 -1.492797 -2.008642
v -0.745344 -3.575692 -2.007663
v -0.746843 -3.827312 -2.048331
v -0.906598 -3.890687 -2.110929
v -1.101733 -4.638303 -2.071937
v -0.750277 -5.001595 -2.006756
v -0.752299 -5.250196 -2.045755
v -0.979999 -5.062967 -2.126076
v -0.857618 -5.250274 -2.099482
v 1.749867 -5.102784 -2.050602
v 1.599658 -5.056345 -2.113214
v 1.483306 -5.053903 -2.117237
v 1.479482 -3.474889 -2.125233
v 1.392085 -3.636111 -2.072577
v 1.630563 -3.647010 -2.100629
v 1.084998 -4.985655 -2.106076
v 1.112968 -5.250256 -2.109736
v 0.992134 -5.058024 -2.128027
v 0.926584 -3.867862 -2.079242
v 1.075114 -1.137327 -2.080902
v 1.183799 -1.255760 -2.042050
v -0.491510 -4.747202 -2.119333
v -0.253954 -4.798942 -2.006762
v -0.508550 -3.634287 -2.116453
v -0.623309 -3.479434 -2.099577
v -0.349822 -3.492742 -2.091963
v -0.253713 -3.569081 -2.040169
v -0.125018 -3.920994 -2.104222
v -0.254033 -3.820135 -2.042191
v -0.359634 -3.736722 -2.093783
v -1.748783 -3.444604 -2.038342
v -1.747554 -3.564896 -2.048256
v -1.739570 -4.727859 -2.018390
v -1.875613 -4.767210 -2.099569
v -1.341374 -4.799489 -2.091001
v -1.406203 -4.849363 -2.104491
v -1.533387 -4.663779 -2.123538
v -1.614038 -4.820157 -2.070256
v 2.121589 -3.701766 -2.066711
v 2.122230 -3.495591 -2.097842
v 1.992314 -3.339739 -2.120008
v 1.984620 -3.546046 -2.090440
v 2.381357 -3.538949 -2.108094
v 2.245956 -3.637982 -2.036299
v 2.246002 -3.848977 -2.009567
v 2.399851 -2.517912 -2.075877
v 2.249315 -2.367597 -2.008756
v 2.035509 -4.904107 -2.117746
v 2.409734 -4.785974 -2.077424
v 2.392906 -4.909348 -2.092684
v 2.343528 -5.043180 -2.091470
v 2.426650 -5.250263 -2.121968
v 2.133629 -5.070916 -2.088814
v 2.247174 -4.045140 -2.036440
v 2.339943 -4.595154 -2.068156
v -1.431546 -4.041318 -2.117721
v -0.386635 -4.152934 -2.104912
v -0.122420 -4.468809 -2.104251
v -0.368510 -4.434170 -2.099006
v -0.253994 -4.609545 -2.037299
v 0.638508 -4.284781 -2.060430
v 1.123804 -4.462317 -2.106976
v 0.961576 -4.510015 -2.108349
v 1.745370 -4.163966 -2.031387
v 1.743479 -4.496294 -2.049206
v 1.620758 -4.363272 -2.103655
v -0.742370 -4.294428 -2.011238
v -0.748604 -4.136898 -2.034068
v -0.868777 -4.589757 -2.101681
v -0.744919 -4.528210 -2.046903
v -0.962050 -4.432292 -2.124543
v 0.252937 -4.193499 -2.047061
v 0.364244 -4.222632 -2.095278
v 0.247483 -4.469770 -2.032729
v -2.380936 -4.266038 -2.099911
v -2.246624 -4.185927 -2.007722
v -2.500037 -4.150433 -2.119092
v -2.246502 -4.489685 -2.046948
v 1.875353 -2.892054 -2.097494
v 2.390395 -2.987176 -2.109494
v -1.463772 -2.870322 -2.087255
v -1.425859 -3.177438 -2.119722
v -1.565710 -3.082051 -2.123242
v -1.567121 -3.458537 -2.083879
v -0.431507 -2.921207 -2.118473
v -0.621755 -2.985215 -2.066561
v -0.253548 -3.013592 -2.048353
v -0.116226 -3.302147 -2.099161
v 0.816668 -3.018439 -2.041620
v 0.761099 -2.809993 -2.037996
v 1.012027 -2.854877 -2.127210
v 0.938421 -2.973909 -2.110080
v 1.016419 -3.231887 -2.087188
v 0.880718 -3.090955 -2.068456
v 1.751058 -2.911799 -2.050242
v 1.660194 -2.911228 -2.088056
v 1.580686 -2.863331 -2.113420
v 1.746401 -3.112561 -2.039652
v 1.747895 -3.283035 -2.005279
v -1.073379 -2.826664 -2.120264
v -0.739217 -2.865747 -2.009441
v -0.747148 -3.080889 -2.044986
v -0.991899 -3.046536 -2.125547
v 0.041546 -2.938339 -2.085972
v -0.048360 -2.838538 -2.087540
v 0.362132 -2.961962 -2.099970
v -2.379892 -2.864105 -2.094226
v -2.404935 -2.986423 -2.116799
v -2.117029 -2.942491 -2.069207
v -1.977305 -3.224723 -2.113583
v -2.078439 -3.228113 -2.117882
v -2.162558 -3.182639 -2.089131
v -0.466646 -1.737971 -2.086735
v -0.747241 -2.173095 -2.009513
v 0.626674 -0.483820 -2.102347
v 0.894639 -0.299566 -2.075480
v 1.025097 -0.655622 -2.126926
v 0.881704 -0.606353 -2.109715
v -1.052578 -0.537244 -2.084211
v -2.377856 -0.811953 -2.083324
v -2.325655 -2.066274 -2.043663
v -2.401834 -2.195499 -2.106303
v -2.250241 -3.367673 -2.034239
v -2.379543 -3.370823 -2.067070
v 0.254865 -3.408397 -2.045197
v -0.017429 -3.267863 -2.127949
v 0.751506 -3.253416 -2.050400
v -0.480952 -3.128484 -2.088059
v -0.548346 -3.315162 -2.123300
v -0.629375 -3.202376 -2.097794
v -1.647918 -3.145225 -2.093026
v -1.728582 -3.135139 -2.045915
v -1.845578 -3.207283 -2.056277
v 0.252012 -4.609856 -2.007346
v -0.040971 -4.518044 -2.117209
v -1.030295 -4.497405 -2.120436
v 0.602321 -4.420601 -2.099300
v -1.753882 -4.481858 -2.043129
v 2.052402 -4.589273 -2.114826
v 1.856714 -4.391523 -2.093233
v 2.034088 -3.858170 -2.123821
v 1.878008 -3.948022 -2.101007
v -1.749870 -3.846761 -2.033955
v -0.392016 -5.250473 -2.096562
v 0.640207 -1.280108 -2.082824
v 0.753990 -3.922449 -2.047589
v 0.841267 -5.250242 -2.052839
v 1.353630 -1.466060 -2.065510
v 1.481724 -1.553576 -2.086741
v 1.375772 -5.121095 -2.065026
v -1.092362 -5.015368 -2.116871
v -1.050754 -3.967290 -2.084122
v -1.149204 -3.885523 -2.057263
v 0.150194 -5.250603 -2.054566
v 0.055123 -5.142505 -2.083038
v 0.175194 -3.784585 -2.044206
v 0.000625 -3.951901 -2.128615
v -2.391420 -1.350006 -2.071346
v -2.447196 -2.636339 -2.083985
v -2.323941 -2.720592 -2.046073
v -2.404694 -1.235757 -2.095160
v 0.119877 -3.954664 -2.101254
v 0.249621 -5.250687 -2.024807
v -0.967803 -4.055281 -2.086972
v -0.979134 -5.250306 -2.122023
v -1.144876 -5.065563 -2.093371
v 1.475464 -5.250478 -2.085941
v 1.412995 -2.544310 -2.117914
v 1.361300 -2.698980 -2.087473
v 1.344925 -3.810354 -2.087390
v 1.512583 -3.772176 -2.089018
v 1.249984 -1.320560 -2.005080
v 1.410966 -1.268966 -2.109904
v 1.513978 -1.403814 -2.115850
v 0.663265 -5.054556 -2.051389
v 0.895207 -1.404233 -2.110695
v 0.747980 -1.304382 -2.045105
v -0.407773 -5.019470 -2.116090
v -0.363292 -2.752905 -2.095445
v -0.466424 -2.639266 -2.118359
v -0.467104 -3.834573 -2.087814
v -0.516270 -3.980928 -2.116120
v -0.361374 -1.471324 -2.100854
v -1.759462 -1.243130 -2.011217
v -1.653229 -1.345280 -2.053070
v -1.752912 -1.429048 -2.043437
v -1.895830 -3.616463 -2.108827
v -1.589196 -3.880149 -2.116419
v -1.755108 -2.594914 -2.007373
v -1.596944 -2.745522 -2.073956
v 2.119032 -3.965295 -2.105257
v 2.111294 -4.455569 -2.069775
v -1.624800 -4.542506 -2.103713
v -1.757198 -4.668046 -2.010035
v -0.503618 -4.527045 -2.088843
v -0.632783 -4.413061 -2.062833
v -0.406074 -4.631188 -2.076112
v 0.743113 -4.403913 -2.005803
v 0.736877 -4.533393 -2.036760
v 0.833889 -4.506811 -2.048917
v 0.931824 -4.618063 -2.080911
v 0.901269 -4.783480 -2.105125
v 1.339537 -4.514782 -2.080470
v 1.447687 -4.432372 -2.085567
v 1.514142 -4.525945 -2.087839
v -1.153206 -4.401439 -2.082536
v 0.110941 -4.461414 -2.070849
v 0.015070 -4.351016 -2.086934
v 2.147316 -3.260631 -2.096050
v -1.925596 -3.120006 -2.079455
v -1.659152 -3.384577 -2.051268
v -0.469180 -3.275201 -2.108976
v -1.148438 -3.331224 -2.082819
v -1.249826 -3.075419 -2.006063
v -1.063002 -3.214305 -2.088278
v -1.034788 -3.292035 -2.087905
v 0.119832 -3.341331 -2.108177
v -2.347864 -3.200210 -2.088222
v 2.104359 -2.011672 -2.101701
v 2.011757 -2.098445 -2.087212
v -1.752828 -1.919131 -2.008085
v -1.664525 -2.159484 -2.075718
v -1.747776 -2.030024 -2.027879
v -0.502276 -1.939055 -2.123273
v 0.879018 -2.079961 -2.108300
v 0.752633 -2.073673 -2.037411
v 1.359968 -1.974266 -2.087247
v -1.091624 -2.028115 -2.105304
v -1.059642 -1.875620 -2.082803
v 0.131706 -1.994374 -2.103812
v 1.982124 -0.640357 -2.088867
v 2.153183 -0.813269 -2.053863
v 2.078501 -0.734379 -2.078549
v 2.048307 -0.857505 -2.109709
v -1.690905 -0.656784 -2.037533
v 0.886595 -0.807949 -2.095831
v 1.464575 -0.825584 -2.088359
v -0.908188 -0.661809 -2.077446
v 0.144909 -0.697564 -2.094730
v -2.500237 -0.628306 -2.087907
v -2.063351 -0.324721 -2.082258
v -1.944482 -0.426765 -2.083694
v -1.988204 -0.638363 -2.129090
v 0.347490 -0.250296 -2.088040
v -0.690073 -0.890598 -2.038205
v -0.750241 -0.806808 -2.009084
v -0.656023 -0.484326 -2.091218
v -0.756200 -0.618068 -2.042847
v -0.836260 -0.385952 -2.088411
v 1.752375 -0.643287 -2.045586
v 1.751303 -0.250213 -2.034956
v 1.753590 -0.415983 -2.008976
v 1.131898 -0.742265 -2.099612
v 1.130521 -0.972281 -2.099940
v 1.013721 -0.250240 -2.111815
v 1.134758 -0.250471 -2.101854
v -0.010537 -0.449026 -2.129216
v -0.044546 -0.622090 -2.110245
v -0.499089 -0.356715 -2.089379
v -0.351957 -0.706690 -2.092611
v -0.444807 -0.612242 -2.117802
v -1.371013 -0.477976 -2.100570
v -1.602016 -0.419397 -2.113087
v -1.591141 -0.561388 -2.107088
v 2.388523 -0.344755 -2.071280
v -1.994519 -1.933022 -2.125637
v 0.461722 -1.614991 -2.128177
v 0.135823 -1.624548 -2.062064
v 0.034062 -1.533151 -2.085560
v 0.252444 -1.739047 -2.007124
v 0.109906 -1.779029 -2.099780
v -0.751736 -1.920570 -2.048270
v -0.814138 -2.005017 -2.055841
v -0.935888 -1.752764 -2.119490
v -1.047758 -1.605914 -2.125293
v 1.828404 -1.917796 -2.046333
v 1.740615 -1.953628 -2.034515
v 1.751576 -2.100616 -2.048487
v 1.650026 -1.598686 -2.074806
v 1.753154 -1.603500 -2.045257
v 1.752979 -1.825126 -2.009961
v 1.695984 -1.766425 -2.032887
v 1.178883 -1.662572 -2.083815
v 0.775645 -1.571957 -2.021316
v 0.743993 -1.517304 -2.010375
v 0.747471 -1.815429 -2.049742
v -0.064429 -1.812628 -2.121791
v -0.137050 -1.853967 -2.094031
v -0.549023 -1.664177 -2.086499
v -0.353684 -1.852962 -2.057694
v -1.733966 -1.668974 -2.056487
v 2.397451 -2.039031 -2.110535
v 2.403159 -1.563874 -2.110405
v 2.246429 -1.620192 -2.006403
v 2.162833 -1.532134 -2.049851
v 2.374950 -1.754404 -2.065212
v -1.960472 -3.437843 -2.127619
v 0.134364 -2.818348 -2.096498
v -0.877657 -3.209567 -2.101876
v -0.756225 -3.311316 -2.047910
v -0.756650 -2.845539 -2.012995
v -1.121759 -2.979277 -2.102453
v 1.361667 -2.879406 -2.061302
v 1.477404 -2.915796 -2.099736
v 1.498161 -3.030885 -2.090307
v 1.052804 -3.095767 -2.110151
v 1.116382 -2.848589 -2.105289
v 1.249730 -2.979743 -2.038801
v 0.742439 -2.941128 -2.008540
v 0.757412 -3.004187 -2.020447
v -0.134872 -3.027698 -2.101398
v -0.582843 -2.901494 -2.101864
v -0.344185 -3.054493 -2.085669
v -1.246255 -3.310402 -2.043158
v -1.351488 -2.977954 -2.055596
v -1.751161 -2.891843 -2.049141
v -1.864008 -2.912462 -2.101069
v 2.246107 -3.096582 -2.006374
v 2.246352 -3.320026 -2.040109
v 2.384019 -3.240300 -2.070743
v 2.433285 -2.884843 -2.120633
v 1.996132 -3.050560 -2.122362
v 2.070101 -2.899108 -2.080304
v -2.109949 -4.506150 -2.099835
v -1.999019 -4.438772 -2.087642
v -1.882977 -4.551917 -2.068302
v -1.996937 -4.582026 -2.111269
v 0.382320 -4.419659 -2.109424
v 0.426775 -4.625406 -2.107868
v 0.574864 -4.568796 -2.120249
v 0.604486 -4.028421 -2.107123
v 0.494670 -4.141748 -2.089735
v -0.880216 -4.144585 -2.067313
v -0.670058 -4.206075 -2.071827
v -0.747209 -4.012180 -2.047747
v 1.625967 -4.108523 -2.097689
v 1.744918 -4.027047 -2.005774
v 1.758232 -4.269199 -2.046740
v 1.445623 -4.262276 -2.111723
v 1.549819 -4.388251 -2.110161
v 1.118156 -4.275135 -2.099157
v 1.142105 -4.095449 -2.060445
v 0.742906 -4.221556 -2.042785
v 0.866269 -4.070974 -2.100411
v 0.866022 -4.324744 -2.094012
v -0.145051 -4.678298 -2.092388
v -0.168098 -4.158094 -2.046762
v -0.066877 -4.264377 -2.081561
v -0.551756 -4.265710 -2.117988
v -1.380790 -4.576527 -2.102409
v -1.337895 -4.189165 -2.082634
v -1.462940 -4.262615 -2.086091
v -1.634846 -4.100209 -2.061612
v 2.247877 -4.610757 -2.006905
v 2.432679 -4.373627 -2.120541
v 2.246399 -4.255401 -2.046476
v 2.154524 -4.228065 -2.091276
v 2.080036 -4.173155 -2.110914
v 2.244922 -4.997290 -2.050588
v 2.146763 -2.419839 -2.084644
v 2.379601 -3.790276 -2.097538
v 2.247596 -0.920034 -2.007668
v 2.368367 -0.747759 -2.102689
v 2.137896 -1.246998 -2.099472
v -1.360821 -5.065888 -2.061177
v -1.731473 -4.897348 -2.050270
v -1.249037 -2.751808 -2.048838
v -1.382164 -2.714900 -2.105395
v -1.456213 -3.787517 -2.120947
v -1.342561 -3.928561 -2.089892
v -1.455594 -3.378786 -2.114797
v -1.344466 -3.680076 -2.053493
v -1.459531 -3.562395 -2.086683
v -1.249409 -1.464502 -2.043210
v -1.346027 -1.465610 -2.079415
v -1.391011 -1.090923 -2.104289
v -1.623471 -0.974097 -2.106801
v -1.728636 -1.126587 -2.045788
v -1.749169 -1.029734 -2.047016
v -0.090797 -1.423907 -2.077883
v -0.250313 -1.285925 -2.010726
v -0.099492 -1.193204 -2.107639
v -0.501087 -1.032186 -2.090443
v -0.612720 -0.941553 -2.071383
v -0.252321 -3.366200 -2.007648
v 0.029526 -2.475657 -2.125459
v -0.137620 -2.488142 -2.099013
v -0.355886 -2.242561 -2.099309
v -0.462697 -2.232333 -2.119737
v -0.254071 -5.030289 -2.040315
v -0.135237 -5.250278 -2.101892
v -0.348139 -4.942644 -2.091698
v 1.065597 -1.376632 -2.118116
v 0.947345 -1.024804 -2.085729
v 0.797132 -0.887086 -2.030826
v 0.871660 -1.177541 -2.099007
v 1.132085 -3.779989 -2.101959
v 1.128376 -3.346229 -2.066232
v 1.153748 -3.593597 -2.087027
v 1.035127 -3.584690 -2.127570
v 0.902516 -3.551658 -2.112507
v 0.823395 -3.770545 -2.042694
v 1.031113 -2.507481 -2.087890
v 1.248088 -2.751263 -2.006215
v 1.179215 -2.666322 -2.042328
v 1.127400 -2.276497 -2.106371
v 1.142936 -2.479465 -2.084432
v 0.743847 -2.227479 -2.007719
v 1.250630 -5.250216 -2.043279
v 1.178878 -4.897389 -2.042059
v 0.875862 -4.968876 -2.106627
v 0.767129 -4.972612 -2.049701
v 1.747924 -1.356083 -2.046634
v 1.613201 -0.944311 -2.072543
v 1.743853 -0.884119 -2.045182
v 1.676414 -1.025358 -2.042840
v 1.754727 -1.127286 -2.008868
v 1.754779 -3.841725 -2.043621
v 1.626958 -3.887822 -2.065791
v 1.755720 -3.567094 -2.049055
v 1.251103 -3.486140 -2.005767
v 1.722663 -2.476675 -2.025635
v 1.748189 -2.548635 -2.005015
v 1.858127 -2.680483 -2.058945
v 1.748782 -2.661454 -2.029536
v 1.491448 -2.111559 -2.115869
v 1.437620 -2.219182 -2.081569
v 1.745903 -5.250333 -2.046516
v 1.764226 -4.647515 -2.040755
v 1.686539 -4.696150 -2.040079
v 1.751539 -4.907489 -2.027704
v 1.745967 -4.789072 -2.006687
v 1.592294 -4.799644 -2.105943
v 1.397857 -4.807206 -2.113277
v -0.879996 -5.047481 -2.096371
v -0.613309 -5.144379 -2.069995
v -0.588267 -5.012487 -2.105136
v -0.807178 -4.918802 -2.034769
v -1.179232 -4.780075 -2.076744
v -0.983766 -4.757210 -2.089193
v -0.665224 -2.246575 -2.050948
v -0.729682 -2.212014 -2.019850
v -0.844934 -2.355418 -2.091637
v -0.749690 -2.435367 -2.049263
v -0.938969 -2.439911 -2.119681
v -1.054973 -2.368488 -2.116207
v -0.622472 -3.957361 -2.105676
v -0.912576 -3.400463 -2.077679
v -1.136307 -3.508862 -2.102438
v -0.987237 -3.653494 -2.129383
v -0.828860 -1.258480 -2.071742
v -0.747639 -1.289786 -2.042530
v -0.827854 -1.375871 -2.048368
v -0.752651 -1.049858 -2.047514
v -1.006972 -1.089904 -2.115246
v -1.146674 -1.122466 -2.058831
v 0.437571 -4.926905 -2.098836
v 0.369434 -2.558775 -2.063468
v 0.492799 -2.692322 -2.090673
v 0.521410 -2.272144 -2.127914
v 0.476997 -2.470854 -2.119165
v 0.097334 -2.104566 -2.104674
v -0.045398 -2.154745 -2.086457
v 0.501649 -3.406957 -2.087750
v 0.560413 -3.248655 -2.115819
v 0.137148 -3.539051 -2.094083
v 0.250534 -3.779837 -2.027246
v 0.128367 -1.118392 -2.094526
v -1.929977 -1.379579 -2.120940
v -2.093444 -1.317127 -2.117067
v -2.160460 -0.898674 -2.051353
v -1.987518 -0.880096 -2.118629
v -2.006824 -1.035082 -2.091310
v -2.061654 -1.152349 -2.110461
v -2.087741 -4.002033 -2.117120
v -1.951580 -3.777997 -2.086758
v -1.910533 -3.970873 -2.102507
v -2.091886 -3.478394 -2.106852
v -1.954599 -2.734069 -2.125102
v -2.079900 -2.684526 -2.120198
v -2.025887 -2.482617 -2.111645
v -2.399370 -4.742383 -2.074523
v -2.248747 -4.769016 -2.030938
v -2.122451 -2.262834 -2.066942
v -2.155249 -2.440655 -2.087726
v -2.244207 -2.707290 -2.033987
v -2.247045 -1.091384 -2.045371
v -2.150173 -1.352493 -2.090997
v 0.048739 -1.159577 -2.123920
v 0.058190 -3.672274 -2.084327
v 0.112479 -2.297635 -2.069175
v 0.363160 -2.386204 -2.088044
v 0.331671 -2.748972 -2.081266
v 0.387618 -5.250322 -2.108741
v -1.139656 -1.334308 -2.094624
v -0.875652 -1.053320 -2.106100
v -1.097104 -3.745211 -2.105991
v -1.151855 -2.470439 -2.055919
v -1.249272 -2.387983 -2.006767
v 1.652028 -5.250323 -2.084537
v 1.249335 -2.371530 -2.049815
v 1.598385 -2.640087 -2.109376
v 1.324013 -1.125968 -2.084029
v 1.611733 -1.452409 -2.105802
v 0.972405 -5.250285 -2.113980
v 0.673586 -2.400711 -2.080975
v 0.974440 -3.761873 -2.111897
v 1.005027 -3.958931 -2.088197
v 0.581819 -1.158061 -2.111005
v 0.991155 -1.221315 -2.114579
v 1.002397 -1.506738 -2.125088
v -0.139642 -4.924440 -2.059669
v -0.253356 -5.250305 -2.043791
v -0.255064 -2.429161 -2.040419
v -0.162352 -2.735949 -2.050263
v -0.252385 -2.651968 -2.008620
v -0.631430 -1.157169 -2.100015
v -0.253842 -0.992235 -2.045409
v -1.862618 -1.156469 -2.060553
v -1.554502 -1.234418 -2.116649
v -1.518660 -2.664884 -2.113529
v 2.248685 -1.258979 -2.049922
v 1.877867 -3.655404 -2.100919
v 1.935105 -2.461281 -2.120134
v 2.245735 -2.677211 -2.049438
v 2.246572 -5.250375 -2.028135
v -1.751654 -4.225268 -2.047252
v -0.253394 -4.317741 -2.043170
v 0.978094 -4.162333 -2.122355
v 1.249817 -4.235836 -2.006131
v 1.601024 -4.622127 -2.073282
v 0.319235 -4.684374 -2.041585
v -2.116178 -4.723962 -2.110946
v 2.157589 -2.995770 -2.051206
v -0.359212 -3.243439 -2.058805
v -0.930379 -2.942282 -2.119603
v 0.368533 -3.267639 -2.064554
v -2.246701 -3.064452 -2.046268
v 2.003540 -1.645995 -2.126012
v 1.884431 -1.577673 -2.110853
v -1.861716 -1.810574 -2.062168
v -0.252533 -1.658383 -2.048840
v -0.253242 -1.950500 -2.005429
v -0.383870 -2.000051 -2.098786
v 0.621020 -1.804841 -2.106312
v 1.623017 -2.213758 -2.098229
v -0.859631 -1.757748 -2.100437
v 0.024404 -1.861022 -2.126434
v 0.379141 -1.644228 -2.102317
v 0.380657 -1.866142 -2.068377
v 2.243536 -0.516275 -2.051931
v 2.245754 -0.655566 -2.044262
v -1.751939 -0.419097 -2.041907
v -1.458755 -0.606531 -2.123934
v -0.564280 -0.473853 -2.110323
v -0.254890 -0.379821 -2.039427
v 1.000822 -0.891033 -2.117525
v 1.609017 -0.722433 -2.109404
v -0.881667 -0.490462 -2.100741
v 0.345085 -0.732998 -2.094028
v -2.125196 -0.494351 -2.103132
v 0.063871 -0.689463 -2.111580
v 0.742260 -0.821366 -2.010011
v -0.551129 -0.824634 -2.112174
v -0.631556 -0.738462 -2.093157
v -1.764289 -0.742886 -2.044236
v 1.908272 -0.875895 -2.115911
v 1.249554 -2.038902 -2.005224
v -1.870269 -2.034774 -2.098606
v 1.942013 -2.216391 -2.110933
v 1.899004 -1.992889 -2.072810
v -2.500370 -3.274715 -2.086870
v -1.756688 -3.280541 -2.006481
v 0.093985 -4.692773 -2.112906
v -1.251442 -4.481164 -2.006585
v -0.619876 -4.697805 -2.107316
v 1.905654 -4.700295 -2.113940
v 2.004273 -5.250424 -2.114078
v 2.024243 -5.121871 -2.085898
v 1.893634 -5.250000 -2.110889
v 1.992350 -2.802529 -2.088962
v 1.970010 -4.081684 -2.117655
v 2.020520 -1.396104 -2.088606
v 1.883879 -1.255541 -2.069440
v -1.752095 -5.131030 -2.047171
v -1.753667 -5.250582 -2.032563
v -1.846478 -5.065406 -2.088895
v -1.748372 -2.722477 -2.031160
v -1.896804 -2.637699 -2.102419
v -1.751341 -3.983190 -2.008024
v -1.756710 -4.078575 -2.028927
v -0.520587 -5.250361 -2.084413
v 0.742847 -5.151643 -2.009637
v 1.356963 -4.125360 -2.092362
v -1.117738 -5.250426 -2.084196
v -1.153883 -2.685734 -2.088382
v -1.146869 -1.601865 -2.090047
v -2.448987 -4.001927 -2.083282
v -2.500213 -3.966954 -2.086971
v -2.500203 -2.613934 -2.088304
v 1.249502 -3.914962 -2.046695
v 1.329112 -1.401039 -2.046338
v 0.751293 -5.250353 -2.019359
v -0.522574 -2.714633 -2.127914
v 1.248700 -4.573891 -2.045647
v -1.118679 -2.127043 -2.109186
v -1.249088 -1.929965 -2.041505
v 1.946504 -0.768024 -2.109191
v -2.382267 -0.698817 -2.071285
v -0.250362 -0.592545 -2.008767
v -1.488074 -0.836731 -2.090546
v -1.755815 -0.580350 -2.007693
v -2.099964 -1.613223 -2.074152
v -2.155801 -1.764517 -2.086562
v -1.169015 -1.778481 -2.047040
v -1.473792 -1.968934 -2.118669
v 2.145199 -1.786750 -2.097814
v 0.422595 -3.335345 -2.078254
v 0.248907 -3.134367 -2.009562
v 0.070949 -3.120321 -2.106036
v 1.353204 -3.127995 -2.096799
v -1.249928 -4.144953 -2.047473
v -1.127946 -4.203997 -2.105436
v -1.467649 -4.607196 -2.126060
v -1.539125 -4.187247 -2.085555
v -1.880081 -4.267569 -2.105806
v 2.055700 -2.263299 -2.102839
v 2.377561 -4.000019 -2.066327
v -0.437745 -2.460951 -2.082596
v 0.753904 -1.044115 -2.044032
v 0.626596 -3.537491 -2.064908
v 0.579810 -3.630708 -2.100063
v 0.746112 -3.671081 -2.009105
v -0.876081 -4.854082 -2.066717
v -1.249757 -4.836005 -2.045270
v -1.249669 -3.550204 -2.039125
v -0.924108 -1.504626 -2.111520
v 0.377846 -5.008787 -2.104293
v 0.362819 -3.489293 -2.094932
v -2.117928 -3.631068 -2.070322
v -2.008183 -2.354716 -2.088547
v -2.093459 -5.250204 -2.107105
v -2.246797 -4.888800 -2.008818
v -2.387462 -4.566568 -2.101652
v -2.247755 -2.462579 -2.048503
v -1.903905 -2.230200 -2.112043
v -2.246922 -0.816851 -2.005460
v -2.362476 -1.080080 -2.101970
v -1.970403 -1.183348 -2.107627
v 0.176346 -0.985412 -2.044950
v 0.246383 -0.889609 -2.036511
v 0.253480 -1.045889 -2.007812
v 0.468042 -0.905077 -2.128137
v 0.604897 -0.918727 -2.108844
v 0.358156 -0.965174 -2.089666
v 0.527602 -1.316864 -2.088486
v 0.393413 -1.182332 -2.072874
v 0.489667 -3.619888 -2.120277
v 0.459573 -3.771631 -2.125674
v 0.606477 -3.827091 -2.111852
v 0.339243 -3.709542 -2.088558
v 0.418286 -3.876812 -2.106006
v 0.380680 -2.223767 -2.108935
v 0.249839 -2.256388 -2.039073
v -0.016266 -2.012836 -2.115308
v 0.592268 -2.547050 -2.112127
v 0.251668 -4.998208 -2.050121
v -0.016725 -4.760358 -2.127819
v 0.562466 -4.955552 -2.084259
v -0.983573 -0.778567 -2.119497
v -0.976529 -0.922760 -2.129215
v -1.249986 -0.843220 -2.036304
v -0.701012 -1.538128 -2.032659
v -0.939829 -1.307353 -2.083232
v -1.028460 -3.438990 -2.111527
v -0.735966 -3.435354 -2.038759
v -0.767057 -3.665852 -2.036502
v -1.250630 -2.144768 -2.043274
v -0.643626 -2.608591 -2.097646
v -0.774687 -2.708474 -2.040269
v -0.602647 -2.496740 -2.105707
v -0.869469 -2.525850 -2.097474
v -0.756355 -4.750599 -2.046929
v 1.534117 -2.334640 -2.088670
v 1.484979 -2.575712 -2.129681
v 1.742458 -2.298095 -2.046324
v 1.851839 -2.242821 -2.096562
v 1.835604 -2.447481 -2.078323
v 1.373397 -3.372158 -2.101366
v 1.809945 -3.369694 -2.039278
v 1.726933 -3.441796 -2.048720
v 1.730075 -3.797333 -2.048923
v 1.378800 -0.955358 -2.100549
v 1.763716 -1.010107 -2.035572
v 1.743695 -1.203531 -2.027771
v 1.625616 -1.227578 -2.101907
v 1.504243 -1.232895 -2.128516
v 0.743879 -4.819108 -2.052571
v 1.093642 -4.801280 -2.075070
v 1.247093 -4.765000 -2.038057
v 1.022684 -4.720519 -2.087355
v 1.248613 -4.981507 -2.004801
v 1.151001 -2.117727 -2.085178
v 0.974534 -2.130487 -2.128662
v 0.749188 -3.442015 -2.044648
v 0.873410 -3.372336 -2.103370
v -0.338727 -2.530656 -2.054268
v -0.253932 -2.205468 -2.043668
v -0.119175 -2.272166 -2.099558
v -0.043373 -2.540036 -2.125796
v -0.428312 -3.507431 -2.120879
v -0.058341 -3.554133 -2.084541
v -0.092160 -3.755303 -2.113940
v -0.424629 -0.868056 -2.116198
v -0.344878 -0.991020 -2.084381
v -0.101130 -0.727713 -2.074277
v -0.133404 -0.933806 -2.099820
v -1.249452 -1.028179 -2.003718
v -1.249567 -1.269235 -2.042314
v -1.431682 -1.267236 -2.121460
v -1.359291 -3.378744 -2.098154
v -1.250874 -3.777289 -2.006216
v -1.753296 -2.156238 -2.047383
v -1.494275 -2.449825 -2.128544
v -1.553871 -5.062842 -2.111224
v 2.114014 -1.004160 -2.105688
v 2.010403 -1.025532 -2.127074
v 2.385588 -1.043934 -2.070472
v 2.499895 -0.979116 -2.117625
v 2.499981 -1.454906 -2.126256
v 2.387393 -1.292740 -2.106161
v 2.499909 -3.796575 -2.128427
v 2.399950 -2.256531 -2.111075
v 2.499969 -2.234335 -2.127762
v 2.247192 -2.161279 -2.036390
v 2.500161 -2.623207 -2.086291
v 2.396238 -2.718840 -2.106657
v 2.500100 -2.452606 -2.114123
v 2.120442 -4.880783 -2.106918
v 2.159241 -4.754333 -2.086219
v 2.499650 -4.705242 -2.118064
v 2.500005 -5.250254 -2.126866
v 2.500086 -4.903021 -2.085661
v 2.500117 -4.132900 -2.087129
v 2.500022 -4.042349 -2.100960
v 2.371322 -4.408817 -2.105006
v 2.499924 -4.538880 -2.128697
v -1.359696 -4.370312 -2.059949
v -0.466236 -4.276674 -2.126138
v 0.979556 -4.369720 -2.125975
v 1.458659 -4.035906 -2.125833
v -0.780100 -4.220600 -2.024200
v -0.883467 -4.339134 -2.099684
v 0.442072 -4.072058 -2.084136
v -2.249147 -4.077883 -2.030318
v -1.963177 -4.084102 -2.126380
v -2.138217 -4.142212 -2.086934
v 2.139157 -2.771591 -2.090443
v 2.499975 -2.954768 -2.127455
v -0.054312 -3.009361 -2.108353
v 0.923695 -2.669884 -2.118044
v 0.702923 -2.864494 -2.034017
v 1.250141 -3.198871 -2.044567
v 1.133924 -3.127240 -2.096759
v 1.890878 -3.188342 -2.108244
v 1.664375 -3.174239 -2.051135
v 0.253679 -2.775957 -2.048232
v 0.045214 -2.761982 -2.112585
v 0.459351 -3.163393 -2.117517
v 0.626522 -3.210798 -2.105850
v 0.250470 -3.030396 -2.030303
v -2.248669 -2.808888 -2.005878
v 2.086392 -1.656923 -2.108577
v 2.500090 -1.885066 -2.086465
v 2.244680 -1.913397 -2.047838
v -1.250646 -1.698044 -2.003850
v -1.341414 -1.792948 -2.080722
v -1.372730 -1.926723 -2.106161
v -1.531341 -1.772901 -2.128832
v -1.607094 -1.882138 -2.100778
v -0.454086 -1.528242 -2.121315
v -0.130193 -1.601179 -2.098343
v -0.005928 -1.650826 -2.114954
v 0.934448 -1.698552 -2.084513
v 0.873183 -1.818219 -2.092588
v 1.248772 -1.708670 -2.050069
v 1.099095 -1.614988 -2.110017
v 1.133349 -1.921079 -2.062614
v 1.463544 -1.674589 -2.109020
v -0.755706 -1.653055 -2.043388
v -0.605474 -2.030495 -2.111896
v 0.251290 -1.606591 -2.033788
v 0.368545 -1.416672 -2.100120
v 0.600749 -2.086843 -2.072430
v -2.244400 -1.494080 -2.008514
v -1.988947 -1.712642 -2.088898
v -2.116640 -2.001430 -2.108970
v -2.247250 -1.808849 -2.048325
v 1.982343 -0.250304 -2.127857
v 2.110276 -0.250281 -2.102089
v 1.854474 -0.250369 -2.095923
v 1.962735 -0.419516 -2.118490
v 2.382317 -0.455310 -2.092279
v 2.422129 -0.250195 -2.100100
v 2.249931 -0.250150 -2.013075
v 2.307044 -0.250217 -2.033139
v 2.499871 -0.730854 -2.128135
v -1.749474 -0.250334 -2.047337
v -1.574686 -0.250203 -2.109499
v -1.865304 -0.250383 -2.100131
v -1.252426 -0.645256 -2.046723
v -1.250090 -0.250360 -2.025470
v -1.375871 -0.249903 -2.064228
v -1.471556 -0.250129 -2.102849
v -1.371401 -0.670898 -2.102559
v -0.352426 -0.485734 -2.056594
v -0.473210 -0.250101 -2.109546
v -0.375531 -0.250628 -2.101659
v -0.619185 -0.250043 -2.066449
v -0.093581 -0.250157 -2.110009
v -0.129113 -0.454144 -2.102577
v -0.248403 -0.250292 -2.047072
v 0.749192 -0.398677 -2.048652
v 0.866915 -0.249496 -2.063775
v 0.749564 -0.250238 -2.024812
v 1.249998 -0.400003 -2.039126
v 1.249443 -0.925666 -2.049624
v 1.402313 -0.250291 -2.103254
v 1.432104 -0.468331 -2.122968
v 1.492092 -0.250244 -2.104225
v 1.255784 -0.250339 -2.050588
v 1.592757 -0.249699 -2.074803
v 1.631686 -0.524717 -2.097709
v 1.521668 -0.481217 -2.127289
v -1.112474 -0.250426 -2.108816
v -0.992419 -0.378391 -2.120457
v -0.940426 -0.250319 -2.123223
v -0.746307 -0.250120 -2.027900
v -0.742989 -0.328817 -2.044083
v 0.252935 -0.677932 -2.047248
v 0.139317 -0.250073 -2.058233
v 0.248537 -0.250285 -2.027196
v 0.253491 -0.365297 -2.006913
v 0.012044 -0.250348 -2.106255
v 0.102705 -0.431838 -2.106240
v 0.578765 -0.250348 -2.119216
v 0.471948 -0.250325 -2.126964
v -2.245500 -0.405895 -2.044182
v -2.377358 -0.250281 -2.099685
v -2.248812 -0.250308 -2.019968
v -2.499974 -0.250324 -2.128154
v -2.001452 -0.250180 -2.112796
v -2.147105 -0.249988 -2.055227
v -2.056262 -0.637113 -2.124167
v -2.115408 -0.747331 -2.102504
v -2.249323 -0.697992 -2.033237
v 1.350216 -0.500116 -2.089791
v 1.344761 -0.716513 -2.054324
v 0.744477 -0.602963 -2.047803
v 0.771504 -0.699911 -2.045226
v -0.548692 -0.678491 -2.125288
v -1.746446 -0.819388 -2.048452
v -1.523257 -0.762124 -2.090655
v 2.141502 -0.591264 -2.090663
v 2.058958 -0.454100 -2.121098
v -2.243526 -2.028507 -2.034361
v -0.626690 -1.768223 -2.093942
v -1.640375 -2.026411 -2.059046
v 2.074653 -3.182087 -2.117617
v 0.097956 -4.184066 -2.112647
v 1.973197 -4.521061 -2.121031
v 2.147867 -5.250316 -2.057184
v 1.939126 -5.007609 -2.083728
v 2.116225 -2.576810 -2.110536
v 2.023579 -2.553559 -2.126567
v 1.959025 -3.780462 -2.121335
v -1.618119 -2.519730 -2.100900
v -1.743495 -2.422722 -2.043663
v -1.748307 -3.741535 -2.046254
v -0.489837 -1.240616 -2.120046
v -0.492372 -5.002075 -2.124882
v 0.758107 -2.415016 -2.039774
v -0.984616 -2.630162 -2.086790
v -1.080417 -2.550984 -2.079231
v -1.029016 -1.219377 -2.089200
v -2.249495 -1.329517 -2.036460
v -2.381293 -3.855473 -2.102474
v -2.246071 -5.123575 -2.042223
v -0.606427 -1.374925 -2.110057
v -1.678640 -2.848256 -2.072483
v 2.110013 -2.196999 -2.070258
v -2.397448 -1.902894 -2.093509
v -2.500077 -1.930552 -2.084169
v 1.084151 -0.454678 -2.078985
v -2.391016 -1.755042 -2.110862
v -2.015943 -3.052154 -2.088105
v -2.499991 -3.574609 -2.127875
v 0.616187 -4.815687 -2.097896
v -1.812383 -2.412497 -2.060742
v 1.014192 -1.798223 -2.087103
v 1.039347 -1.740113 -2.098095
v 1.868639 -0.524780 -2.062947
v 0.674017 -2.721508 -2.068897
v -2.411822 -5.079970 -2.116871
v 0.064214 -5.250339 -2.096895
v 0.626170 -5.250303 -2.098631
v -1.892113 -5.250124 -2.068830
v 0.691469 -2.161134 -2.036589
v -2.434171 -1.985067 -2.080842
v -1.862343 -0.933005 -2.096773
v 0.699490 -0.767621 -2.034304
v -2.499901 -0.398590 -2.124953
v -0.862804 -0.858875 -2.086935
v -1.162335 -0.440958 -2.050180
v 0.947252 -0.509468 -2.112540
v -1.532561 -0.991286 -2.121358
v -2.499983 -1.741831 -2.119634
v 0.376893 -2.046064 -2.095934
v -0.924075 -1.998021 -2.080649
v -0.920306 -2.169145 -2.106778
v 1.569241 -1.666923 -2.083008
v 1.621391 -1.859885 -2.092463
v 1.588895 -3.321605 -2.109696
v 0.946418 -3.368488 -2.114434
v -1.500799 -3.007607 -2.116263
v -1.789029 -3.080026 -2.053789
v 1.950330 -4.263214 -2.086774
v 1.881090 -1.049849 -2.099214
v -1.590390 -3.665775 -2.112945
v 1.055820 -2.567010 -2.086894
v 1.556245 -4.047660 -2.118366
v -0.888806 -2.724396 -2.068810
v 0.070154 -4.927879 -2.113903
v 0.438354 -2.876471 -2.118079
v -2.499982 -1.069174 -2.120964
v -2.499878 -2.396644 -2.122568
v -2.376916 -2.342096 -2.106648
v -1.925017 -5.007187 -2.112318
v -2.245916 -2.148374 -2.007185
v -2.030343 -2.147832 -2.119791
v -2.148291 -1.057890 -2.082458
v 0.253333 -1.331411 -2.048270
v 0.005329 -3.468409 -2.113812
v 0.510796 -4.661016 -2.122107
v 0.519407 -5.250278 -2.126819
v -0.907603 -3.557878 -2.101928
v -1.003221 -2.166865 -2.123004
v 1.461746 -4.702490 -2.120433
v 1.341190 -2.127884 -2.053205
v 1.519090 -1.029708 -2.111619
v 1.124283 -4.630209 -2.097235
v 1.112588 -3.898533 -2.098053
v -0.052578 -5.026801 -2.085160
v -0.557841 -2.351832 -2.082620
v -0.060987 -4.119421 -2.107501
v -0.037145 -1.230225 -2.122911
v -1.358159 -0.929656 -2.059149
v -1.621077 -2.349124 -2.107514
v -1.391271 -2.429615 -2.101399
v -1.449780 -2.178623 -2.086969
v -1.365007 -2.282906 -2.061378
v -1.369648 -2.096412 -2.093313
v -1.511301 -2.256706 -2.107138
v -1.333988 -5.250293 -2.070868
v -1.447170 -5.250158 -2.122943
v 2.005789 -1.198826 -2.116682
v 2.500175 -1.168262 -2.086903
v 2.362504 -4.143736 -2.086615
v -1.628847 -4.355598 -2.100412
v -1.505676 -4.370615 -2.114689
v -1.014865 -4.192435 -2.118328
v 0.491340 -4.349273 -2.119569
v -2.009434 -4.248338 -2.117173
v 2.430386 -3.348021 -2.089329
v 0.535136 -2.992726 -2.122617
v 0.554831 -2.760057 -2.085422
v -2.005010 -2.908617 -2.112335
v -1.627166 -1.596982 -2.100334
v -1.880008 -1.568890 -2.103570
v -1.750882 -1.554547 -2.049275
v -1.359877 -1.598997 -2.059539
v -1.445343 -1.673576 -2.109249
v -0.350477 -1.665945 -2.086624
v -0.140213 -2.058055 -2.058397
v 1.013942 -1.974937 -2.118177
v 0.559354 -1.866824 -2.110711
v 0.514297 -1.995968 -2.087955
v -2.007978 -1.519721 -2.118008
v -1.249602 -0.375390 -2.006577
v 1.249039 -0.594420 -2.007375
v -0.746382 -0.707758 -2.031288
v 0.467561 -0.422100 -2.113373
v 0.469283 -0.572576 -2.086247
v 0.431145 -0.704862 -2.108541
v 0.553152 -0.647111 -2.083798
v -2.361152 -0.439254 -2.100640
v -1.109988 -0.793227 -2.112730
v 0.254181 -1.994578 -2.043021
v 1.527252 -1.882504 -2.126927
v 1.371071 -1.797837 -2.106261
v -2.499956 -3.105978 -2.117598
v 1.435366 -3.163839 -2.115693
v -2.371617 -4.429831 -2.104026
v -2.499894 -4.329782 -2.128645
v 0.772759 -4.614311 -2.045239
v -1.602286 -5.250268 -2.113771
v -1.891483 -2.475270 -2.070545
v 0.749218 -2.591806 -2.051454
v -1.043561 -1.330304 -2.104910
v 0.164208 -1.374004 -2.087193
v 0.067952 -1.372766 -2.113017
v -2.341259 -2.562077 -2.080790
v -2.343774 -5.250285 -2.090200
v -2.251029 -5.250320 -2.047809
v -2.500056 -1.268490 -2.084498
v -1.008472 -4.883923 -2.113857
v 1.968568 -1.845529 -2.119136
v 2.500158 -0.449686 -2.085433
v 2.499962 -0.250355 -2.118063
v 2.500141 -1.707440 -2.115833
v 0.615913 -2.979467 -2.094741
v 2.500009 -3.165648 -2.117728
v 2.500127 -3.367400 -2.085917
v -0.641815 -5.250391 -2.080436
v 0.447052 -1.088656 -2.108865
v 1.354406 -5.250241 -2.081398
v -1.320202 -5.250300 -2.336615
v -2.482570 -0.249906 -2.124914
v 2.477139 -5.250213 -2.125432
v 2.443422 -0.250300 -2.106282
v 2.500000 -0.250300 -2.117600
v -0.020063 -0.250300 -2.109770
v 0.018555 -5.250300 -2.110703
v -1.121231 -0.250300 -2.252045
v -1.313677 -0.250300 -2.048100
v -1.250000 -0.250300 -2.024300
v -1.210900 -5.250300 -2.023999
v -1.250000 -5.250300 -2.010799
v -1.313135 -5.250300 -2.057053
v 0.678687 -5.250300 -2.067245
v 0.603242 -5.250300 -2.105893
v -0.154160 -5.250300 -2.279107
v -0.604292 -5.250300 -2.086056
v 1.895917 -5.250300 -2.107859
v 1.819588 -5.250300 -2.081090
v 1.820203 -0.250300 -2.075886
v 1.896686 -0.250300 -2.110466
v -2.087426 -0.250300 -2.085854
v -2.500000 -3.799189 -2.113468
v -2.500000 -3.606399 -2.127354
v -2.500000 -4.958283 -2.126374
v 1.502752 -0.250300 -2.100709
v 1.595008 -0.250300 -2.072497
v 2.227711 -5.250300 -2.034351
v -1.523400 -5.250300 -2.125299
v -1.580963 -5.250300 -2.116853
v -1.752634 -0.250300 -2.296587
v -2.226685 -0.250300 -2.027004
v -0.273400 -5.250300 -2.053100
v -0.334996 -5.250300 -2.078520
v 0.958256 -5.250300 -2.108651
v 0.917853 -0.250300 -2.085730
v 1.581128 -5.250300 -2.095353
v -1.580653 -0.250300 -2.106719
v 0.334169 -5.250300 -2.077973
v -2.500000 -1.786770 -2.111670
v 2.500000 -1.289316 -2.107758
v 2.500000 -1.159140 -2.084938
v 2.500000 -3.648812 -2.123265
v -2.166303 -5.250300 -2.085291
v -2.500000 -3.301857 -2.090997
v -2.500000 -3.260136 -2.086237
v -2.500000 -4.523637 -2.108016
v -2.500000 -1.929695 -2.083891
v -0.334769 -0.250300 -2.085278
v -0.488478 -0.250300 -2.108014
v -0.680573 -5.250300 -2.068578
v -0.745148 -5.250300 -2.041897
v -0.095757 -5.250300 -2.110601
v -0.172672 -5.250300 -2.084797
v -1.111053 -0.250300 -2.105014
v -1.034008 -0.250300 -2.124894
v -1.115029 -5.250300 -2.083330
v 2.327397 -5.250300 -2.077216
v 2.500000 -2.889384 -2.123078
v 2.500000 -0.336162 -2.106399
v -2.500000 -0.991430 -2.126470
v 2.500000 -3.225776 -2.109801
v 2.048455 -5.250300 -2.099456
v 1.972469 -5.250300 -2.114521
v -1.657071 -5.250300 -2.087155
v -1.755387 -5.250300 -2.030797
v 0.813599 -5.250300 -2.034468
v 0.412164 -0.250300 -2.113316
v 0.488424 -0.250300 -2.126713
v 1.054700 -0.250300 -2.111800
v 1.111411 -0.250300 -2.104172
v 1.423680 -5.250300 -2.088455
v -0.172299 -0.250300 -2.083160
v 2.500000 -3.782429 -2.126513
v 2.500000 -2.594000 -2.089500
v 2.165098 -0.250300 -2.070726
v 2.304700 -0.250300 -2.031100
v 2.366581 -0.250300 -2.071920
v -2.326274 -5.250300 -2.081584
v -2.265600 -5.250300 -2.052000
v -2.500000 -0.459997 -2.114729
v -2.500000 -2.964343 -2.126551
v -0.273400 -0.250300 -2.056300
v -0.234400 -0.250300 -2.052400
v -0.976600 -5.250300 -2.120100
v -1.034301 -5.250300 -2.113472
v 0.996344 -0.250300 -2.109136
v -0.506734 -5.250300 -2.086623
v -0.842777 -0.250300 -2.083539
v -0.745272 -0.250300 -2.026841
v 2.145138 -5.250300 -2.055475
v -2.500000 -1.163653 -2.106194
v 2.500000 -1.560212 -2.125981
v -2.500000 -2.697028 -2.105334
v 1.311502 -0.250300 -2.074610
v -1.388448 -5.250300 -2.098923
v -2.404396 -0.250300 -2.107180
v -0.842660 -5.250300 -2.091263
v -1.820472 -0.250300 -2.080419
v -0.441591 -0.250300 -2.360400
v -0.559828 -0.250300 -2.090608
v -2.500000 -2.070634 -2.112355
v 2.500000 -3.498176 -2.107321
v -1.895460 -5.250300 -2.069793
v -1.974293 -5.250300 -2.099339
v -2.500000 -0.613547 -2.084454
v 2.500000 -4.905899 -2.084150
v 2.088387 -0.250300 -2.107910
v 2.500000 -2.360849 -2.122788
v -0.411311 -0.250300 -2.106385
v -1.656807 -0.250300 -2.088056
v 0.273400 -0.250300 -2.040600
v 0.236766 -0.250300 -2.031240
v -2.326796 -0.250300 -2.069757
v -2.265600 -0.250300 -2.028900
v 2.265600 -5.250300 -2.036399
v -2.500000 -5.129514 -2.120686
v 2.500000 -1.675067 -2.119129
v 2.500000 -0.447556 -2.083681
v 1.718800 -0.250300 -2.043000
v 1.757800 -0.250300 -2.035700
v -1.819410 -5.250300 -2.053710
v -1.895936 -0.250300 -2.105912
v -2.011391 -0.250300 -2.109080
v -1.953100 -0.250300 -2.112600
v 0.546900 -0.250300 -2.122100
v 1.332873 -5.250300 -2.074737
v -1.372281 -0.250300 -2.061837
v 0.094130 -5.250300 -2.084310
v -2.500000 -1.672405 -2.124637
v -2.500000 -1.557820 -2.125778
v 2.500000 -1.443072 -2.124447
v 2.500000 -3.949921 -2.114855
v -2.500000 -4.120480 -2.115489
v 2.500000 -2.631247 -2.085318
v 2.500000 -5.119319 -2.117923
v -2.403241 -5.250300 -2.104017
v -2.500000 -0.326942 -2.126116
v -2.500000 -2.829634 -2.122528
v -0.096062 -0.250300 -2.106028
v 1.186879 -5.250300 -2.077215
v 1.186045 -0.250300 -2.077556
v 0.679692 -0.250300 -2.069761
v 0.742200 -5.250300 -2.022300
v -0.680113 -0.250300 -2.049868
v -2.500000 -4.650920 -2.085078
v 2.500000 -4.506143 -2.126532
v 2.500000 -3.374415 -2.083689
v -2.500000 -3.453635 -2.117044
v -2.500000 -2.223025 -2.126390
v 2.500000 -2.068714 -2.115178
v -2.500000 -1.266135 -2.083610
v 2.500000 -1.891162 -2.084237
v -2.500000 -2.594559 -2.083331
v -2.500000 -2.452407 -2.112034
v 2.500000 -4.131619 -2.084249
v 1.445300 -0.250300 -2.105200
v 1.388108 -0.250300 -2.099385
v -1.465482 -5.250300 -2.122608
v -0.234400 -5.250300 -2.051300
v 1.034584 -5.250300 -2.119265
v 1.111341 -5.250300 -2.107998
v 0.117200 -0.250300 -2.064800
v 0.335583 -0.250300 -2.079968
v 0.789702 -0.250300 -2.037216
v 0.859400 -0.250300 -2.055100
v 1.657308 -5.250300 -2.081520
v 0.411619 -5.250300 -2.112956
v 0.468800 -5.250300 -2.124700
v -2.500000 -3.548786 -2.345006
v -2.500000 -4.404963 -2.122148
v -2.500000 -3.098654 -2.115526
v 2.500000 -2.223858 -2.126487
v 2.031300 -0.250300 -2.122100
v -2.088729 -5.250300 -2.106315
v -2.031300 -5.250300 -2.108000
v -2.500000 -0.799480 -2.118977
v 1.973285 -0.250300 -2.125626
v 2.500000 -0.988268 -2.115524
v 2.500000 -0.816673 -2.126828
v -0.625000 -0.250300 -2.061200
v 0.526328 -5.250300 -2.125391
v 0.603834 -0.250300 -2.106981
v 0.056467 -0.250300 -2.093001
v -0.039100 -5.250300 -2.115999
v -1.187359 -0.250300 -2.066812
v 1.250000 -0.250300 -2.043300
v -2.481035 -5.243190 -2.105701
v 2.500000 -2.773391 -2.110389
v -2.500000 -3.957474 -2.084495
v -2.500000 -1.426659 -2.115248
v 2.500000 -0.566683 -2.106388
v 2.500000 -0.680096 -2.120908
v -2.500000 -2.337800 -2.123954
v 2.500000 -4.375067 -2.120584
v -2.500000 -4.794345 -2.112414
v 1.657968 -0.250300 -2.062859
v -2.148400 -0.250300 -2.053300
v -0.919362 -0.250300 -2.115192
v -0.411155 -5.250300 -2.094464
v 0.885249 -5.250300 -2.078620
v 1.486010 -5.250300 -2.084773
v -0.919435 -5.250300 -2.115927
v -1.523400 -0.250300 -2.107600
v -1.465647 -0.250300 -2.098077
v 0.273400 -5.250300 -2.037999
v 0.234400 -5.250300 -2.026199
v -2.500000 -4.291720 -2.126959
v 2.500000 -2.503933 -2.106559
v 2.226600 -0.250300 -2.028800
v 2.265600 -0.250300 -2.016900
v -2.226600 -5.250300 -2.056700
v 0.155928 -5.250300 -2.049237
v 0.742200 -0.250300 -2.027400
v 1.754768 -5.250300 -2.045851
v -1.755113 -0.250300 -2.046820
v -0.976600 -0.250300 -2.125300
v 2.500000 -4.260848 -2.106654
v 2.500000 -4.678465 -2.119680
v 1.250000 -5.250300 -2.039599
vn -0.5797 -0.5794 -0.5730
vn -0.0000 0.7071 -0.7071
vn 0.5800 -0.5793 -0.5728
vn 0.5773 0.5773 -0.5774
vn -0.5784 0.5783 -0.5752
vn -0.0000 -1.0000 -0.0000
vn 1.0000 -0.0000 -0.0000
vn -0.0000 1.0000 -0.0000
vn -0.4259 -0.0277 0.9043
vn -0.3910 0.0207 0.9202
vn -0.5048 -0.1274 0.8538
vn 0.1948 -0.1531 0.9688
vn 0.2187 -0.0642 0.9737
vn 0.1805 -0.1456 0.9727
vn -0.3241 -0.0482 0.9448
vn -0.0659 0.0019 0.9978
vn -0.3427 -0.0341 0.9388
vn -0.3550 -0.0199 0.9346
vn -0.3552 -0.0200 0.9346
vn -0.3551 -0.0199 0.9346
vn -0.3755 -0.0039 0.9268
vn -0.3668 -0.0360 0.9296
vn -0.3634 -0.0069 0.9316
vn -0.1641 -0.0355 0.9858
vn -0.0965 -0.1280 0.9871
vn -0.0850 -0.1436 0.9860
vn -0.0342 0.1126 0.9931
vn -0.0468 0.0526 0.9975
vn 0.0013 0.1418 0.9899
vn -0.4514 0.0192 0.8921
vn -0.3426 -0.1388 0.9292
vn -0.3425 -0.1388 0.9292
vn -0.0010 -0.0879 0.9961
vn -0.4962 -0.0847 0.8640
vn -0.3900 -0.0090 0.9208
vn -0.0676 -0.1614 0.9846
vn -0.0438 -0.1751 0.9836
vn -0.1244 -0.1338 0.9832
vn -0.2477 0.1525 0.9568
vn -0.2582 0.1653 0.9518
vn -0.2739 0.1882 0.9432
vn -0.3505 -0.1407 0.9259
vn -0.3510 -0.1409 0.9257
vn -0.2636 -0.1265 0.9563
vn -0.2635 -0.1265 0.9563
vn -0.4814 -0.1381 0.8656
vn -0.4812 -0.1480 0.8641
vn -0.4804 -0.1147 0.8695
vn -0.4688 -0.1246 0.8745
vn -0.3657 -0.0271 0.9303
vn -0.4408 -0.0473 0.8964
vn 0.2894 -0.1254 0.9489
vn 0.3350 -0.0741 0.9393
vn 0.3672 -0.0382 0.9293
vn -0.1220 -0.1309 0.9839
vn -0.1091 -0.0248 0.9937
vn -0.1636 0.1224 0.9789
vn -0.0690 0.0358 0.9970
vn -0.3756 0.0729 0.9239
vn -0.2867 0.1184 0.9507
vn -0.3557 0.0845 0.9308
vn -0.4458 -0.1512 0.8823
vn -0.4460 -0.1515 0.8821
vn -0.4457 -0.1510 0.8824
vn 0.1190 0.1222 0.9853
vn 0.1190 0.1223 0.9853
vn 0.1187 0.1224 0.9854
vn -0.2387 0.0400 0.9703
vn 0.0439 0.0100 0.9990
vn -0.1001 -0.0082 0.9949
vn 0.1519 -0.1468 0.9774
vn 0.1384 -0.1420 0.9801
vn 0.1383 -0.1407 0.9803
vn 0.6149 -0.0014 0.7886
vn 0.6145 -0.0017 0.7889
vn 0.6147 -0.0016 0.7888
vn 0.4597 0.1028 0.8821
vn 0.5160 0.1004 0.8507
vn 0.4829 0.1220 0.8671
vn 0.1943 -0.1579 0.9681
vn 0.1104 -0.1363 0.9845
vn 0.1753 -0.1498 0.9730
vn 0.4461 0.0717 0.8921
vn 0.4388 0.0580 0.8967
vn 0.4771 0.1328 0.8688
vn 0.4392 0.0729 0.8954
vn 0.2348 0.1591 0.9589
vn 0.1973 0.1841 0.9629
vn -0.3417 -0.1469 0.9283
vn -0.3336 -0.1114 0.9361
vn -0.2413 -0.0224 0.9702
vn 0.4749 0.1464 0.8678
vn 0.4750 0.1465 0.8677
vn 0.4748 0.1462 0.8679
vn 0.4225 0.1129 0.8993
vn 0.4224 0.1130 0.8993
vn 0.4226 0.1127 0.8993
vn 0.2816 -0.0818 0.9560
vn 0.4262 0.1360 0.8943
vn 0.3380 0.0067 0.9411
vn 0.2633 0.1007 0.9594
vn 0.2635 0.1016 0.9593
vn 0.2645 0.1024 0.9589
vn 0.2359 -0.1586 0.9588
vn 0.2130 -0.1255 0.9690
vn 0.1374 -0.1415 0.9804
vn 0.0911 0.1142 0.9893
vn 0.1642 0.1531 0.9745
vn 0.1305 0.1604 0.9784
vn 0.4532 -0.0165 0.8913
vn 0.4529 -0.0164 0.8914
vn -0.4779 0.1047 0.8722
vn -0.4778 0.1048 0.8722
vn -0.4780 0.1045 0.8721
vn -0.4010 0.0232 0.9158
vn -0.3517 0.0787 0.9328
vn -0.2999 0.1306 0.9450
vn -0.4358 -0.0362 0.8993
vn -0.1701 0.0833 0.9819
vn -0.2737 0.1060 0.9560
vn 0.2173 0.0334 0.9755
vn 0.2178 0.0269 0.9756
vn 0.2174 0.0633 0.9740
vn -0.2842 0.1251 0.9506
vn -0.2956 0.1328 0.9461
vn -0.3022 0.1388 0.9431
vn 0.1434 0.0365 0.9890
vn 0.4358 0.0814 0.8963
vn 0.3150 -0.1460 0.9378
vn 0.3150 -0.1458 0.9378
vn 0.3151 -0.1455 0.9378
vn 0.3691 0.0098 0.9293
vn 0.3642 0.0059 0.9313
vn 0.3512 0.0058 0.9363
vn 0.4745 0.1387 0.8692
vn 0.4913 0.1253 0.8619
vn 0.4454 0.1603 0.8809
vn -0.0375 -0.1535 0.9874
vn 0.1584 -0.0534 0.9859
vn -0.0385 -0.1080 0.9934
vn 0.1013 0.0099 0.9948
vn -0.3833 0.0575 0.9218
vn 0.3125 -0.1032 0.9443
vn 0.3122 -0.1032 0.9444
vn 0.3120 -0.1033 0.9445
vn 0.5221 0.0986 0.8472
vn 0.5225 0.0984 0.8470
vn 0.5223 0.0985 0.8470
vn -0.3397 0.0086 0.9405
vn -0.3399 0.0087 0.9404
vn 0.5352 0.0856 0.8404
vn 0.5351 0.0856 0.8404
vn 0.5355 0.0858 0.8402
vn 0.1198 -0.0881 0.9889
vn 0.0434 -0.1502 0.9877
vn 0.0286 -0.1330 0.9907
vn -0.3109 -0.1590 0.9370
vn -0.0191 -0.0973 0.9951
vn -0.0837 -0.1206 0.9892
vn -0.0256 0.1758 0.9841
vn 0.2854 0.0928 0.9539
vn 0.2853 0.0928 0.9539
vn 0.2855 0.0928 0.9539
vn 0.4647 0.0140 0.8854
vn 0.4799 0.0769 0.8739
vn 0.4788 0.0683 0.8752
vn 0.2108 -0.1617 0.9641
vn 0.2965 -0.1197 0.9475
vn 0.2315 -0.1089 0.9667
vn 0.2781 0.0168 0.9604
vn 0.1039 0.0558 0.9930
vn 0.0563 0.0592 0.9967
vn 0.4388 0.0177 0.8984
vn 0.4387 0.0176 0.8985
vn 0.4385 0.0175 0.8986
vn 0.0937 -0.0171 0.9955
vn 0.1018 0.0474 0.9937
vn 0.1031 0.0645 0.9926
vn 0.4933 0.0893 0.8653
vn 0.5005 0.0792 0.8621
vn 0.4898 0.1076 0.8652
vn 0.3651 -0.0458 0.9298
vn 0.3651 -0.0459 0.9298
vn 0.0392 0.1193 0.9921
vn 0.1562 0.1015 0.9825
vn 0.2717 0.1537 0.9500
vn 0.3305 -0.1094 0.9375
vn 0.3303 -0.1092 0.9376
vn 0.3301 -0.1089 0.9376
vn -0.3631 -0.0528 0.9302
vn -0.2508 -0.0638 0.9659
vn -0.3860 -0.0234 0.9222
vn 0.1926 -0.0825 0.9778
vn 0.4378 0.0429 0.8980
vn 0.3285 0.0797 0.9411
vn -0.4519 -0.0220 0.8918
vn -0.0053 0.1469 0.9891
vn -0.3380 0.0764 0.9380
vn 0.2841 -0.1458 0.9476
vn 0.3443 -0.0601 0.9369
vn 0.2700 -0.1641 0.9488
vn -0.2923 -0.0052 0.9563
vn -0.2807 -0.0162 0.9596
vn -0.3094 0.0094 0.9509
vn 0.2604 -0.1262 0.9572
vn 0.2652 -0.1316 0.9552
vn 0.4265 -0.0351 0.9038
vn 0.4237 -0.0288 0.9054
vn 0.4001 0.0262 0.9161
vn 0.2987 0.1692 0.9392
vn 0.2320 0.0093 0.9727
vn 0.1178 -0.0657 0.9909
vn 0.3312 -0.0101 0.9435
vn 0.2664 0.0118 0.9638
vn 0.1999 0.0360 0.9792
vn 0.3568 -0.0585 0.9323
vn 0.3490 -0.0965 0.9322
vn 0.4644 0.0715 0.8827
vn 0.2717 -0.1203 0.9548
vn 0.2717 -0.1199 0.9549
vn 0.2718 -0.1196 0.9549
vn -0.5456 -0.1059 0.8314
vn -0.4867 -0.1301 0.8638
vn -0.5177 -0.1242 0.8465
vn -0.0877 0.1004 0.9911
vn 0.3380 -0.0918 0.9366
vn 0.3379 -0.0914 0.9367
vn 0.3380 -0.0922 0.9366
vn 0.2458 -0.0048 0.9693
vn 0.3079 0.0674 0.9490
vn 0.0404 0.0444 0.9982
vn 0.5390 0.1207 0.8336
vn 0.5369 0.1222 0.8348
vn 0.5328 0.1280 0.8365
vn -0.4338 -0.1773 0.8834
vn -0.5257 -0.1728 0.8330
vn -0.0213 -0.1764 0.9841
vn 0.4495 0.0674 0.8908
vn -0.0188 0.0177 0.9997
vn 0.3567 0.0551 0.9326
vn -0.4525 -0.0630 0.8895
vn -0.2569 0.1467 0.9553
vn -0.4566 -0.0769 0.8863
vn -0.4564 -0.0767 0.8864
vn -0.4566 -0.0768 0.8864
vn 0.1957 0.0186 0.9805
vn 0.1502 0.0736 0.9859
vn 0.1591 0.0627 0.9853
vn 0.3451 0.1293 0.9296
vn 0.3452 0.1293 0.9296
vn 0.3449 0.1292 0.9297
vn 0.0786 0.1469 0.9860
vn 0.0202 0.1670 0.9857
vn 0.0013 0.1758 0.9844
vn -0.0134 0.0290 0.9995
vn 0.0262 0.0072 0.9996
vn -0.0416 0.0443 0.9982
vn -0.1213 -0.1620 0.9793
vn 0.0359 -0.1378 0.9898
vn -0.1672 -0.1223 0.9783
vn 0.0206 -0.0963 0.9951
vn -0.2227 -0.1584 0.9619
vn -0.3563 -0.1563 0.9212
vn 0.3980 0.0719 0.9146
vn 0.4938 0.0839 0.8655
vn 0.4248 0.0844 0.9014
vn -0.2927 -0.1127 0.9495
vn -0.2924 -0.1127 0.9496
vn -0.0842 0.1304 0.9879
vn -0.0283 0.1191 0.9925
vn -0.0464 0.1355 0.9897
vn 0.2163 0.0500 0.9751
vn 0.2159 0.0495 0.9752
vn 0.2158 0.0490 0.9752
vn 0.0850 -0.0225 0.9961
vn 0.0847 -0.0225 0.9961
vn 0.0849 -0.0225 0.9961
vn 0.4412 -0.0118 0.8973
vn 0.4407 -0.0121 0.8976
vn 0.4406 -0.0123 0.8976
vn -0.3548 0.0359 0.9343
vn -0.3516 0.0386 0.9353
vn -0.3516 0.0334 0.9355
vn 0.4614 0.0428 0.8862
vn 0.4392 0.1569 0.8846
vn 0.3793 0.0756 0.9222
vn 0.2254 -0.0909 0.9700
vn 0.5063 0.1237 0.8535
vn 0.5061 0.1236 0.8536
vn 0.5059 0.1235 0.8537
vn -0.3655 0.0979 0.9257
vn -0.2884 0.0884 0.9534
vn -0.3185 0.1321 0.9387
vn -0.3893 0.0267 0.9207
vn -0.5031 -0.0949 0.8590
vn -0.0766 -0.0168 0.9969
vn -0.2708 0.1715 0.9472
vn -0.1585 0.1382 0.9776
vn -0.0652 -0.0104 0.9978
vn 0.1498 -0.0585 0.9870
vn 0.1541 -0.0942 0.9836
vn 0.1590 0.0055 0.9873
vn 0.0468 0.1337 0.9899
vn -0.0168 0.1709 0.9851
vn 0.4480 0.0346 0.8933
vn 0.4732 0.0620 0.8788
vn 0.4875 0.0784 0.8696
vn 0.0331 -0.0375 0.9987
vn 0.0685 -0.0056 0.9976
vn 0.1596 0.0962 0.9825
vn 0.4142 0.0835 0.9063
vn 0.4143 0.0836 0.9063
vn 0.4144 0.0836 0.9063
vn 0.3829 0.0107 0.9237
vn 0.4511 0.0020 0.8924
vn 0.3461 0.0160 0.9381
vn 0.0219 0.1222 0.9923
vn -0.1006 0.0257 0.9946
vn -0.1013 0.0921 0.9906
vn -0.2434 0.0536 0.9684
vn -0.0495 0.1162 0.9920
vn -0.0496 0.1162 0.9920
vn -0.0495 0.1161 0.9920
vn 0.4758 0.0793 0.8760
vn 0.4830 0.0910 0.8709
vn 0.4172 -0.0138 0.9087
vn 0.3551 -0.0580 0.9330
vn 0.4149 -0.0170 0.9097
vn -0.0090 0.0256 0.9996
vn -0.0090 0.0257 0.9996
vn -0.0090 0.0254 0.9996
vn -0.3996 0.0498 0.9153
vn -0.3825 0.0054 0.9239
vn -0.4035 0.0593 0.9131
vn 0.1108 -0.0285 0.9934
vn 0.0740 -0.0919 0.9930
vn 0.1327 0.0104 0.9911
vn 0.1019 0.0109 0.9947
vn -0.0408 0.0668 0.9969
vn -0.0571 0.0980 0.9935
vn 0.1281 0.0269 0.9914
vn 0.1390 -0.0123 0.9902
vn 0.1430 0.0714 0.9871
vn 0.1992 0.0183 0.9798
vn 0.1991 0.0184 0.9798
vn 0.1991 0.0185 0.9798
vn -0.0729 -0.1546 0.9853
vn -0.0973 -0.1462 0.9845
vn -0.1815 -0.1161 0.9765
vn 0.3116 -0.0491 0.9490
vn 0.4566 0.0705 0.8869
vn 0.1705 -0.1278 0.9770
vn -0.1565 -0.1342 0.9785
vn 0.0360 -0.1615 0.9862
vn -0.1487 -0.1901 0.9704
vn 0.0470 0.0150 0.9988
vn 0.0465 0.0146 0.9988
vn 0.0464 0.0140 0.9988
vn -0.3312 0.1183 0.9361
vn -0.3313 0.1183 0.9361
vn -0.5131 -0.1683 0.8416
vn -0.4537 -0.1367 0.8806
vn -0.4796 -0.1100 0.8706
vn -0.5135 -0.1585 0.8433
vn -0.5129 -0.1777 0.8399
vn -0.5126 -0.1671 0.8422
vn 0.4908 0.1444 0.8593
vn 0.4078 0.1606 0.8988
vn 0.3470 0.1807 0.9203
vn -0.3849 -0.1553 0.9098
vn -0.3850 -0.1555 0.9097
vn -0.3848 -0.1551 0.9099
vn -0.2866 -0.0388 0.9573
vn -0.3008 -0.0963 0.9488
vn -0.3555 -0.0042 0.9347
vn 0.3897 0.0057 0.9209
vn 0.4635 0.0468 0.8848
vn 0.3142 -0.1478 0.9378
vn 0.3177 -0.1556 0.9353
vn 0.3401 -0.1742 0.9241
vn 0.1850 0.1386 0.9729
vn 0.1851 0.1386 0.9729
vn 0.0943 0.1504 0.9841
vn 0.0944 0.1496 0.9842
vn 0.0944 0.1500 0.9842
vn 0.0942 -0.1480 0.9845
vn 0.0665 -0.1383 0.9882
vn -0.0712 -0.1663 0.9835
vn 0.2043 0.0198 0.9787
vn 0.2043 0.0199 0.9787
vn 0.2047 0.0203 0.9786
vn 0.1957 -0.0340 0.9801
vn 0.1951 -0.0339 0.9802
vn 0.1098 -0.1593 0.9811
vn 0.1630 -0.1532 0.9747
vn 0.0223 -0.1264 0.9917
vn 0.4700 0.1433 0.8709
vn -0.3018 -0.0226 0.9531
vn -0.0060 0.0310 0.9995
vn -0.4664 -0.0852 0.8805
vn 0.4362 0.0994 0.8943
vn 0.5009 0.0514 0.8639
vn 0.4137 -0.0485 0.9091
vn -0.3071 -0.1610 0.9380
vn -0.1721 -0.2033 0.9639
vn -0.2869 -0.1706 0.9426
vn -0.4252 -0.1204 0.8971
vn 0.0958 0.1470 0.9845
vn -0.0501 0.1222 0.9912
vn -0.2999 -0.0359 0.9533
vn -0.2922 -0.1506 0.9444
vn -0.4467 -0.1461 0.8827
vn -0.2022 0.0619 0.9774
vn -0.2030 0.0615 0.9773
vn -0.2034 0.0609 0.9772
vn -0.4345 -0.0805 0.8970
vn -0.1344 -0.0021 0.9909
vn -0.3376 0.0411 0.9404
vn 0.4704 0.0444 0.8813
vn 0.4691 0.0475 0.8819
vn 0.5056 0.1348 0.8521
vn -0.0090 -0.1699 0.9854
vn -0.0576 -0.1458 0.9876
vn -0.0872 -0.1276 0.9880
vn -0.2953 0.2056 0.9330
vn -0.2953 0.2055 0.9330
vn -0.2203 -0.0861 0.9716
vn -0.2205 -0.0862 0.9716
vn -0.2200 -0.0856 0.9717
vn 0.4333 0.1609 0.8868
vn 0.3836 0.0943 0.9187
vn 0.2245 -0.1045 0.9689
vn -0.3587 -0.0019 0.9335
vn -0.3451 -0.0197 0.9384
vn -0.3639 0.0047 0.9314
vn -0.0903 -0.0304 0.9954
vn -0.4825 -0.1263 0.8668
vn -0.4258 -0.1242 0.8963
vn 0.3820 0.0912 0.9197
vn 0.3120 0.0429 0.9491
vn 0.3070 0.1490 0.9400
vn 0.3186 -0.1455 0.9367
vn 0.3607 -0.1101 0.9261
vn 0.4214 -0.0604 0.9049
vn 0.0912 0.0866 0.9921
vn 0.1000 0.0938 0.9906
vn 0.1279 0.1210 0.9844
vn -0.2087 0.0348 0.9774
vn -0.2088 0.0346 0.9773
vn -0.1550 0.0202 0.9877
vn -0.1551 0.0201 0.9877
vn -0.2748 0.1554 0.9489
vn -0.1275 0.1612 0.9786
vn -0.2275 0.1540 0.9615
vn 0.1247 0.1148 0.9855
vn 0.1246 0.1145 0.9856
vn 0.1248 0.1151 0.9855
vn 0.1976 0.1015 0.9750
vn 0.1975 0.1015 0.9750
vn 0.1976 0.1016 0.9750
vn -0.5153 -0.0675 0.8544
vn -0.3179 0.1380 0.9380
vn -0.4110 -0.0093 0.9116
vn -0.2083 -0.0526 0.9766
vn -0.2085 -0.0524 0.9766
vn -0.2084 -0.0525 0.9766
vn 0.4132 -0.0003 0.9106
vn 0.4039 -0.0622 0.9127
vn 0.3627 0.0609 0.9299
vn -0.2743 0.0911 0.9573
vn -0.2786 0.0627 0.9584
vn -0.2546 0.0749 0.9642
vn -0.3808 -0.0663 0.9223
vn -0.2229 -0.0757 0.9719
vn -0.2958 -0.0156 0.9551
vn -0.4142 -0.1782 0.8926
vn -0.5412 -0.1860 0.8201
vn -0.5228 -0.1820 0.8328
vn -0.0939 0.0579 0.9939
vn -0.0942 0.0580 0.9939
vn -0.2486 0.1409 0.9583
vn -0.3150 0.1242 0.9409
vn -0.2580 0.1625 0.9524
vn 0.3784 -0.0079 0.9256
vn 0.4489 0.0273 0.8932
vn 0.2892 -0.1341 0.9478
vn 0.1704 -0.0416 0.9845
vn 0.1704 -0.0420 0.9845
vn -0.1002 -0.0697 0.9925
vn -0.1002 -0.0698 0.9925
vn 0.2815 0.1762 0.9432
vn 0.0330 -0.0004 0.9995
vn 0.0335 -0.0007 0.9994
vn 0.0242 0.0149 0.9996
vn -0.1602 -0.0587 0.9853
vn -0.0748 -0.0260 0.9969
vn -0.0332 -0.0107 0.9994
vn 0.1287 -0.1441 0.9812
vn -0.3300 0.0771 0.9408
vn 0.2973 0.1479 0.9433
vn 0.3190 0.1353 0.9380
vn 0.2540 0.1707 0.9520
vn -0.1114 -0.1217 0.9863
vn 0.0293 -0.1646 0.9859
vn -0.0366 -0.1463 0.9886
vn 0.1581 0.1739 0.9720
vn 0.1578 0.1743 0.9720
vn 0.1576 0.1745 0.9720
vn -0.5427 -0.1337 0.8292
vn -0.3462 -0.1362 0.9282
vn -0.5126 -0.1091 0.8516
vn -0.4283 -0.0435 0.9026
vn -0.4711 -0.1066 0.8756
vn -0.3948 0.0055 0.9187
vn 0.2585 0.0347 0.9654
vn 0.3253 0.0792 0.9423
vn 0.1726 -0.1212 0.9775
vn -0.3994 -0.0057 0.9168
vn -0.3852 -0.0135 0.9227
vn -0.3753 0.0355 0.9262
vn 0.1455 -0.1143 0.9827
vn 0.4173 0.0073 0.9087
vn 0.4831 0.1124 0.8683
vn 0.5002 0.0728 0.8628
vn 0.4689 0.0647 0.8809
vn 0.0335 0.1229 0.9918
vn 0.5118 0.1014 0.8531
vn -0.4398 -0.1053 0.8919
vn -0.4398 -0.1046 0.8920
vn -0.4945 -0.0540 0.8675
vn 0.1183 -0.1584 0.9803
vn 0.3580 -0.0417 0.9328
vn 0.2420 -0.0978 0.9653
vn 0.0449 -0.0947 0.9945
vn 0.1043 0.0200 0.9943
vn 0.1383 0.0108 0.9903
vn 0.0086 0.0407 0.9991
vn -0.3228 -0.1460 0.9352
vn 0.3087 0.0939 0.9465
vn 0.2857 0.1127 0.9517
vn 0.1893 0.1885 0.9637
vn -0.1035 0.0827 0.9912
vn -0.1438 0.1559 0.9773
vn -0.1766 0.0960 0.9796
vn 0.1713 -0.0803 0.9819
vn 0.0085 -0.1381 0.9904
vn -0.0345 0.1320 0.9906
vn 0.0419 0.1436 0.9887
vn -0.2169 0.1220 0.9685
vn -0.2415 -0.0966 0.9656
vn -0.2415 -0.0971 0.9655
vn -0.2415 -0.0970 0.9655
vn 0.0990 -0.0802 0.9918
vn 0.0991 -0.0802 0.9918
vn 0.0991 -0.0803 0.9918
vn -0.2536 0.0996 0.9622
vn -0.0758 0.0876 0.9933
vn 0.0424 0.1463 0.9883
vn -0.1714 0.1485 0.9740
vn -0.0849 0.1274 0.9882
vn -0.1804 0.1506 0.9720
vn 0.0232 0.1686 0.9854
vn 0.0231 0.1689 0.9854
vn 0.0233 0.1683 0.9855
vn 0.4535 0.1289 0.8819
vn 0.4724 0.1010 0.8756
vn 0.4698 0.0789 0.8793
vn -0.2793 -0.1157 0.9532
vn -0.2504 -0.1352 0.9586
vn -0.3839 -0.1301 0.9141
vn 0.1836 0.0312 0.9825
vn -0.2900 -0.0992 0.9519
vn -0.2830 -0.1050 0.9534
vn -0.3070 -0.0823 0.9482
vn -0.2168 -0.1582 0.9633
vn -0.0729 -0.1271 0.9892
vn -0.2449 -0.1663 0.9552
vn 0.3914 0.0506 0.9188
vn 0.4185 -0.0029 0.9082
vn 0.3785 0.0720 0.9228
vn -0.4655 -0.1537 0.8716
vn -0.5112 -0.1309 0.8494
vn 0.2842 -0.1348 0.9492
vn 0.3072 -0.1340 0.9422
vn 0.3128 -0.1394 0.9395
vn 0.4763 0.0896 0.8747
vn 0.5049 0.1973 0.8403
vn 0.4876 0.1610 0.8581
vn -0.2167 0.1420 0.9659
vn -0.1109 0.1864 0.9762
vn -0.2109 0.1839 0.9601
vn 0.4311 0.0210 0.9020
vn 0.4567 0.0004 0.8896
vn 0.5190 0.0854 0.8505
vn -0.2279 -0.0898 0.9695
vn -0.2285 -0.0897 0.9694
vn -0.2282 -0.0898 0.9694
vn 0.0600 0.1868 0.9806
vn 0.0601 0.1870 0.9805
vn 0.0601 0.1869 0.9805
vn 0.0299 0.1273 0.9914
vn -0.0293 0.0572 0.9979
vn -0.1021 -0.0141 0.9947
vn -0.5132 -0.1051 0.8518
vn 0.3850 -0.1023 0.9172
vn 0.3882 -0.0668 0.9192
vn -0.1151 -0.0294 0.9929
vn -0.1011 -0.0536 0.9934
vn -0.1249 -0.0154 0.9920
vn 0.4533 0.1572 0.8774
vn 0.4533 0.1573 0.8773
vn 0.4534 0.1575 0.8773
vn 0.0611 -0.0630 0.9961
vn 0.0987 -0.0233 0.9948
vn 0.1418 0.0216 0.9897
vn 0.4192 0.0268 0.9075
vn 0.4190 0.0265 0.9076
vn 0.4193 0.0270 0.9075
vn -0.3341 0.0126 0.9425
vn -0.3078 0.0872 0.9474
vn -0.3028 0.1001 0.9478
vn 0.5455 0.1043 0.8316
vn 0.5455 0.1044 0.8316
vn 0.5461 0.1043 0.8312
vn 0.5341 0.1484 0.8323
vn 0.5340 0.1486 0.8323
vn -0.3044 0.1113 0.9460
vn -0.3340 0.0682 0.9401
vn -0.4486 -0.0746 0.8906
vn 0.1486 -0.0910 0.9847
vn -0.2657 -0.1024 0.9586
vn 0.1990 -0.1043 0.9744
vn -0.3219 -0.0037 0.9468
vn -0.4128 0.0203 0.9106
vn -0.4126 0.0204 0.9107
vn -0.4127 0.0203 0.9106
vn 0.4114 -0.0202 0.9112
vn 0.4110 -0.0203 0.9114
vn 0.4108 -0.0205 0.9115
vn -0.0524 0.1100 0.9926
vn -0.1266 -0.1418 0.9818
vn -0.1032 -0.1459 0.9839
vn -0.2116 -0.0918 0.9730
vn 0.3903 0.0628 0.9185
vn 0.3902 0.0628 0.9186
vn 0.3147 0.3630 0.8771
vn 0.3147 0.3631 0.8770
vn 0.3147 0.3632 0.8769
vn -0.1776 0.0203 0.9839
vn -0.2261 0.1625 0.9605
vn -0.2082 0.1067 0.9722
vn -0.1752 0.0194 0.9843
vn -0.1757 0.0196 0.9843
vn -0.1758 0.0198 0.9842
vn 0.2274 -0.0901 0.9696
vn 0.2787 -0.0744 0.9575
vn 0.4486 0.0495 0.8924
vn 0.4534 0.1244 0.8826
vn 0.5167 0.1393 0.8448
vn 0.4022 0.1348 0.9056
vn 0.3849 0.0212 0.9227
vn 0.5084 0.1493 0.8481
vn -0.1921 0.1534 0.9693
vn -0.1837 0.1051 0.9773
vn -0.5815 -0.1156 0.8053
vn -0.5814 -0.1152 0.8055
vn -0.5808 -0.1149 0.8059
vn 0.2691 -0.1461 0.9520
vn 0.2816 -0.1642 0.9454
vn 0.2645 -0.1398 0.9542
vn -0.2112 -0.0670 0.9751
vn -0.2113 -0.0670 0.9751
vn -0.2114 -0.0669 0.9751
vn 0.0604 0.1525 0.9865
vn -0.3929 0.0779 0.9163
vn -0.0738 0.0237 0.9970
vn -0.5758 -0.1203 0.8087
vn -0.2044 -0.0340 0.9783
vn -0.2041 -0.0339 0.9784
vn -0.2042 -0.0340 0.9783
vn 0.4894 0.1386 0.8610
vn 0.4894 0.1387 0.8609
vn 0.4896 0.1388 0.8609
vn -0.5593 -0.1265 0.8192
vn -0.5655 -0.1203 0.8159
vn -0.5717 -0.1084 0.8132
vn 0.1555 -0.1411 0.9777
vn 0.2477 -0.0422 0.9679
vn -0.0767 -0.1321 0.9883
vn -0.1904 0.1346 0.9724
vn 0.0048 0.0064 1.0000
vn 0.2899 -0.0989 0.9519
vn 0.2338 -0.0475 0.9711
vn 0.4389 0.0631 0.8963
vn 0.4136 0.0843 0.9065
vn -0.3193 0.1251 0.9393
vn -0.3194 0.1251 0.9393
vn -0.5661 -0.1084 0.8172
vn -0.4534 -0.0782 0.8879
vn -0.5894 -0.0754 0.8043
vn 0.4824 0.1633 0.8606
vn 0.4851 0.1563 0.8604
vn 0.4755 0.1740 0.8624
vn -0.5021 -0.1556 0.8507
vn -0.4323 0.0191 0.9015
vn 0.2301 0.1383 0.9633
vn 0.2678 0.1208 0.9559
vn 0.0900 0.0970 0.9912
vn -0.3244 -0.0479 0.9447
vn -0.2069 -0.0520 0.9770
vn -0.2553 0.0253 0.9665
vn 0.0796 0.1589 0.9841
vn -0.2644 0.1535 0.9521
vn 0.1463 0.1573 0.9767
vn 0.2797 0.0240 0.9598
vn 0.1409 -0.0294 0.9896
vn 0.1406 -0.0302 0.9896
vn 0.1408 -0.0289 0.9896
vn -0.1838 0.0601 0.9811
vn -0.1858 0.0575 0.9809
vn -0.1730 0.1383 0.9752
vn -0.4619 -0.0550 0.8852
vn -0.4543 -0.0012 0.8908
vn -0.4690 -0.0173 0.8830
vn 0.2647 -0.0190 0.9642
vn 0.2846 0.0198 0.9584
vn 0.3114 0.0778 0.9471
vn 0.4078 -0.0079 0.9130
vn 0.4373 0.0811 0.8956
vn 0.4375 0.0809 0.8955
vn 0.4374 0.0810 0.8956
vn 0.0737 0.1207 0.9900
vn 0.0735 0.1205 0.9900
vn 0.0737 0.1206 0.9900
vn 0.2563 -0.0209 0.9664
vn 0.1045 -0.1392 0.9847
vn 0.0040 -0.1518 0.9884
vn -0.2147 0.1002 0.9715
vn -0.3932 0.0161 0.9193
vn -0.3928 0.0660 0.9173
vn -0.5381 -0.1269 0.8333
vn -0.4973 -0.1455 0.8553
vn -0.5342 -0.1325 0.8349
vn -0.3669 -0.0798 0.9268
vn -0.3881 -0.0843 0.9177
vn -0.3882 -0.0834 0.9178
vn -0.4323 -0.0098 0.9017
vn -0.3563 0.0060 0.9344
vn -0.4479 0.0220 0.8938
vn -0.0461 0.1522 0.9873
vn 0.1659 0.1460 0.9753
vn 0.0443 0.1507 0.9876
vn -0.3854 0.0229 0.9224
vn -0.2879 -0.0157 0.9575
vn -0.3629 0.0351 0.9312
vn 0.4929 0.1229 0.8614
vn 0.2314 0.0142 0.9727
vn 0.3674 0.1254 0.9216
vn 0.3428 0.1048 0.9335
vn -0.2721 -0.0387 0.9615
vn -0.2493 -0.0419 0.9675
vn -0.4274 -0.0288 0.9036
vn -0.4126 0.0971 0.9057
vn -0.4125 0.0966 0.9058
vn -0.4127 0.0974 0.9056
vn -0.2603 0.0762 0.9625
vn -0.2728 0.0916 0.9577
vn -0.2997 0.1327 0.9448
vn -0.0594 -0.1810 0.9817
vn -0.0596 -0.1813 0.9816
vn -0.0593 -0.1809 0.9817
vn -0.1902 -0.0587 0.9800
vn -0.0100 0.0172 0.9998
vn -0.3641 -0.0576 0.9296
vn -0.0711 -0.0867 0.9937
vn 0.0133 -0.0661 0.9977
vn 0.0356 -0.0537 0.9979
vn 0.4281 0.1225 0.8954
vn 0.4999 0.1233 0.8573
vn 0.4023 0.1218 0.9074
vn 0.0155 -0.0523 0.9985
vn -0.0013 -0.0758 0.9971
vn 0.2126 0.0563 0.9755
vn -0.0924 -0.1590 0.9829
vn -0.5144 -0.2016 0.8335
vn -0.5360 -0.1535 0.8302
vn -0.5395 -0.1459 0.8293
vn 0.4216 0.0185 0.9066
vn 0.4741 0.0706 0.8776
vn 0.3253 0.0654 0.9433
vn -0.0484 -0.1027 0.9935
vn 0.0416 -0.1104 0.9930
vn 0.0612 -0.1192 0.9910
vn -0.0594 -0.1025 0.9930
vn 0.2198 0.0412 0.9747
vn -0.0803 -0.0993 0.9918
vn 0.2669 0.0607 0.9618
vn 0.1311 0.1203 0.9840
vn -0.1427 0.1508 0.9782
vn -0.3359 0.0078 0.9419
vn -0.5038 -0.0609 0.8617
vn -0.5354 -0.1217 0.8358
vn -0.5314 -0.1257 0.8377
vn -0.4689 -0.0780 0.8798
vn -0.3701 -0.0045 0.9290
vn -0.4656 -0.0463 0.8838
vn 0.4012 0.0225 0.9157
vn 0.4009 0.0219 0.9159
vn 0.4011 0.0222 0.9158
vn 0.2795 0.0227 0.9599
vn 0.2792 0.0229 0.9600
vn 0.2791 0.0229 0.9600
vn -0.3534 0.0955 0.9306
vn -0.2658 0.1313 0.9551
vn -0.3201 0.1168 0.9401
vn -0.4769 -0.0519 0.8774
vn -0.2465 -0.0475 0.9680
vn -0.4344 -0.0515 0.8992
vn -0.1989 -0.0465 0.9789
vn -0.0833 -0.0554 0.9950
vn -0.0747 0.0253 0.9969
vn 0.1252 -0.1601 0.9791
vn 0.3817 -0.1132 0.9173
vn 0.1459 -0.1344 0.9801
vn 0.1525 -0.1379 0.9786
vn 0.1320 -0.1336 0.9822
vn 0.4013 -0.0415 0.9150
vn 0.4010 -0.0416 0.9151
vn 0.4009 -0.0417 0.9152
vn -0.2013 0.0923 0.9752
vn -0.2119 0.1503 0.9657
vn 0.0843 0.1340 0.9874
vn 0.1864 0.0472 0.9813
vn 0.1984 0.0774 0.9771
vn 0.2110 0.1104 0.9712
vn 0.5433 0.1515 0.8258
vn 0.5432 0.1515 0.8258
vn -0.1361 0.0931 0.9863
vn -0.1443 0.0298 0.9891
vn -0.1788 0.2024 0.9628
vn -0.4994 -0.1457 0.8540
vn -0.4826 -0.1775 0.8577
vn -0.5018 -0.1419 0.8532
vn 0.3938 0.0570 0.9174
vn -0.0802 0.0740 0.9940
vn 0.4049 0.0976 0.9091
vn -0.1006 0.1266 0.9868
vn -0.1321 0.1495 0.9799
vn -0.1494 0.1585 0.9760
vn -0.1321 0.0964 0.9865
vn 0.0795 0.1390 0.9871
vn 0.0651 0.1415 0.9878
vn -0.2714 -0.1318 0.9534
vn -0.2708 -0.1325 0.9535
vn -0.2743 -0.1308 0.9527
vn 0.3448 -0.0172 0.9385
vn 0.3235 -0.0157 0.9461
vn 0.2886 -0.0170 0.9573
vn -0.0628 -0.1353 0.9888
vn 0.0172 -0.0696 0.9974
vn 0.1075 0.0048 0.9942
vn -0.0866 -0.1177 0.9893
vn -0.4091 0.0656 0.9101
vn -0.3959 0.0477 0.9170
vn -0.4168 0.0761 0.9058
vn 0.3518 -0.0160 0.9359
vn 0.2663 0.0790 0.9607
vn 0.5174 0.1168 0.8478
vn 0.3162 0.1040 0.9430
vn 0.3092 0.1645 0.9367
vn 0.2944 0.1723 0.9400
vn 0.2756 0.1943 0.9414
vn -0.0211 0.1079 0.9939
vn -0.0282 0.0887 0.9957
vn -0.0150 0.1227 0.9923
vn 0.0540 0.0029 0.9985
vn 0.1669 0.0825 0.9825
vn 0.0639 0.0732 0.9953
vn -0.5364 -0.1225 0.8351
vn 0.1389 0.1287 0.9819
vn 0.3139 0.1769 0.9328
vn 0.3135 0.1766 0.9330
vn 0.3137 0.1767 0.9329
vn 0.0885 0.0862 0.9923
vn 0.0872 0.0921 0.9919
vn 0.0879 0.0884 0.9922
vn -0.4615 -0.0647 0.8848
vn -0.4179 -0.0667 0.9061
vn -0.3831 -0.0808 0.9202
vn -0.2099 -0.0314 0.9772
vn -0.2702 0.0340 0.9622
vn -0.2458 0.1052 0.9636
vn 0.2254 0.0965 0.9695
vn 0.3248 0.0085 0.9457
vn 0.3797 -0.0018 0.9251
vn -0.2653 -0.0544 0.9626
vn -0.1177 0.0127 0.9930
vn -0.3417 0.0453 0.9387
vn -0.4040 -0.0340 0.9141
vn -0.0821 0.1503 0.9852
vn -0.1392 0.1917 0.9715
vn -0.2128 0.1432 0.9665
vn -0.3178 -0.0592 0.9463
vn -0.3178 -0.0593 0.9463
vn -0.3179 -0.0594 0.9462
vn -0.1568 0.0110 0.9876
vn -0.1568 0.0111 0.9876
vn -0.1568 0.0114 0.9876
vn 0.4008 0.1136 0.9091
vn 0.4008 0.1133 0.9091
vn 0.4008 0.1139 0.9090
vn 0.2974 -0.1386 0.9447
vn 0.3045 -0.1453 0.9414
vn 0.3406 -0.1034 0.9345
vn -0.3848 -0.1084 0.9166
vn -0.2505 -0.1052 0.9624
vn -0.3211 -0.1456 0.9358
vn -0.0424 0.0773 0.9961
vn 0.3587 -0.0522 0.9320
vn -0.4085 -0.1721 0.8964
vn -0.4086 -0.1719 0.8964
vn -0.4085 -0.1720 0.8964
vn -0.2205 -0.1297 0.9667
vn -0.2172 -0.0979 0.9712
vn -0.3090 -0.0850 0.9472
vn -0.5488 -0.1418 0.8238
vn -0.4347 -0.1502 0.8880
vn -0.4863 -0.1416 0.8622
vn 0.0239 -0.0518 0.9984
vn 0.0421 -0.0170 0.9990
vn 0.0619 0.0163 0.9979
vn 0.2178 -0.1592 0.9629
vn 0.2163 -0.1168 0.9693
vn 0.0936 -0.0956 0.9910
vn 0.5357 0.1215 0.8356
vn 0.5356 0.1215 0.8357
vn 0.5360 0.1217 0.8354
vn 0.2256 -0.0918 0.9699
vn 0.4079 0.0605 0.9110
vn 0.1687 -0.1519 0.9739
vn 0.4593 0.1393 0.8773
vn 0.2417 0.1177 0.9632
vn 0.2418 0.1176 0.9632
vn -0.4403 0.0738 0.8948
vn -0.2082 0.1471 0.9670
vn -0.1905 0.1547 0.9694
vn -0.2754 -0.0002 0.9613
vn -0.2715 0.0816 0.9590
vn -0.2705 0.0770 0.9596
vn 0.4374 0.0580 0.8974
vn 0.4447 0.0144 0.8956
vn 0.4364 0.0586 0.8978
vn 0.2077 -0.0982 0.9733
vn 0.1654 -0.0811 0.9829
vn 0.2557 -0.1195 0.9593
vn 0.2808 -0.2208 0.9340
vn -0.3793 -0.0518 0.9238
vn -0.4243 -0.1461 0.8936
vn -0.4150 0.0201 0.9096
vn -0.2548 0.1253 0.9588
vn -0.2549 0.1252 0.9588
vn -0.2548 0.1254 0.9588
vn 0.3922 0.1245 0.9114
vn 0.4824 0.0428 0.8749
vn 0.4877 0.0716 0.8701
vn 0.4169 -0.0727 0.9060
vn 0.4296 -0.0414 0.9021
vn 0.4672 0.0392 0.8833
vn 0.1555 -0.0362 0.9872
vn 0.1705 -0.0648 0.9832
vn 0.1492 -0.0264 0.9885
vn 0.1954 0.0326 0.9802
vn 0.2422 0.0256 0.9699
vn 0.0996 0.0424 0.9941
vn 0.1277 -0.1727 0.9767
vn 0.1905 -0.0055 0.9817
vn 0.1593 -0.0166 0.9871
vn -0.3836 0.0448 0.9224
vn -0.3836 0.0447 0.9224
vn 0.3986 -0.0508 0.9157
vn 0.3984 -0.0506 0.9158
vn 0.3986 -0.0509 0.9157
vn -0.5444 -0.1177 0.8305
vn -0.5443 -0.1175 0.8306
vn -0.5441 -0.1172 0.8308
vn -0.2804 0.0754 0.9569
vn -0.2679 0.1537 0.9511
vn -0.3406 0.1284 0.9314
vn -0.3609 -0.1792 0.9152
vn -0.3611 -0.1794 0.9151
vn -0.3608 -0.1789 0.9153
vn 0.2816 0.1114 0.9531
vn 0.2819 0.1116 0.9529
vn 0.2818 0.1115 0.9530
vn 0.2185 -0.0026 0.9758
vn -0.3934 0.0736 0.9164
vn -0.3934 0.0735 0.9164
vn 0.3759 0.0348 0.9260
vn 0.3764 0.0347 0.9258
vn 0.3761 0.0348 0.9259
vn 0.4273 -0.0416 0.9031
vn -0.0714 -0.1880 0.9796
vn 0.2742 -0.0815 0.9582
vn 0.2528 -0.1127 0.9609
vn 0.2566 -0.1182 0.9593
vn 0.3123 -0.1522 0.9377
vn 0.3125 -0.1521 0.9376
vn 0.3124 -0.1521 0.9377
vn 0.2733 -0.0735 0.9591
vn -0.4785 -0.1383 0.8671
vn -0.4785 -0.1384 0.8671
vn -0.1624 0.1499 0.9753
vn -0.0809 0.1297 0.9882
vn -0.2397 0.1595 0.9576
vn 0.0375 0.2093 0.9771
vn 0.0511 0.1658 0.9848
vn 0.0510 0.1652 0.9849
vn 0.4864 0.1378 0.8628
vn 0.5142 0.1262 0.8483
vn 0.3976 0.0932 0.9128
vn -0.4382 -0.1065 0.8926
vn -0.4384 -0.1065 0.8924
vn -0.4388 -0.1068 0.8922
vn 0.5382 0.0955 0.8374
vn 0.3991 0.0325 0.9163
vn 0.4336 0.0772 0.8978
vn 0.4631 0.1171 0.8785
vn -0.4333 -0.1201 0.8932
vn -0.0009 -0.0416 0.9991
vn 0.4464 -0.0053 0.8948
vn 0.5330 0.1557 0.8317
vn 0.5168 0.1715 0.8387
vn 0.5043 0.0900 0.8588
vn 0.3246 -0.1392 0.9356
vn 0.3246 -0.1392 0.9355
vn 0.3248 -0.1393 0.9355
vn -0.2978 -0.0122 0.9545
vn -0.2707 -0.0103 0.9626
vn -0.3432 -0.0165 0.9391
vn 0.3185 0.0152 0.9478
vn 0.3647 0.0964 0.9261
vn 0.2896 0.0326 0.9566
vn 0.4656 0.0194 0.8848
vn 0.4774 0.0681 0.8760
vn -0.1917 -0.0417 0.9806
vn -0.1920 -0.0395 0.9806
vn -0.1983 0.0100 0.9801
vn 0.2409 -0.0677 0.9682
vn 0.1718 -0.1468 0.9741
vn 0.3106 -0.1206 0.9429
vn 0.3106 -0.1205 0.9429
vn 0.3107 -0.1205 0.9428
vn 0.3220 0.1462 0.9354
vn 0.4413 0.1352 0.8871
vn 0.4448 0.1330 0.8857
vn 0.3744 0.1233 0.9190
vn 0.3163 0.0122 0.9486
vn 0.1595 -0.0872 0.9833
vn 0.4376 0.0998 0.8936
vn 0.4097 0.1379 0.9018
vn 0.4548 0.1096 0.8838
vn 0.3439 0.0279 0.9386
vn 0.3431 0.0267 0.9389
vn 0.3430 0.0262 0.9390
vn -0.0234 -0.0747 0.9969
vn 0.0440 0.0107 0.9990
vn -0.0427 -0.0434 0.9981
vn 0.1997 -0.1683 0.9653
vn 0.1861 -0.1631 0.9689
vn 0.3518 0.1626 0.9219
vn 0.5059 0.0951 0.8573
vn 0.4686 0.1457 0.8713
vn -0.1340 0.1416 0.9808
vn -0.1291 0.1396 0.9818
vn -0.1544 0.1495 0.9766
vn 0.0434 0.1524 0.9874
vn 0.0433 0.1525 0.9874
vn -0.1802 0.0176 0.9835
vn -0.1808 0.0175 0.9834
vn -0.1817 0.0167 0.9832
vn -0.1392 -0.1212 0.9828
vn -0.1382 -0.1237 0.9827
vn -0.1333 -0.1293 0.9826
vn 0.2335 0.1159 0.9654
vn 0.0092 0.1500 0.9886
vn 0.0187 0.1321 0.9911
vn 0.0158 0.1376 0.9904
vn 0.5030 0.1762 0.8461
vn 0.3215 -0.0643 0.9447
vn 0.3220 -0.0642 0.9446
vn 0.3210 -0.0646 0.9449
vn -0.4578 -0.0724 0.8861
vn -0.4731 -0.0639 0.8787
vn -0.4482 -0.0837 0.8900
vn -0.1229 -0.1691 0.9779
vn -0.2126 -0.1559 0.9646
vn -0.3714 -0.1606 0.9145
vn -0.1091 0.1712 0.9792
vn -0.1031 0.1570 0.9822
vn -0.0702 -0.1590 0.9848
vn 0.2766 0.0982 0.9560
vn 0.2764 0.0980 0.9560
vn 0.2765 0.0981 0.9560
vn -0.4049 -0.1263 0.9056
vn 0.3339 -0.1252 0.9343
vn 0.3276 -0.1215 0.9370
vn 0.3373 -0.1320 0.9321
vn -0.2148 -0.0372 0.9759
vn -0.2149 -0.0373 0.9759
vn -0.2551 0.1655 0.9527
vn -0.2547 0.1652 0.9528
vn -0.2555 0.1657 0.9525
vn 0.5525 0.1201 0.8248
vn -0.0086 0.1183 0.9929
vn -0.2580 0.1327 0.9570
vn 0.4843 0.0352 0.8742
vn 0.1149 -0.0128 0.9933
vn 0.1146 -0.0130 0.9933
vn 0.1148 -0.0128 0.9933
vn 0.0685 -0.0102 0.9976
vn 0.0685 -0.0107 0.9976
vn 0.0686 -0.0110 0.9976
vn 0.3391 0.0652 0.9385
vn 0.3789 0.1258 0.9168
vn -0.1558 -0.1344 0.9786
vn 0.4985 0.1725 0.8496
vn 0.4985 0.1725 0.8495
vn 0.4985 0.1726 0.8495
vn 0.2995 0.0818 0.9506
vn 0.2996 0.0819 0.9505
vn 0.2994 0.0818 0.9506
vn -0.0832 0.1479 0.9855
vn -0.0170 0.1284 0.9916
vn -0.1558 0.1438 0.9773
vn -0.0309 0.1514 0.9880
vn 0.1953 -0.0131 0.9807
vn -0.1398 -0.1431 0.9798
vn -0.4759 -0.0616 0.8773
vn -0.2992 0.0831 0.9506
vn -0.5236 -0.1207 0.8434
vn 0.5028 0.1103 0.8574
vn 0.4236 0.0115 0.9058
vn 0.3823 -0.0427 0.9230
vn 0.3912 -0.0030 0.9203
vn 0.4127 0.0262 0.9105
vn 0.4539 0.1283 0.8818
vn 0.3525 -0.0071 0.9358
vn 0.4376 0.1212 0.8909
vn -0.3300 -0.1516 0.9317
vn -0.3299 -0.1515 0.9318
vn -0.3297 -0.1514 0.9319
vn -0.0625 0.1300 0.9895
vn -0.0629 0.1299 0.9895
vn -0.0633 0.1295 0.9896
vn 0.2289 0.1842 0.9559
vn -0.0872 0.0780 0.9931
vn -0.2362 0.0659 0.9695
vn -0.3394 0.0731 0.9378
vn -0.4560 -0.0781 0.8866
vn -0.3793 0.0147 0.9252
vn -0.3152 -0.0274 0.9486
vn -0.3633 -0.0206 0.9315
vn 0.5003 0.1239 0.8569
vn 0.4182 0.1204 0.9004
vn 0.4182 0.1205 0.9003
vn 0.4182 0.1208 0.9003
vn 0.2443 0.1449 0.9588
vn 0.2442 0.1448 0.9589
vn 0.2442 0.1447 0.9589
vn 0.2493 0.1323 0.9594
vn 0.2493 0.1322 0.9594
vn -0.4072 -0.1405 0.9024
vn -0.2568 -0.1431 0.9558
vn 0.3493 0.1270 0.9284
vn 0.3695 0.1225 0.9211
vn 0.2164 0.1425 0.9659
vn 0.1372 0.1502 0.9791
vn 0.3748 0.1145 0.9200
vn 0.4663 0.1023 0.8787
vn 0.5382 0.1323 0.8324
vn 0.0067 0.0282 0.9996
vn 0.0935 0.0205 0.9954
vn -0.0924 -0.1263 0.9877
vn 0.3883 0.1700 0.9057
vn 0.3882 0.1701 0.9057
vn 0.3882 0.1703 0.9057
vn 0.1142 0.1160 0.9867
vn -0.2853 0.0979 0.9534
vn 0.5181 0.0801 0.8516
vn 0.5182 0.0802 0.8515
vn 0.5183 0.0802 0.8514
vn -0.5236 -0.1129 0.8444
vn -0.1816 -0.0695 0.9809
vn 0.5011 0.1133 0.8579
vn 0.4948 0.0872 0.8647
vn 0.4699 0.0882 0.8783
vn 0.4864 0.0281 0.8733
vn -0.0267 0.2416 0.9700
vn -0.1789 0.1922 0.9649
vn -0.1846 0.2215 0.9575
vn 0.3550 -0.1312 0.9256
vn 0.3547 -0.1312 0.9257
vn 0.3549 -0.1312 0.9256
vn -0.3256 -0.1059 0.9396
vn -0.2697 -0.0828 0.9594
vn -0.0389 0.0174 0.9991
vn -0.2237 -0.1077 0.9687
vn -0.2253 -0.0706 0.9717
vn -0.2239 -0.0651 0.9724
vn 0.4523 0.0823 0.8881
vn 0.5375 0.0870 0.8388
vn 0.5046 0.1031 0.8572
vn 0.3013 -0.1329 0.9442
vn 0.0549 -0.0718 0.9959
vn 0.2478 0.0922 0.9644
vn -0.0175 -0.1349 0.9907
vn 0.2907 -0.1136 0.9501
vn 0.3872 -0.0329 0.9214
vn 0.1949 -0.1556 0.9684
vn 0.2423 -0.1790 0.9536
vn 0.2008 -0.1465 0.9686
vn 0.2430 -0.0005 0.9700
vn 0.2431 -0.0007 0.9700
vn -0.3908 -0.1547 0.9074
vn -0.4137 -0.1444 0.8989
vn -0.4973 -0.1124 0.8603
vn 0.5196 0.1231 0.8455
vn 0.3075 -0.1439 0.9406
vn -0.3177 -0.1524 0.9359
vn 0.1204 -0.1529 0.9809
vn 0.1382 -0.0543 0.9889
vn 0.3319 -0.1994 0.9220
vn 0.2664 -0.1496 0.9522
vn -0.1188 -0.0758 0.9900
vn -0.1359 -0.0241 0.9904
vn -0.1337 0.0161 0.9909
vn 0.0202 0.1431 0.9895
vn 0.0105 0.1531 0.9882
vn -0.0030 0.1675 0.9859
vn 0.4963 0.1420 0.8565
vn -0.4563 -0.1510 0.8769
vn -0.4030 -0.1682 0.8996
vn -0.5191 -0.1313 0.8446
vn 0.3563 -0.0602 0.9324
vn 0.2906 -0.1300 0.9480
vn 0.3860 -0.0265 0.9221
vn 0.3979 -0.0426 0.9165
vn 0.4963 0.0509 0.8667
vn 0.3083 -0.1320 0.9421
vn 0.2720 0.0250 0.9620
vn 0.3850 0.0306 0.9224
vn 0.3034 0.0258 0.9525
vn -0.2648 -0.1379 0.9544
vn -0.2805 -0.1330 0.9506
vn -0.0153 -0.0099 0.9998
vn -0.0978 0.0488 0.9940
vn -0.0445 0.0111 0.9989
vn 0.2948 -0.0785 0.9523
vn 0.2955 -0.1430 0.9446
vn -0.3238 -0.1743 0.9299
vn 0.5383 0.1297 0.8327
vn 0.5559 0.1030 0.8248
vn 0.5237 0.1454 0.8394
vn 0.1990 -0.0639 0.9779
vn 0.1989 -0.0638 0.9779
vn 0.1991 -0.0640 0.9779
vn 0.3689 -0.0202 0.9293
vn -0.3696 -0.1453 0.9178
vn -0.1595 -0.1106 0.9810
vn 0.1237 -0.1569 0.9798
vn -0.4898 -0.1055 0.8654
vn -0.5076 -0.0830 0.8576
vn -0.5186 -0.0666 0.8524
vn -0.4329 -0.0911 0.8968
vn -0.1737 0.1440 0.9742
vn -0.2393 0.2059 0.9489
vn 0.2069 -0.1428 0.9679
vn -0.3645 -0.1253 0.9227
vn 0.0480 -0.1617 0.9857
vn -0.1295 -0.1644 0.9779
vn -0.0395 -0.1830 0.9823
vn -0.2473 -0.1038 0.9634
vn 0.0621 0.1853 0.9807
vn 0.0620 0.1855 0.9807
vn 0.3407 0.0402 0.9393
vn 0.3033 -0.1045 0.9471
vn 0.2941 -0.0960 0.9509
vn -0.0332 0.0575 0.9978
vn -0.0341 0.0474 0.9983
vn -0.0321 0.1012 0.9943
vn 0.0285 0.0488 0.9984
vn -0.3404 0.1563 0.9272
vn -0.2592 0.0758 0.9629
vn -0.2200 0.1488 0.9641
vn -0.4314 0.0343 0.9015
vn 0.4614 0.1783 0.8691
vn 0.3752 0.0297 0.9265
vn 0.3581 0.2160 0.9084
vn -0.3053 0.1116 0.9457
vn -0.2924 0.1424 0.9456
vn -0.3641 0.1062 0.9253
vn -0.0682 0.2139 0.9745
vn 0.3849 0.1386 0.9125
vn 0.3756 0.1459 0.9152
vn 0.3686 0.1546 0.9166
vn -0.5162 -0.1458 0.8440
vn -0.4512 -0.1538 0.8791
vn -0.4953 -0.1542 0.8549
vn -0.0875 0.0753 0.9933
vn -0.5038 -0.1342 0.8533
vn 0.1856 -0.1456 0.9718
vn 0.0326 -0.1067 0.9938
vn -0.4533 -0.1349 0.8811
vn -0.2755 -0.1252 0.9531
vn -0.2757 -0.1251 0.9531
vn -0.2758 -0.1250 0.9530
vn -0.0876 -0.0605 0.9943
vn 0.0236 0.0441 0.9987
vn -0.1894 -0.1581 0.9691
vn 0.3563 -0.1033 0.9286
vn 0.5184 0.0561 0.8533
vn 0.3350 -0.1491 0.9303
vn 0.3342 -0.1493 0.9306
vn 0.3347 -0.1493 0.9304
vn -0.4294 -0.0599 0.9011
vn -0.3867 0.0258 0.9218
vn 0.2796 0.0425 0.9592
vn -0.2494 0.1653 0.9542
vn 0.0531 -0.1281 0.9903
vn -0.2652 0.1502 0.9524
vn -0.2374 0.1486 0.9600
vn -0.2781 0.1729 0.9449
vn 0.1250 -0.0755 0.9893
vn 0.0479 -0.1401 0.9890
vn 0.0404 -0.1343 0.9901
vn -0.4608 -0.0598 0.8855
vn -0.2893 -0.0614 0.9553
vn -0.3821 -0.0596 0.9222
vn 0.3607 -0.0781 0.9294
vn 0.3605 -0.0785 0.9294
vn 0.3607 -0.0782 0.9294
vn 0.2601 -0.0005 0.9656
vn -0.0947 -0.1436 0.9851
vn 0.0047 -0.0925 0.9957
vn -0.4902 -0.1459 0.8593
vn -0.5078 -0.1325 0.8512
vn -0.4933 -0.1112 0.8627
vn -0.2465 -0.1547 0.9567
vn -0.2350 -0.1229 0.9642
vn -0.3571 -0.0925 0.9295
vn -0.3694 -0.0183 0.9291
vn 0.4567 0.0756 0.8864
vn 0.3795 0.0633 0.9230
vn -0.3998 -0.0013 0.9166
vn -0.3050 0.0174 0.9522
vn -0.4099 0.0132 0.9121
vn -0.3067 0.1307 0.9428
vn -0.3065 0.1308 0.9428
vn -0.3066 0.1308 0.9428
vn -0.4877 -0.1427 0.8613
vn -0.4888 -0.1361 0.8617
vn -0.4889 -0.1337 0.8620
vn -0.4159 -0.0662 0.9070
vn -0.2377 -0.0012 0.9713
vn -0.3764 -0.1436 0.9153
vn 0.0843 -0.1099 0.9904
vn -0.0456 0.0295 0.9985
vn 0.0789 -0.1377 0.9873
vn 0.0786 -0.1380 0.9873
vn 0.0790 -0.1375 0.9873
vn 0.0244 0.1198 0.9925
vn 0.4638 -0.0221 0.8856
vn -0.4832 -0.2706 0.8327
vn -0.4831 -0.2707 0.8327
vn -0.4834 -0.2705 0.8326
vn 0.1679 -0.0266 0.9854
vn 0.3270 -0.0386 0.9442
vn 0.2419 -0.0225 0.9700
vn 0.0461 0.0426 0.9980
vn -0.3146 -0.1441 0.9382
vn -0.1603 -0.0933 0.9827
vn -0.2813 0.0837 0.9560
vn -0.4672 -0.1638 0.8689
vn -0.3988 -0.0323 0.9165
vn -0.2473 -0.1489 0.9574
vn -0.3225 0.0870 0.9426
vn 0.0438 0.0164 0.9989
vn -0.3321 0.0974 0.9382
vn 0.0586 -0.1369 0.9889
vn -0.1137 -0.0873 0.9897
vn -0.2000 -0.1858 0.9620
vn -0.1416 -0.1163 0.9831
vn -0.0848 -0.0894 0.9924
vn 0.1057 0.0017 0.9944
vn -0.0807 -0.1230 0.9891
vn -0.0538 -0.1259 0.9906
vn -0.0864 -0.1117 0.9900
vn -0.1700 0.2017 0.9646
vn -0.1701 0.2015 0.9646
vn -0.4464 -0.0696 0.8921
vn 0.4474 -0.0610 0.8922
vn 0.4307 -0.0367 0.9017
vn 0.4096 -0.0048 0.9123
vn -0.2611 0.1629 0.9515
vn -0.2611 0.1630 0.9515
vn -0.3516 0.0176 0.9360
vn -0.2941 0.0092 0.9557
vn -0.3410 0.0159 0.9399
vn -0.1570 0.1275 0.9793
vn -0.1570 0.1277 0.9793
vn -0.1570 0.1276 0.9793
vn 0.0443 -0.0617 0.9971
vn 0.1839 -0.1260 0.9748
vn 0.1835 -0.1260 0.9749
vn 0.1845 -0.1262 0.9747
vn 0.4649 0.1537 0.8719
vn 0.3874 -0.0148 0.9218
vn 0.2941 -0.0044 0.9558
vn 0.4735 0.0664 0.8783
vn 0.4736 0.0665 0.8783
vn 0.3477 0.1282 0.9288
vn -0.2449 0.0074 0.9695
vn -0.1165 0.0398 0.9924
vn -0.2363 0.1726 0.9562
vn -0.4320 -0.0472 0.9006
vn -0.2503 -0.1695 0.9532
vn -0.2504 -0.1696 0.9532
vn -0.2502 -0.1695 0.9532
vn 0.1468 0.1153 0.9824
vn -0.4194 -0.0740 0.9048
vn 0.4016 -0.0567 0.9140
vn 0.4150 -0.0417 0.9089
vn 0.4279 0.0868 0.8996
vn -0.5227 -0.1058 0.8460
vn -0.5232 -0.1064 0.8455
vn -0.5228 -0.1061 0.8458
vn -0.2072 -0.0859 0.9745
vn -0.1683 -0.1284 0.9773
vn 0.0111 -0.1800 0.9836
vn 0.2316 -0.1032 0.9673
vn -0.4372 0.0393 0.8985
vn -0.5108 -0.0960 0.8543
vn -0.5121 -0.1004 0.8530
vn -0.5120 -0.0883 0.8545
vn -0.4478 -0.1277 0.8850
vn -0.4477 -0.1277 0.8850
vn -0.4476 -0.1275 0.8851
vn 0.0070 -0.0424 0.9991
vn 0.0068 -0.0422 0.9991
vn 0.0067 -0.0420 0.9991
vn -0.0579 -0.0794 0.9952
vn 0.1223 -0.1281 0.9842
vn -0.3052 -0.1270 0.9438
vn 0.0779 -0.0512 0.9956
vn -0.0441 -0.0273 0.9987
vn -0.0977 -0.0150 0.9951
vn -0.4108 -0.0251 0.9114
vn -0.1363 -0.0845 0.9871
vn -0.1362 -0.0842 0.9871
vn -0.1360 -0.0838 0.9871
vn 0.1796 0.1562 0.9712
vn 0.1796 0.1566 0.9712
vn 0.1797 0.1573 0.9711
vn 0.1712 0.0499 0.9840
vn 0.4679 0.0910 0.8791
vn 0.3506 0.1130 0.9297
vn 0.5154 0.0636 0.8546
vn 0.2909 -0.1697 0.9416
vn 0.2909 -0.1700 0.9415
vn 0.2488 -0.1537 0.9563
vn -0.1837 0.1895 0.9645
vn -0.1838 0.1895 0.9645
vn 0.1301 -0.3298 0.9350
vn 0.1301 -0.3297 0.9351
vn 0.1301 -0.3300 0.9350
vn 0.5141 0.1533 0.8439
vn 0.5140 0.1532 0.8440
vn 0.5140 0.1531 0.8440
vn -0.3576 -0.0177 0.9337
vn -0.3485 -0.0449 0.9362
vn 0.2455 0.2202 0.9441
vn 0.3373 -0.0552 0.9398
vn 0.3371 -0.0553 0.9398
vn 0.4666 -0.0933 0.8795
vn -0.0865 0.1315 0.9875
vn -0.0864 0.1315 0.9875
vn -0.0866 0.1315 0.9875
vn 0.5195 0.1416 0.8426
vn 0.1896 -0.0476 0.9807
vn 0.1221 -0.0078 0.9925
vn 0.0886 0.0146 0.9960
vn -0.0622 0.1148 0.9914
vn -0.1467 0.2497 0.9571
vn 0.4949 0.1432 0.8571
vn -0.4614 -0.1396 0.8761
vn 0.2820 -0.1146 0.9526
vn 0.2818 -0.1142 0.9526
vn 0.2821 -0.1136 0.9527
vn 0.4116 0.0490 0.9100
vn 0.4116 0.0489 0.9101
vn 0.4117 0.0490 0.9100
vn -0.4131 -0.1463 0.8988
vn -0.4135 -0.1472 0.8985
vn -0.4135 -0.1475 0.8985
vn -0.4770 -0.0842 0.8749
vn -0.4753 -0.0578 0.8779
vn 0.3230 0.1319 0.9372
vn 0.3325 0.1247 0.9348
vn 0.3499 0.0396 0.9360
vn -0.0925 -0.0239 0.9954
vn -0.4245 -0.0296 0.9050
vn -0.4245 -0.0297 0.9049
vn 0.4744 0.1132 0.8730
vn 0.5130 0.1505 0.8451
vn 0.3611 -0.0257 0.9322
vn 0.4429 0.0114 0.8965
vn 0.5532 0.0723 0.8299
vn -0.0941 0.0609 0.9937
vn -0.3570 0.0128 0.9340
vn -0.4158 -0.0362 0.9087
vn -0.3335 0.0287 0.9423
vn -0.4763 -0.1237 0.8705
vn 0.0700 -0.1559 0.9853
vn 0.2823 -0.1413 0.9489
vn 0.2823 -0.1412 0.9489
vn 0.2822 -0.1412 0.9489
vn -0.4551 -0.1284 0.8811
vn -0.4553 -0.1288 0.8810
vn -0.4554 -0.1293 0.8808
vn -0.5799 -0.1073 0.8076
vn -0.4845 -0.1676 0.8586
vn -0.5552 -0.1234 0.8225
vn -0.1154 0.1228 0.9857
vn -0.1274 0.0994 0.9869
vn -0.2053 0.1789 0.9622
vn -0.1839 -0.0602 0.9811
vn 0.1616 -0.1643 0.9731
vn 0.1898 -0.1780 0.9656
vn 0.1179 -0.1435 0.9826
vn 0.2708 -0.1531 0.9504
vn 0.3096 -0.1162 0.9437
vn 0.3808 -0.0457 0.9235
vn -0.0759 0.1399 0.9873
vn -0.1403 0.1594 0.9772
vn -0.1645 0.1682 0.9719
vn -0.4791 -0.0871 0.8734
vn -0.4770 -0.0857 0.8747
vn -0.4778 -0.0878 0.8741
vn -0.3147 -0.1188 0.9417
vn 0.3418 0.1305 0.9307
vn 0.3417 0.1303 0.9307
vn 0.3419 0.1306 0.9306
vn 0.4655 0.1177 0.8772
vn 0.4508 0.1252 0.8838
vn 0.4054 0.1423 0.9030
vn -0.0897 0.0912 0.9918
vn -0.0895 0.0915 0.9918
vn -0.0894 0.0917 0.9918
vn 0.2807 0.0107 0.9597
vn 0.2257 0.0369 0.9735
vn 0.2063 0.0465 0.9774
vn 0.3894 0.0252 0.9207
vn -0.5236 -0.0847 0.8477
vn -0.3943 0.0114 0.9189
vn -0.4288 -0.1634 0.8885
vn -0.2440 -0.1219 0.9621
vn -0.2154 -0.1317 0.9676
vn -0.2102 -0.1329 0.9686
vn -0.3926 0.0020 0.9197
vn -0.3392 0.0330 0.9401
vn -0.3639 0.0288 0.9310
vn -0.1417 0.1380 0.9802
vn -0.3252 -0.0530 0.9442
vn -0.1686 0.1522 0.9739
vn 0.0447 -0.0151 0.9989
vn -0.5273 -0.1135 0.8420
vn -0.4121 -0.1694 0.8952
vn -0.4153 -0.1350 0.8996
vn -0.3964 -0.0252 0.9177
vn -0.3398 0.0589 0.9387
vn -0.3724 0.0730 0.9252
vn -0.2259 0.0315 0.9736
vn -0.1246 -0.1324 0.9833
vn -0.1246 -0.1321 0.9834
vn -0.1244 -0.1317 0.9834
vn -0.5443 -0.1078 0.8320
vn -0.5388 -0.1160 0.8344
vn -0.4867 0.0111 0.8735
vn -0.4110 0.0366 0.9109
vn -0.2801 0.0895 0.9558
vn -0.3160 0.1171 0.9415
vn 0.3150 0.1414 0.9385
vn 0.4510 0.1266 0.8835
vn 0.3660 0.1337 0.9209
vn -0.3397 -0.0889 0.9363
vn -0.3398 -0.0888 0.9363
vn -0.3397 -0.0890 0.9363
vn -0.2205 -0.2795 0.9345
vn -0.3385 -0.1775 0.9241
vn -0.2844 -0.2266 0.9316
vn -0.4611 -0.0561 0.8856
vn -0.4612 -0.0560 0.8855
vn -0.4614 -0.0560 0.8854
vn -0.0683 0.0107 0.9976
vn -0.1237 -0.0124 0.9922
vn -0.1357 0.0322 0.9902
vn -0.1354 0.0341 0.9902
vn -0.3612 0.0629 0.9304
vn -0.3611 0.0630 0.9304
vn 0.2759 -0.0574 0.9595
vn 0.2492 0.0157 0.9683
vn 0.2531 -0.0101 0.9674
vn 0.1675 -0.1539 0.9738
vn 0.1208 -0.1522 0.9809
vn 0.0144 -0.1414 0.9899
vn -0.4221 -0.0083 0.9065
vn -0.4039 0.0113 0.9147
vn -0.4752 -0.0288 0.8794
vn 0.3031 0.1373 0.9430
vn 0.3122 0.1161 0.9429
vn 0.4167 0.1086 0.9025
vn -0.4271 0.0413 0.9033
vn -0.4130 0.0997 0.9052
vn 0.2650 -0.1385 0.9543
vn 0.3144 -0.0883 0.9452
vn 0.3626 -0.0371 0.9312
vn -0.4977 -0.1244 0.8584
vn -0.3217 0.0207 0.9466
vn -0.2627 0.0036 0.9649
vn -0.1667 -0.0615 0.9841
vn 0.0937 -0.0178 0.9954
vn 0.3130 -0.0051 0.9498
vn 0.3551 0.0941 0.9301
vn -0.5345 -0.1568 0.8305
vn -0.5346 -0.1570 0.8304
vn -0.3786 -0.0020 0.9256
vn -0.2574 -0.1304 0.9575
vn 0.3392 0.3281 0.8816
vn 0.3392 0.3282 0.8816
vn 0.3393 0.3279 0.8817
vn -0.2939 -0.1889 0.9370
vn -0.2359 -0.0932 0.9673
vn -0.2362 -0.0935 0.9672
vn 0.1072 -0.1230 0.9866
vn 0.1075 -0.1231 0.9865
vn 0.1067 -0.1229 0.9867
vn -0.5166 -0.1243 0.8472
vn 0.2428 -0.0798 0.9668
vn 0.3567 -0.0113 0.9342
vn 0.2133 -0.1495 0.9655
vn 0.1130 -0.1249 0.9857
vn 0.1046 -0.0876 0.9906
vn 0.1079 -0.0950 0.9896
vn -0.5627 -0.0892 0.8219
vn -0.5618 -0.0893 0.8224
vn -0.5638 -0.0889 0.8211
vn 0.4327 0.0926 0.8968
vn 0.3480 0.0764 0.9344
vn 0.4570 0.0917 0.8847
vn 0.1729 0.0338 0.9844
vn -0.0407 -0.1659 0.9853
vn -0.0005 -0.1861 0.9825
vn -0.1166 -0.1358 0.9839
vn 0.3526 0.1387 0.9254
vn 0.3506 0.1330 0.9270
vn 0.3490 0.1352 0.9273
vn 0.1321 -0.2789 0.9512
vn 0.1317 -0.2783 0.9514
vn 0.1319 -0.2786 0.9513
vn 0.4761 0.1219 0.8709
vn 0.4644 0.0895 0.8811
vn 0.4951 0.1755 0.8510
vn 0.2550 -0.1668 0.9524
vn -0.4511 -0.1210 0.8842
vn 0.5131 0.1455 0.8459
vn 0.5128 0.1458 0.8460
vn 0.5127 0.1464 0.8460
vn -0.2309 0.1757 0.9570
vn -0.1732 0.2010 0.9642
vn -0.3959 0.0701 0.9156
vn 0.1424 0.1448 0.9792
vn 0.1424 0.1450 0.9791
vn 0.1425 0.1452 0.9791
vn 0.2782 -0.0444 0.9595
vn 0.2782 -0.0445 0.9595
vn 0.2782 -0.0443 0.9595
vn -0.5249 -0.1051 0.8446
vn -0.5217 -0.1131 0.8456
vn -0.5125 -0.1370 0.8477
vn -0.2734 -0.1197 0.9544
vn -0.3865 -0.0907 0.9178
vn -0.3337 -0.1044 0.9369
vn 0.0466 0.0204 0.9987
vn 0.0349 -0.0141 0.9993
vn 0.0622 0.0548 0.9966
vn -0.3621 -0.0859 0.9282
vn 0.0745 -0.0716 0.9946
vn 0.2559 -0.0598 0.9649
vn 0.1699 -0.0725 0.9828
vn 0.0049 -0.0528 0.9986
vn 0.0869 0.0385 0.9955
vn -0.0673 -0.1356 0.9885
vn -0.0690 -0.1360 0.9883
vn -0.1525 -0.0614 0.9864
vn -0.1006 -0.1063 0.9892
vn -0.0971 0.1541 0.9833
vn -0.3625 0.0464 0.9308
vn 0.3812 0.1078 0.9182
vn 0.3813 0.1076 0.9182
vn 0.3049 0.1026 0.9469
vn 0.3033 0.1016 0.9475
vn 0.3043 0.1019 0.9471
vn -0.0128 -0.1725 0.9849
vn -0.0128 -0.1726 0.9849
vn 0.3804 -0.1062 0.9187
vn 0.3645 -0.0967 0.9262
vn 0.3577 -0.0954 0.9290
vn 0.3222 -0.1062 0.9407
vn 0.4819 0.0498 0.8748
vn 0.2120 -0.2033 0.9559
vn 0.3635 -0.0178 0.9314
vn 0.3559 -0.0108 0.9345
vn 0.4067 0.0279 0.9131
vn 0.1943 -0.1931 0.9618
vn 0.2068 -0.1885 0.9601
vn 0.1872 -0.1961 0.9625
vn -0.2427 -0.0195 0.9699
vn -0.2376 0.0525 0.9699
vn -0.2371 0.0713 0.9689
vn -0.2155 0.1429 0.9660
vn -0.4948 -0.1294 0.8593
vn -0.2539 -0.0786 0.9640
vn -0.2595 -0.0708 0.9631
vn -0.0392 0.0334 0.9987
vn -0.0150 0.0708 0.9974
vn 0.0140 0.1150 0.9933
vn -0.1969 -0.0411 0.9796
vn -0.1969 -0.0412 0.9796
vn -0.5344 -0.1092 0.8381
vn -0.5345 -0.1093 0.8381
vn 0.3192 0.1201 0.9401
vn 0.2469 0.0062 0.9690
vn 0.4288 0.0236 0.9031
vn 0.4293 0.0383 0.9023
vn -0.3704 -0.1525 0.9163
vn -0.3698 -0.1523 0.9165
vn -0.3700 -0.1523 0.9165
vn -0.5260 -0.1439 0.8382
vn -0.5261 -0.1439 0.8382
vn -0.0460 0.0914 0.9948
vn 0.2579 0.1362 0.9565
vn -0.0772 0.2037 0.9760
vn -0.0632 0.1877 0.9802
vn -0.0654 0.1908 0.9794
vn -0.0584 0.1818 0.9816
vn 0.0224 -0.1866 0.9822
vn 0.2713 0.1775 0.9460
vn 0.4540 0.1374 0.8804
vn -0.2111 0.0270 0.9771
vn -0.5049 -0.1313 0.8531
vn -0.4938 -0.1432 0.8577
vn 0.1808 -0.0899 0.9794
vn 0.0152 -0.0892 0.9959
vn 0.0430 -0.0128 0.9990
vn 0.0515 0.0114 0.9986
vn 0.2853 -0.1383 0.9484
vn 0.2976 -0.1527 0.9424
vn 0.2747 -0.1272 0.9531
vn 0.5193 0.1309 0.8445
vn 0.5189 0.1308 0.8448
vn 0.5188 0.1307 0.8449
vn -0.3156 -0.2039 0.9267
vn -0.1098 0.0660 0.9918
vn -0.2985 0.0175 0.9542
vn -0.2988 0.0166 0.9542
vn -0.2988 0.0161 0.9542
vn 0.5164 0.1677 0.8397
vn -0.4655 -0.1163 0.8774
vn -0.0296 -0.1118 0.9933
vn -0.0298 -0.1123 0.9932
vn -0.0344 -0.1113 0.9932
vn -0.1845 -0.0926 0.9785
vn 0.0010 0.1767 0.9843
vn 0.0009 0.1767 0.9843
vn 0.3840 0.1515 0.9108
vn 0.3895 0.1352 0.9110
vn 0.3839 0.1521 0.9107
vn -0.1445 -0.1202 0.9822
vn -0.1445 -0.0757 0.9866
vn -0.1450 -0.0508 0.9881
vn -0.0412 -0.0133 0.9991
vn -0.1402 -0.1256 0.9821
vn -0.0993 0.0737 0.9923
vn -0.4475 0.0393 0.8934
vn -0.4288 -0.0409 0.9025
vn -0.4290 -0.0410 0.9024
vn -0.4291 -0.0411 0.9023
vn -0.2256 0.0208 0.9740
vn -0.2256 0.0209 0.9740
vn -0.1776 -0.0198 0.9839
vn -0.1530 0.0733 0.9855
vn -0.1503 0.0693 0.9862
vn -0.4047 0.0127 0.9144
vn -0.4104 0.0599 0.9099
vn -0.2942 0.1320 0.9466
vn -0.2944 0.1319 0.9465
vn -0.2945 0.1318 0.9465
vn 0.3576 -0.0744 0.9309
vn 0.5129 0.0760 0.8551
vn 0.3101 -0.1186 0.9433
vn -0.1300 0.1466 0.9806
vn -0.2240 0.1690 0.9598
vn 0.3498 0.1226 0.9288
vn 0.2216 0.1135 0.9685
vn -0.4257 -0.1230 0.8965
vn 0.0513 -0.1722 0.9837
vn 0.0504 -0.1723 0.9838
vn 0.0511 -0.1723 0.9837
vn -0.2103 0.2201 0.9525
vn -0.3811 0.0522 0.9231
vn -0.3811 0.0520 0.9231
vn -0.2669 0.1213 0.9561
vn -0.2679 0.1218 0.9557
vn -0.2684 0.1224 0.9555
vn -0.4449 0.0226 0.8953
vn -0.4444 0.0227 0.8955
vn -0.5298 -0.0698 0.8453
vn -0.4428 -0.1269 0.8876
vn -0.4427 -0.1267 0.8877
vn 0.3348 -0.1417 0.9316
vn 0.3110 -0.1314 0.9413
vn 0.3024 -0.1241 0.9451
vn -0.4070 0.0122 0.9133
vn -0.2696 -0.0017 0.9630
vn -0.4067 0.0349 0.9129
vn 0.1584 -0.0569 0.9857
vn 0.1581 -0.0570 0.9858
vn 0.1591 -0.0563 0.9857
vn 0.2803 -0.1643 0.9458
vn 0.5098 0.1290 0.8505
vn 0.3079 0.1586 0.9381
vn 0.5087 0.1289 0.8512
vn -0.5128 -0.1355 0.8477
vn -0.5315 -0.1160 0.8391
vn -0.0972 -0.0899 0.9912
vn 0.2844 -0.1211 0.9510
vn 0.2844 -0.1212 0.9510
vn 0.2844 -0.1213 0.9510
vn -0.4316 -0.0970 0.8968
vn -0.3851 -0.1140 0.9158
vn -0.3850 -0.1139 0.9158
vn -0.3204 -0.1360 0.9375
vn -0.3203 -0.1359 0.9375
vn -0.1907 0.0599 0.9798
vn -0.2057 0.0728 0.9759
vn -0.1720 0.0572 0.9834
vn -0.2640 0.0214 0.9643
vn -0.2642 0.0213 0.9642
vn -0.2639 0.0214 0.9643
vn 0.0457 0.0080 0.9989
vn 0.1247 0.0069 0.9922
vn -0.4337 -0.0483 0.8997
vn -0.4329 -0.0484 0.9001
vn -0.4334 -0.0484 0.8999
vn -0.1609 0.0366 0.9863
vn -0.0593 0.0822 0.9949
vn 0.4164 -0.1071 0.9029
vn 0.4163 -0.1066 0.9029
vn 0.4164 -0.1069 0.9029
vn 0.2780 -0.1260 0.9523
vn 0.2941 -0.1122 0.9491
vn 0.3176 -0.0930 0.9436
vn 0.5299 0.1150 0.8402
vn 0.5299 0.1149 0.8402
vn 0.5298 0.1151 0.8403
vn -0.5307 -0.0767 0.8441
vn -0.5948 -0.1584 0.7881
vn 0.4229 -0.0063 0.9061
vn 0.4229 -0.0063 0.9062
vn -0.3102 -0.1789 0.9337
vn -0.3365 -0.1633 0.9274
vn -0.3643 -0.1455 0.9198
vn -0.0415 0.1459 0.9884
vn -0.0476 0.1578 0.9863
vn -0.0458 0.1564 0.9866
vn 0.1319 -0.1344 0.9821
vn 0.3983 0.1142 0.9101
vn -0.0700 0.0861 0.9938
vn -0.1034 0.1530 0.9828
vn 0.2926 0.1576 0.9432
vn 0.2927 0.1576 0.9431
vn 0.2449 -0.1652 0.9554
vn 0.3216 0.0679 0.9444
vn 0.1901 0.1572 0.9691
vn 0.3266 0.1733 0.9291
vn -0.3026 0.1148 0.9462
vn 0.3363 -0.1391 0.9314
vn 0.3362 -0.1391 0.9314
vn 0.3365 -0.1391 0.9314
vn -0.4160 -0.0666 0.9069
vn -0.4250 -0.1147 0.8979
vn -0.4178 -0.0771 0.9052
vn 0.1219 -0.0310 0.9921
vn 0.2804 -0.0115 0.9598
vn 0.2928 -0.0099 0.9561
vn -0.3139 -0.1747 0.9332
vn -0.3138 -0.1751 0.9332
vn -0.3136 -0.1753 0.9332
vn -0.1870 0.0604 0.9805
vn 0.4904 0.1110 0.8644
vn 0.2476 -0.0489 0.9676
vn 0.4043 -0.0051 0.9146
vn 0.2682 -0.0772 0.9603
vn 0.2681 -0.0773 0.9603
vn -0.4010 0.0030 0.9161
vn -0.3711 -0.0430 0.9276
vn -0.0321 0.0715 0.9969
vn 0.5653 0.1174 0.8165
vn 0.5544 0.1237 0.8230
vn 0.1957 0.0821 0.9772
vn 0.1958 0.0820 0.9772
vn 0.1954 0.0822 0.9773
vn 0.0165 0.0521 0.9985
vn 0.1672 0.0594 0.9841
vn 0.2617 0.1051 0.9594
vn 0.3465 -0.1453 0.9267
vn 0.1114 -0.1168 0.9869
vn -0.3746 -0.0016 0.9272
vn -0.3892 -0.0284 0.9207
vn -0.3517 -0.0220 0.9359
vn -0.3762 -0.0277 0.9261
vn 0.0279 -0.0179 0.9994
vn -0.0030 0.0183 0.9998
vn -0.0277 0.0481 0.9985
vn 0.0259 0.1829 0.9828
vn -0.0434 0.0828 0.9956
vn -0.3717 0.0146 0.9282
vn -0.4156 -0.0238 0.9092
vn -0.4301 -0.0965 0.8976
vn -0.4268 -0.0718 0.9015
vn -0.4207 -0.0578 0.9054
vn -0.4910 -0.1243 0.8622
vn 0.1270 -0.0479 0.9907
vn 0.1269 -0.0479 0.9908
vn 0.1274 -0.0479 0.9907
vn -0.1786 0.1177 0.9769
vn -0.0998 0.0995 0.9900
vn -0.1412 0.1582 0.9773
vn -0.1224 0.1336 0.9834
vn -0.3727 0.0488 0.9267
vn -0.3726 0.0484 0.9267
vn -0.3726 0.0483 0.9267
vn -0.3727 0.0496 0.9266
vn -0.0458 0.0271 0.9986
vn -0.3814 0.0709 0.9217
vn 0.3860 0.1102 0.9159
vn -0.1346 0.0757 0.9880
vn -0.2568 0.1544 0.9540
vn -0.2568 0.1544 0.9541
vn -0.2569 0.1544 0.9540
vn -0.2605 0.0259 0.9651
vn -0.2605 0.0261 0.9651
vn -0.2605 0.0265 0.9651
vn -0.3383 -0.0200 0.9408
vn -0.5178 -0.1191 0.8471
vn -0.5177 -0.1191 0.8472
vn -0.5178 -0.1191 0.8472
vn 0.3979 0.0096 0.9174
vn 0.4164 0.0100 0.9091
vn 0.3249 0.0065 0.9457
vn 0.5056 0.1071 0.8561
vn -0.2250 0.1321 0.9654
vn -0.2261 0.1420 0.9637
vn -0.2245 0.1107 0.9682
vn 0.5255 0.1406 0.8391
vn 0.4876 0.0866 0.8688
vn 0.3674 -0.0653 0.9278
vn 0.2937 -0.1467 0.9446
vn 0.4190 -0.1036 0.9021
vn 0.4186 -0.1034 0.9023
vn -0.5164 -0.1202 0.8479
vn -0.5191 -0.1169 0.8467
vn -0.5255 -0.1017 0.8447
vn -0.2933 0.1017 0.9506
vn -0.2933 0.1015 0.9506
vn -0.2933 0.1018 0.9506
vn -0.1242 0.1489 0.9810
vn -0.2012 0.0815 0.9762
vn -0.3309 -0.0448 0.9426
vn 0.1243 0.1337 0.9832
vn 0.1978 -0.0098 0.9802
vn -0.1788 -0.1150 0.9772
vn 0.1098 0.1794 0.9776
vn 0.1091 0.1790 0.9778
vn 0.1090 0.1790 0.9778
vn -0.1695 -0.1520 0.9737
vn -0.1692 -0.1521 0.9738
vn -0.1697 -0.1520 0.9737
vn -0.3833 -0.1601 0.9096
vn 0.3307 0.1220 0.9358
vn 0.1514 -0.1498 0.9771
vn 0.4388 0.1079 0.8921
vn 0.4291 0.1215 0.8951
vn 0.1385 0.1782 0.9742
vn 0.1385 0.1781 0.9742
vn 0.1385 0.1780 0.9742
vn 0.1057 0.1447 0.9838
vn -0.0146 0.1752 0.9844
vn 0.5659 0.0876 0.8198
vn -0.2677 -0.1079 0.9574
vn 0.1208 -0.0998 0.9876
vn 0.0817 -0.0758 0.9938
vn 0.0567 -0.0590 0.9966
vn 0.2533 -0.1498 0.9557
vn 0.1418 -0.1219 0.9824
vn 0.1089 -0.1134 0.9876
vn 0.4684 -0.0864 0.8793
vn 0.4685 -0.0864 0.8792
vn 0.4685 -0.0865 0.8792
vn 0.3259 0.0278 0.9450
vn 0.4703 0.1290 0.8731
vn 0.4881 0.0908 0.8681
vn 0.5782 0.1032 0.8094
vn -0.3297 0.1145 0.9371
vn -0.3728 0.0739 0.9250
vn -0.5030 -0.0581 0.8623
vn -0.2802 0.1303 0.9511
vn 0.3340 -0.0576 0.9408
vn -0.4422 -0.1128 0.8898
vn -0.4423 -0.1127 0.8897
vn -0.4419 -0.1129 0.8899
vn 0.1350 0.1354 0.9816
vn 0.4102 0.0943 0.9071
vn 0.2788 0.1656 0.9460
vn 0.1155 -0.0394 0.9925
vn 0.1155 -0.0395 0.9925
vn 0.1155 -0.0393 0.9925
vn -0.0589 -0.0821 0.9949
vn -0.0218 -0.1105 0.9936
vn -0.2100 -0.0248 0.9774
vn -0.0971 -0.1796 0.9789
vn -0.2100 -0.1589 0.9647
vn -0.2856 -0.0178 0.9582
vn -0.3336 -0.0725 0.9399
vn -0.1992 -0.0297 0.9795
vn -0.2269 0.0190 0.9737
vn -0.2186 0.0058 0.9758
vn -0.3498 -0.1174 0.9294
vn -0.0079 -0.1714 0.9852
vn 0.4132 0.1480 0.8985
vn 0.3382 0.0380 0.9403
vn 0.2486 -0.0615 0.9666
vn -0.2708 0.1043 0.9570
vn -0.2567 0.1745 0.9506
vn -0.2695 0.1909 0.9439
vn 0.3323 0.0413 0.9423
vn 0.1948 0.0434 0.9799
vn 0.3264 0.1420 0.9345
vn 0.5001 0.1486 0.8531
vn 0.5000 0.1488 0.8531
vn 0.5001 0.1489 0.8531
vn -0.3760 0.0465 0.9254
vn -0.3763 0.0467 0.9253
vn -0.3760 0.0464 0.9255
vn 0.2330 -0.1058 0.9667
vn 0.2329 -0.1056 0.9668
vn 0.2329 -0.1057 0.9668
vn 0.3014 0.1380 0.9435
vn -0.1498 0.0848 0.9851
vn 0.2008 0.1313 0.9708
vn 0.2008 0.1315 0.9708
vn 0.2008 0.1316 0.9708
vn -0.1482 0.0825 0.9855
vn -0.2022 -0.1479 0.9681
vn 0.0788 0.1527 0.9851
vn 0.0789 0.1523 0.9852
vn -0.5451 -0.1195 0.8298
vn -0.5327 -0.1308 0.8361
vn -0.5674 -0.0996 0.8174
vn 0.4071 0.0117 0.9133
vn -0.4092 -0.0162 0.9123
vn -0.4110 -0.0181 0.9115
vn -0.4208 0.0181 0.9070
vn 0.1018 -0.0814 0.9915
vn 0.1010 -0.1080 0.9890
vn 0.1091 -0.0409 0.9932
vn 0.4164 0.1087 0.9027
vn 0.3234 0.0022 0.9463
vn 0.1094 0.1301 0.9854
vn 0.1848 -0.2367 0.9538
vn 0.1848 -0.2366 0.9539
vn 0.4208 0.1487 0.8949
vn 0.4203 0.1488 0.8951
vn 0.4199 0.1487 0.8953
vn 0.1299 -0.1671 0.9773
vn 0.5069 0.1696 0.8452
vn 0.1950 -0.1930 0.9616
vn 0.1689 0.1529 0.9737
vn 0.1684 0.1528 0.9738
vn 0.1680 0.1525 0.9739
vn 0.1872 0.1098 0.9762
vn 0.1873 0.1098 0.9762
vn 0.1873 0.1098 0.9761
vn 0.5579 0.0984 0.8241
vn 0.5575 0.0983 0.8243
vn 0.5574 0.0980 0.8244
vn -0.2374 -0.0571 0.9697
vn -0.2199 -0.0742 0.9727
vn -0.2582 -0.0413 0.9652
vn -0.3869 0.0556 0.9205
vn -0.3869 0.0553 0.9205
vn -0.3869 0.0552 0.9205
vn 0.3435 -0.1357 0.9293
vn -0.5176 -0.1102 0.8485
vn -0.3903 0.0604 0.9187
vn -0.3900 0.0603 0.9188
vn -0.3902 0.0603 0.9188
vn -0.0642 0.0182 0.9978
vn 0.5134 0.1316 0.8480
vn 0.5135 0.1308 0.8481
vn 0.5135 0.1312 0.8480
vn -0.0280 -0.1747 0.9842
vn -0.5463 -0.1296 0.8275
vn 0.1553 -0.1241 0.9800
vn 0.1548 -0.0772 0.9849
vn -0.4418 -0.1245 0.8884
vn -0.3664 -0.1741 0.9140
vn -0.4543 -0.1158 0.8833
vn 0.3447 -0.0747 0.9357
vn 0.4962 0.0915 0.8634
vn 0.3043 -0.1165 0.9454
vn 0.5493 0.1556 0.8210
vn 0.3277 -0.1362 0.9349
vn 0.3277 -0.1361 0.9349
vn 0.3280 -0.1359 0.9349
vn -0.1313 0.0978 0.9865
vn -0.1226 0.1106 0.9863
vn -0.1105 0.1299 0.9854
vn -0.4010 0.0152 0.9159
vn -0.4010 0.0151 0.9160
vn 0.4862 0.0304 0.8733
vn 0.4476 0.0537 0.8926
vn -0.4299 0.0403 0.9020
vn -0.4299 0.0407 0.9019
vn -0.4299 0.0411 0.9019
vn 0.0320 0.1307 0.9909
vn -0.0714 0.0481 0.9963
vn -0.0716 0.0480 0.9963
vn -0.0704 0.0482 0.9964
vn -0.4538 -0.0049 0.8911
vn -0.5132 -0.0663 0.8557
vn -0.3908 0.0553 0.9188
vn -0.3805 0.0386 0.9240
vn -0.3808 0.0378 0.9239
vn -0.3805 0.0384 0.9240
vn 0.1387 0.1791 0.9740
vn -0.2656 0.2023 0.9426
vn 0.3945 0.1701 0.9030
vn 0.3945 0.1702 0.9030
vn 0.3946 0.1703 0.9029
vn 0.2801 -0.1563 0.9472
vn 0.3218 -0.0498 0.9455
vn 0.3216 -0.0501 0.9455
vn 0.1164 -0.0575 0.9915
vn 0.1166 -0.0576 0.9915
vn 0.1167 -0.0576 0.9915
vn 0.1540 -0.1049 0.9825
vn 0.4287 0.0705 0.9007
vn 0.4996 0.0884 0.8617
vn 0.2949 0.0840 0.9518
vn 0.1159 -0.0284 0.9929
vn 0.1604 -0.1769 0.9711
vn -0.1191 -0.1549 0.9807
vn -0.1196 -0.1562 0.9805
vn -0.1092 -0.1941 0.9749
vn -0.2585 -0.0439 0.9650
vn -0.1977 0.0071 0.9802
vn -0.1522 0.0449 0.9873
vn 0.3271 -0.1379 0.9349
vn 0.3195 -0.1286 0.9388
vn 0.3399 -0.1217 0.9326
vn 0.3620 -0.0923 0.9276
vn 0.4703 0.0063 0.8825
vn 0.4653 0.0311 0.8846
vn 0.4389 0.0444 0.8974
vn 0.3736 -0.0586 0.9257
vn 0.5555 0.1740 0.8131
vn 0.5165 0.1086 0.8494
vn 0.3080 -0.1167 0.9442
vn 0.4957 0.0635 0.8661
vn -0.2022 0.2047 0.9577
vn -0.0843 0.1814 0.9798
vn -0.1930 0.2072 0.9591
vn -0.2028 -0.0995 0.9742
vn -0.2028 -0.0993 0.9742
vn -0.1600 0.1514 0.9754
vn 0.1757 -0.2243 0.9586
vn 0.1756 -0.2244 0.9586
vn 0.1755 -0.2244 0.9585
vn -0.0200 -0.0599 0.9980
vn -0.3293 -0.1275 0.9356
vn -0.2741 -0.1166 0.9546
vn -0.2537 -0.1194 0.9599
vn 0.2611 -0.1525 0.9532
vn 0.3066 -0.1138 0.9450
vn 0.3871 -0.0417 0.9211
vn 0.4796 0.0975 0.8721
vn 0.0641 0.1011 0.9928
vn 0.0718 0.1002 0.9924
vn 0.0428 0.1410 0.9891
vn 0.0624 0.1250 0.9902
vn -0.2025 0.0107 0.9792
vn -0.2026 0.0107 0.9792
vn -0.2024 0.0107 0.9792
vn -0.1677 0.1241 0.9780
vn -0.1367 0.0054 0.9906
vn -0.2217 0.0312 0.9746
vn -0.1452 0.1956 0.9699
vn 0.3882 0.1653 0.9066
vn 0.3952 -0.0972 0.9134
vn 0.0709 -0.0529 0.9961
vn 0.0729 0.0437 0.9964
vn 0.0722 -0.0082 0.9974
vn 0.0711 -0.1463 0.9867
vn 0.0073 -0.1237 0.9923
vn -0.0698 -0.0963 0.9929
vn 0.3667 0.0743 0.9274
vn 0.3675 0.0749 0.9270
vn 0.3672 0.0745 0.9272
vn 0.1574 -0.1754 0.9718
vn -0.1111 0.1412 0.9837
vn -0.0916 0.1331 0.9869
vn -0.1396 0.1535 0.9782
vn -0.4053 -0.1677 0.8987
vn 0.3424 -0.1504 0.9274
vn 0.3425 -0.1502 0.9274
vn 0.3427 -0.1501 0.9274
vn -0.5224 -0.1422 0.8407
vn -0.5225 -0.1422 0.8407
vn -0.5224 -0.1423 0.8407
vn 0.4555 0.0283 0.8898
vn 0.4553 0.0281 0.8899
vn 0.4551 0.0278 0.8900
vn 0.3900 -0.0647 0.9185
vn 0.2376 -0.1303 0.9626
vn 0.2071 -0.1307 0.9696
vn -0.4913 -0.1170 0.8631
vn -0.4344 -0.1652 0.8854
vn -0.4749 -0.1330 0.8699
vn 0.1130 0.0770 0.9906
vn 0.2984 0.0665 0.9521
vn 0.1317 0.0744 0.9885
vn -0.0444 0.0627 0.9970
vn -0.0764 0.0815 0.9937
vn -0.4234 -0.1504 0.8934
vn -0.3472 -0.1738 0.9215
vn -0.2702 0.1561 0.9501
vn -0.2702 0.1560 0.9501
vn 0.5335 0.1667 0.8292
vn 0.5051 0.1713 0.8459
vn -0.4147 -0.0232 0.9097
vn 0.2639 -0.1434 0.9538
vn 0.2632 -0.1438 0.9540
vn 0.2636 -0.1436 0.9539
vn 0.2855 -0.1815 0.9410
vn 0.0833 -0.0126 0.9964
vn 0.0835 -0.0127 0.9964
vn 0.0834 -0.0127 0.9964
vn 0.2349 0.1302 0.9633
vn 0.2342 0.1297 0.9635
vn 0.2351 0.1305 0.9632
vn -0.4730 -0.1012 0.8752
vn 0.4001 0.0252 0.9161
vn 0.4346 0.0177 0.9004
vn 0.2521 0.0518 0.9663
vn 0.2621 -0.1156 0.9581
vn 0.5100 0.1349 0.8496
vn 0.5038 0.1401 0.8524
vn 0.5140 0.1312 0.8477
vn 0.3370 -0.0369 0.9408
vn 0.3373 -0.0368 0.9407
vn 0.3368 -0.0370 0.9408
vn -0.2784 -0.1305 0.9516
vn -0.2784 -0.1306 0.9516
vn -0.2783 -0.1306 0.9516
vn 0.0099 -0.0889 0.9960
vn -0.3381 -0.1232 0.9330
vn -0.3381 -0.1231 0.9330
vn 0.3100 -0.0503 0.9494
vn 0.1976 0.2215 0.9549
vn 0.1976 0.2214 0.9550
vn 0.1976 0.2213 0.9550
vn -0.3887 0.0853 0.9174
vn -0.2817 0.1656 0.9451
vn 0.2154 -0.1160 0.9696
vn 0.4504 0.0636 0.8906
vn -0.5534 -0.1127 0.8253
vn -0.4774 -0.1418 0.8672
vn -0.4473 -0.0742 0.8913
vn 0.0716 0.0947 0.9929
vn 0.0716 0.0946 0.9929
vn 0.1613 0.2411 0.9570
vn 0.1920 0.1236 0.9736
vn -0.4233 -0.0085 0.9059
vn -0.3395 -0.0093 0.9406
vn -0.4327 0.0422 0.9005
vn -0.4145 0.0353 0.9094
vn 0.2629 -0.0628 0.9628
vn 0.3342 -0.0739 0.9396
vn 0.2300 0.0582 0.9715
vn 0.3266 -0.1439 0.9341
vn 0.3266 -0.1441 0.9341
vn 0.3266 -0.1444 0.9341
vn 0.3881 -0.0364 0.9209
vn 0.2865 -0.1361 0.9484
vn 0.3824 -0.0467 0.9228
vn 0.5012 0.0854 0.8611
vn 0.2493 0.1643 0.9544
vn 0.2249 0.0142 0.9743
vn 0.0358 -0.0752 0.9965
vn 0.2234 0.1575 0.9619
vn 0.0447 0.0504 0.9977
vn -0.3503 0.0005 0.9367
vn -0.3499 -0.0012 0.9368
vn -0.3506 -0.0030 0.9365
vn -0.2261 -0.0308 0.9736
vn -0.1477 0.0648 0.9869
vn -0.3114 -0.1490 0.9385
vn -0.3204 -0.1390 0.9370
vn -0.3201 -0.1387 0.9372
vn -0.3200 -0.1386 0.9372
vn 0.3073 -0.0923 0.9471
vn -0.0647 0.1509 0.9864
vn -0.0557 0.1431 0.9881
vn 0.4318 -0.1177 0.8943
vn -0.5081 -0.1034 0.8551
vn -0.5080 -0.1032 0.8551
vn -0.5079 -0.1031 0.8552
vn -0.4049 -0.0180 0.9142
vn -0.4052 -0.0182 0.9141
vn -0.4052 -0.0183 0.9140
vn -0.0002 -0.1453 0.9894
vn -0.0043 -0.1516 0.9884
vn -0.0079 -0.1475 0.9890
vn 0.2740 0.1387 0.9517
vn 0.2741 0.1386 0.9517
vn 0.1425 0.1233 0.9821
vn 0.0041 0.1722 0.9851
vn -0.0869 0.0870 0.9924
vn -0.2500 -0.0726 0.9655
vn -0.2005 0.1316 0.9708
vn -0.2005 0.1317 0.9708
vn -0.2004 0.1315 0.9709
vn 0.2973 0.0053 0.9548
vn -0.1070 -0.0540 0.9928
vn -0.1130 -0.0379 0.9929
vn -0.1261 0.0202 0.9918
vn -0.3278 -0.1232 0.9367
vn -0.2008 -0.1736 0.9641
vn -0.2458 -0.1568 0.9565
vn -0.4201 0.0515 0.9060
vn -0.4199 0.0515 0.9061
vn 0.5562 0.1693 0.8136
vn 0.5564 0.1692 0.8135
vn 0.5564 0.1691 0.8135
vn 0.4090 0.1414 0.9015
vn 0.4444 0.0719 0.8930
vn 0.4808 0.1412 0.8654
vn 0.5151 0.0979 0.8516
vn -0.4402 -0.0511 0.8965
vn -0.4261 -0.0686 0.9021
vn -0.4491 -0.0410 0.8926
vn -0.4854 -0.1553 0.8604
vn -0.4854 -0.1551 0.8604
vn 0.1750 -0.2001 0.9640
vn -0.0633 -0.0567 0.9964
vn -0.5046 -0.1156 0.8556
vn -0.5047 -0.1157 0.8555
vn -0.5046 -0.1155 0.8556
vn -0.4966 -0.1484 0.8552
vn 0.3552 0.0056 0.9348
vn 0.2220 -0.1329 0.9659
vn 0.5554 0.1305 0.8213
vn 0.4298 0.1004 0.8973
vn -0.2291 0.1534 0.9612
vn -0.2290 0.1535 0.9612
vn -0.0397 -0.1740 0.9839
vn 0.1017 -0.1499 0.9835
vn -0.0445 -0.1430 0.9887
vn -0.0119 0.1998 0.9798
vn -0.1689 0.0835 0.9821
vn -0.0784 -0.0259 0.9966
vn -0.0056 0.1943 0.9809
vn -0.3594 -0.1507 0.9209
vn -0.3545 -0.1630 0.9207
vn -0.3608 -0.1511 0.9203
vn -0.0076 0.1876 0.9822
vn -0.0080 0.1878 0.9822
vn -0.0081 0.1879 0.9822
vn -0.3500 0.1356 0.9269
vn -0.3552 0.1390 0.9244
vn -0.3375 0.1291 0.9324
vn -0.3336 0.1261 0.9343
vn -0.3190 -0.0146 0.9476
vn -0.1657 -0.0771 0.9832
vn -0.1802 0.0396 0.9828
vn -0.3486 0.1376 0.9271
vn 0.0806 0.0519 0.9954
vn 0.3654 0.1551 0.9178
vn 0.3654 0.1551 0.9179
vn 0.3651 0.1552 0.9179
vn -0.1180 -0.2038 0.9719
vn -0.2483 0.0568 0.9670
vn -0.1052 0.1689 0.9800
vn -0.1056 0.1688 0.9800
vn -0.1049 0.1689 0.9800
vn -0.1285 0.0137 0.9916
vn -0.5038 -0.0924 0.8588
vn -0.5226 -0.1088 0.8456
vn -0.4644 -0.0594 0.8836
vn -0.4642 -0.0036 0.8857
vn -0.4641 -0.0035 0.8858
vn -0.3848 -0.1649 0.9081
vn -0.3980 -0.1478 0.9054
vn -0.5531 -0.1356 0.8220
vn -0.3393 0.1688 0.9254
vn -0.2728 0.1628 0.9482
vn -0.3301 0.1596 0.9304
vn 0.3653 0.0263 0.9305
vn 0.3817 -0.0021 0.9243
vn 0.3690 0.0176 0.9293
vn -0.3818 -0.0496 0.9229
vn -0.3819 -0.0496 0.9229
vn 0.0873 -0.1303 0.9876
vn 0.0694 -0.1232 0.9899
vn 0.2855 -0.1316 0.9493
vn 0.3204 0.1540 0.9347
vn 0.1245 0.0098 0.9922
vn 0.1205 -0.0202 0.9925
vn 0.2535 0.1348 0.9579
vn -0.3870 -0.0920 0.9175
vn -0.3870 -0.0921 0.9175
vn 0.3506 0.1314 0.9273
vn 0.3198 0.1377 0.9374
vn 0.4573 0.0810 0.8856
vn -0.0771 0.0955 0.9924
vn -0.0775 0.0952 0.9924
vn -0.0775 0.0951 0.9924
vn -0.3170 -0.0324 0.9479
vn -0.3168 -0.0324 0.9479
vn 0.0284 0.1652 0.9859
vn -0.5366 -0.0729 0.8407
vn 0.4103 0.2246 0.8839
vn 0.5786 0.1936 0.7923
vn -0.4368 -0.0764 0.8963
vn 0.0059 -0.0263 0.9996
vn 0.0133 0.0212 0.9997
vn 0.0071 0.0261 0.9996
vn -0.4195 -0.1540 0.8946
vn -0.4194 -0.1540 0.8946
vn -0.4196 -0.1540 0.8946
vn -0.1832 -0.0911 0.9788
vn 0.3969 -0.0245 0.9175
vn 0.4322 0.0010 0.9018
vn 0.4807 0.0655 0.8744
vn 0.4871 0.0866 0.8690
vn 0.3639 0.0024 0.9314
vn 0.3638 0.0023 0.9315
vn 0.3638 0.0022 0.9315
vn -0.2596 0.1555 0.9531
vn -0.2596 0.1554 0.9531
vn -0.2596 0.1556 0.9531
vn 0.5126 0.5575 0.6530
vn 0.5100 0.4026 0.7601
vn -0.1035 -0.1210 0.9872
vn -0.3261 -0.1547 0.9326
vn -0.3262 -0.1554 0.9324
vn -0.3264 -0.1542 0.9326
vn 0.4776 0.1175 0.8707
vn 0.5523 0.0695 0.8308
vn 0.3648 -0.0748 0.9281
vn 0.3625 -0.0478 0.9307
vn 0.4284 0.0916 0.8989
vn 0.0826 0.0962 0.9919
vn 0.3501 0.1404 0.9262
vn -0.0881 0.1884 0.9781
vn -0.0881 0.1883 0.9781
vn 0.5057 0.1195 0.8544
vn 0.5055 0.1195 0.8545
vn 0.5054 0.1196 0.8546
vn -0.1402 0.2193 0.9655
vn -0.2390 0.1226 0.9632
vn -0.1581 0.2198 0.9627
vn 0.3735 0.0420 0.9267
vn 0.4637 0.0935 0.8811
vn 0.4113 0.0354 0.9108
vn 0.0988 -0.0616 0.9932
vn 0.3953 -0.1021 0.9128
vn 0.3957 -0.1023 0.9127
vn 0.3955 -0.1022 0.9128
vn -0.1448 -0.1151 0.9827
vn -0.2505 -0.0295 0.9677
vn -0.2512 -0.0302 0.9675
vn -0.2515 -0.0310 0.9674
vn 0.0183 -0.1069 0.9941
vn 0.0087 -0.0879 0.9961
vn -0.0554 -0.0448 0.9975
vn -0.4599 -0.1116 0.8809
vn -0.4597 -0.1113 0.8810
vn -0.4596 -0.1112 0.8811
vn -0.5374 -0.1393 0.8317
vn -0.2251 0.1562 0.9617
vn -0.1107 0.1733 0.9786
vn -0.4025 -0.0898 0.9110
vn 0.3611 -0.1039 0.9267
vn 0.3609 -0.1039 0.9268
vn 0.3607 -0.1039 0.9269
vn -0.4546 -0.0503 0.8893
vn 0.3633 -0.0277 0.9313
vn 0.3635 -0.0276 0.9312
vn 0.2943 -0.1418 0.9451
vn 0.2939 -0.1412 0.9454
vn 0.2942 -0.1416 0.9452
vn 0.2692 0.1252 0.9549
vn 0.1920 0.0566 0.9798
vn 0.0085 -0.1234 0.9923
vn -0.1129 0.1314 0.9849
vn -0.0674 0.1311 0.9891
vn -0.0161 0.1524 0.9882
vn -0.3316 -0.0433 0.9424
vn -0.3317 -0.0433 0.9424
vn -0.3314 -0.0433 0.9425
vn -0.1935 0.1953 0.9615
vn 0.1542 -0.0964 0.9833
vn 0.1186 -0.0415 0.9921
vn 0.0941 -0.0027 0.9956
vn 0.1337 0.0208 0.9908
vn 0.1336 0.0209 0.9908
vn -0.3194 -0.1283 0.9389
vn -0.3189 -0.1289 0.9390
vn -0.3192 -0.1284 0.9389
vn -0.2239 -0.0267 0.9742
vn 0.1702 -0.0545 0.9839
vn 0.3908 -0.0305 0.9200
vn 0.1961 -0.0529 0.9792
vn 0.4183 0.1279 0.8993
vn 0.4498 0.2238 0.8646
vn 0.3957 -0.0322 0.9178
vn 0.2770 -0.1352 0.9513
vn 0.2769 -0.1351 0.9514
vn 0.2771 -0.1357 0.9512
vn 0.4959 0.0892 0.8638
vn 0.4143 0.0261 0.9098
vn 0.1246 -0.1299 0.9837
vn -0.3168 -0.1065 0.9425
vn -0.3856 -0.1432 0.9115
vn -0.3011 -0.1525 0.9413
vn -0.4713 -0.0942 0.8769
vn 0.3893 -0.0344 0.9205
vn -0.5559 -0.1171 0.8229
vn 0.2911 0.0270 0.9563
vn -0.1427 -0.0183 0.9896
vn -0.1426 -0.0182 0.9896
vn -0.1425 -0.0179 0.9896
vn -0.5530 -0.0975 0.8275
vn -0.5209 -0.1089 0.8467
vn -0.5549 -0.0950 0.8265
vn -0.4108 0.0385 0.9109
vn -0.4076 -0.1397 0.9024
vn -0.3413 -0.1543 0.9272
vn -0.1962 0.1114 0.9742
vn 0.4244 -0.0012 0.9055
vn -0.3880 0.0300 0.9212
vn -0.3878 0.0301 0.9213
vn -0.3878 0.0301 0.9212
vn 0.1807 -0.0161 0.9834
vn 0.1805 -0.0165 0.9834
vn 0.1808 -0.0160 0.9834
vn 0.0406 -0.1917 0.9806
vn 0.0728 0.0979 0.9925
vn 0.0727 0.0978 0.9925
vn 0.4845 0.1228 0.8661
vn 0.3469 0.1509 0.9257
vn 0.1014 0.1702 0.9802
vn 0.1652 -0.0032 0.9863
vn -0.5026 -0.1142 0.8569
vn -0.4259 0.0363 0.9041
vn -0.4023 0.0724 0.9126
vn -0.4160 0.1119 0.9025
vn -0.5253 -0.0950 0.8456
vn -0.1195 0.1568 0.9804
vn -0.1127 0.1443 0.9831
vn -0.7157 -0.1111 0.6895
vn -0.7158 -0.1111 0.6894
vn 0.3674 0.1517 0.9176
vn 0.3319 0.1086 0.9371
vn 0.1825 -0.0705 0.9807
vn 0.0962 -0.1479 0.9843
vn 0.1251 -0.1325 0.9833
vn 0.4210 -0.0025 0.9070
vn 0.5182 0.0973 0.8497
vn 0.4795 0.0556 0.8758
vn -0.0116 -0.1345 0.9909
vn 0.2737 -0.1643 0.9477
vn 0.0143 -0.1419 0.9898
vn -0.0319 0.0367 0.9988
vn -0.2007 0.0115 0.9796
vn -0.2416 0.0178 0.9702
vn 0.3007 -0.1014 0.9483
vn 0.2518 -0.1524 0.9557
vn 0.2882 0.1552 0.9449
vn -0.0582 -0.1147 0.9917
vn 0.0584 0.0173 0.9981
vn 0.0573 0.0166 0.9982
vn 0.0578 0.0167 0.9982
vn 0.4256 0.0236 0.9046
vn 0.2939 -0.1277 0.9473
vn 0.3241 0.0508 0.9446
vn -0.5577 -0.1018 0.8238
vn -0.0553 -0.1497 0.9872
vn 0.2553 0.1262 0.9586
vn -0.1220 -0.1258 0.9845
vn -0.2744 0.1529 0.9494
vn -0.2745 0.1528 0.9494
vn 0.2504 0.0665 0.9659
vn 0.4625 0.0098 0.8866
vn 0.4624 0.0099 0.8866
vn 0.1528 -0.1082 0.9823
vn 0.2971 0.1238 0.9468
vn 0.2965 0.1233 0.9470
vn 0.2973 0.1243 0.9467
vn -0.0014 0.1501 0.9887
vn 0.0655 -0.0671 0.9956
vn 0.2295 0.0072 0.9733
vn -0.4102 -0.1603 0.8978
vn -0.4101 -0.1602 0.8979
vn -0.3530 -0.1458 0.9242
vn -0.3526 -0.1461 0.9243
vn -0.3521 -0.1463 0.9245
vn -0.0325 0.0822 0.9961
vn -0.0319 0.0825 0.9961
vn -0.0320 0.0825 0.9961
vn -0.4580 -0.0349 0.8883
vn -0.5478 -0.0928 0.8315
vn -0.4416 -0.2500 0.8616
vn -0.2517 -0.0227 0.9675
vn -0.2519 -0.0225 0.9675
vn -0.5322 -0.0974 0.8410
vn -0.2991 -0.0108 0.9541
vn -0.2996 -0.0112 0.9540
vn -0.2994 -0.0111 0.9541
vn -0.2869 -0.1673 0.9432
vn 0.3001 -0.0911 0.9495
vn 0.2057 -0.1132 0.9720
vn -0.0148 -0.1517 0.9883
vn 0.1001 -0.1228 0.9874
vn 0.0387 -0.1394 0.9895
vn 0.0842 -0.1035 0.9911
vn 0.0834 -0.1041 0.9911
vn 0.0838 -0.1039 0.9911
vn -0.3256 0.1330 0.9361
vn -0.4842 -0.1301 0.8652
vn -0.4124 -0.1345 0.9010
vn -0.5575 -0.1164 0.8219
vn -0.4062 -0.0041 0.9138
vn 0.1539 -0.0046 0.9881
vn -0.2542 0.0929 0.9627
vn -0.3536 -0.1851 0.9169
vn 0.4303 -0.0015 0.9027
vn 0.4071 0.0830 0.9096
vn 0.3929 0.0955 0.9146
vn 0.4078 0.0829 0.9093
vn 0.4926 0.1160 0.8625
vn 0.1017 0.1470 0.9839
vn 0.1752 0.1305 0.9758
vn 0.0171 0.1645 0.9862
vn 0.1559 0.1816 0.9709
vn 0.2574 0.1195 0.9589
vn 0.1941 0.1671 0.9666
vn 0.4779 0.1288 0.8689
vn 0.2618 0.0425 0.9642
vn 0.0747 -0.0534 0.9958
vn 0.0520 -0.0494 0.9974
vn 0.2379 0.0010 0.9713
vn -0.2664 0.0756 0.9609
vn -0.0888 0.1941 0.9770
vn -0.1710 0.1407 0.9752
vn -0.0743 0.1406 0.9873
vn 0.4147 -0.0286 0.9095
vn -0.4435 -0.0073 0.8962
vn -0.0072 0.0083 0.9999
vn -0.1056 -0.0537 0.9930
vn 0.0184 0.0230 0.9996
vn -0.3126 0.1295 0.9410
vn -0.3522 0.1039 0.9301
vn 0.1616 0.1216 0.9793
vn 0.1620 0.1216 0.9793
vn 0.1619 0.1216 0.9793
vn 0.4170 0.1357 0.8987
vn 0.3289 0.1144 0.9374
vn 0.0118 -0.1190 0.9928
vn 0.0109 -0.1189 0.9928
vn 0.0110 -0.1189 0.9928
vn 0.1302 0.0818 0.9881
vn 0.1206 0.0451 0.9917
vn 0.2265 0.1213 0.9664
vn -0.1791 0.1407 0.9737
vn 0.5147 0.1358 0.8466
vn 0.5259 0.1223 0.8417
vn 0.4535 0.0390 0.8904
vn 0.3775 -0.0473 0.9248
vn 0.1165 0.1434 0.9828
vn 0.1161 0.1435 0.9828
vn 0.1152 0.1434 0.9829
vn 0.3811 0.0968 0.9194
vn 0.3812 0.0969 0.9194
vn 0.3814 0.0969 0.9193
vn -0.2645 0.1630 0.9505
vn -0.5298 -0.0586 0.8461
vn -0.4008 0.1116 0.9093
vn -0.4378 0.0632 0.8969
vn -0.5537 -0.0943 0.8274
vn -0.0510 0.1310 0.9901
vn 0.2024 -0.1373 0.9696
vn 0.2024 -0.1372 0.9696
vn 0.2024 -0.1375 0.9696
vn -0.0085 0.0911 0.9958
vn 0.0699 0.1693 0.9831
vn -0.1466 0.0561 0.9876
vn -0.1468 0.0561 0.9876
vn -0.1467 0.0561 0.9876
vn -0.4024 0.0018 0.9155
vn -0.4643 -0.1214 0.8773
vn -0.3290 -0.0772 0.9412
vn -0.3041 -0.1253 0.9444
vn -0.3043 -0.1251 0.9443
vn -0.3041 -0.1252 0.9444
vn -0.1483 -0.1208 0.9815
vn -0.2518 0.1196 0.9604
vn 0.4286 0.1278 0.8944
vn 0.4050 0.1415 0.9033
vn -0.0486 0.0703 0.9963
vn 0.2790 0.2120 0.9366
vn 0.2789 0.2117 0.9367
vn 0.2790 0.2122 0.9366
vn -0.3817 0.0864 0.9202
vn -0.3737 0.0721 0.9247
vn -0.3922 0.0911 0.9154
vn -0.3046 0.1520 0.9403
vn -0.3051 0.1522 0.9401
vn -0.3053 0.1526 0.9400
vn -0.4023 0.1062 0.9093
vn -0.4535 -0.0517 0.8898
vn -0.4530 -0.0521 0.8900
vn -0.4533 -0.0519 0.8898
vn -0.2693 0.1976 0.9426
vn -0.2693 0.1975 0.9426
vn 0.2569 0.0997 0.9613
vn 0.2570 0.0997 0.9612
vn 0.2566 0.0996 0.9614
vn 0.4546 0.1789 0.8725
vn 0.4545 0.1786 0.8727
vn 0.4546 0.1788 0.8726
vn -0.1499 -0.1038 0.9832
vn -0.1505 -0.1035 0.9832
vn -0.1515 -0.1038 0.9830
vn -0.0831 0.1435 0.9862
vn -0.0206 0.1336 0.9908
vn -0.1453 0.1513 0.9777
vn 0.0075 0.1016 0.9948
vn 0.2595 0.1705 0.9506
vn 0.2593 0.1706 0.9506
vn 0.2596 0.1704 0.9506
vn -0.3093 0.1317 0.9418
vn -0.3091 0.1314 0.9419
vn -0.3096 0.1319 0.9417
vn -0.1938 0.1592 0.9680
vn 0.3320 -0.0805 0.9398
vn 0.3272 -0.0529 0.9435
vn 0.3268 -0.0530 0.9436
vn 0.3270 -0.0530 0.9435
vn 0.1176 -0.0506 0.9918
vn 0.1599 -0.0301 0.9867
vn 0.1592 -0.0308 0.9868
vn 0.1595 -0.0306 0.9867
vn -0.5098 -0.1196 0.8519
vn -0.5098 -0.1195 0.8520
vn 0.2507 -0.1227 0.9603
vn -0.1209 0.2300 0.9656
vn -0.1211 0.2299 0.9656
vn -0.3286 -0.0691 0.9419
vn -0.2404 -0.1727 0.9552
vn -0.3043 -0.0988 0.9474
vn 0.1543 -0.1314 0.9793
vn 0.0226 -0.1069 0.9940
vn 0.5438 0.1128 0.8316
vn -0.1510 0.0096 0.9885
vn -0.1513 0.0097 0.9884
vn -0.1506 0.0094 0.9885
vn -0.8149 -0.1268 0.5656
vn -0.8148 -0.1270 0.5656
vn -0.8151 -0.1267 0.5653
vn 0.5517 0.1212 0.8252
vn 0.5518 0.1213 0.8251
vn 0.2211 -0.2056 0.9533
vn 0.2232 -0.1938 0.9553
vn 0.2320 -0.1697 0.9578
vn -0.3810 0.0275 0.9242
vn 0.4217 -0.0085 0.9067
vn 0.4214 -0.0084 0.9068
vn 0.4210 -0.0085 0.9070
vn 0.3527 -0.0590 0.9339
vn -0.0459 0.1122 0.9926
vn 0.3440 0.1419 0.9282
vn 0.1735 -0.1639 0.9711
vn 0.2164 -0.1483 0.9650
vn 0.3985 0.0150 0.9171
vn 0.3984 0.0147 0.9171
vn 0.3984 0.0148 0.9171
vn -0.5392 -0.0432 0.8411
vn -0.5392 -0.0433 0.8411
vn 0.4984 0.1384 0.8558
vn 0.4984 0.1385 0.8558
vn 0.2173 -0.0663 0.9739
vn 0.3737 -0.0291 0.9271
vn -0.1980 -0.1205 0.9728
vn -0.3284 -0.1545 0.9318
vn -0.3287 -0.1547 0.9317
vn -0.3289 -0.1551 0.9315
vn -0.1336 -0.0313 0.9905
vn -0.1335 -0.0313 0.9905
vn -0.1338 -0.0313 0.9905
vn -0.0352 0.0072 0.9994
vn -0.4729 -0.1466 0.8688
vn -0.4783 -0.1515 0.8650
vn -0.3888 -0.2095 0.8972
vn -0.2721 0.1332 0.9530
vn -0.2723 0.1329 0.9530
vn -0.2720 0.1334 0.9530
vn 0.5188 0.1474 0.8421
vn 0.3050 0.1688 0.9373
vn 0.3057 0.1691 0.9370
vn -0.3395 0.0246 0.9403
vn -0.3886 0.0231 0.9211
vn -0.4168 0.0693 0.9063
vn -0.4169 0.0693 0.9063
vn -0.4164 0.0694 0.9065
vn 0.4056 -0.0061 0.9140
vn 0.4053 -0.0061 0.9142
vn 0.4050 -0.0063 0.9143
vn -0.4886 -0.1269 0.8632
vn 0.3870 -0.0989 0.9168
vn 0.4086 -0.0576 0.9109
vn 0.4025 -0.0671 0.9129
vn 0.3860 -0.1033 0.9167
vn 0.1050 -0.1879 0.9766
vn 0.2976 -0.1510 0.9427
vn 0.2976 -0.1507 0.9427
vn 0.2978 -0.1502 0.9427
vn 0.3595 0.0390 0.9323
vn 0.4430 0.0293 0.8960
vn 0.1271 0.0324 0.9914
vn 0.1022 0.0090 0.9947
vn 0.0429 0.0236 0.9988
vn -0.1929 -0.0325 0.9807
vn -0.1928 -0.0325 0.9807
vn -0.1930 -0.0325 0.9807
vn 0.1159 -0.1284 0.9849
vn 0.1478 -0.0985 0.9841
vn 0.1305 -0.1172 0.9845
vn 0.4855 0.0083 0.8742
vn -0.2288 -0.1552 0.9610
vn -0.2287 -0.1552 0.9610
vn -0.2288 -0.1551 0.9610
vn 0.4358 0.0089 0.9000
vn -0.2374 0.1578 0.9585
vn -0.2375 0.1580 0.9585
vn -0.2373 0.1576 0.9586
vn 0.4980 0.1480 0.8544
vn 0.4981 0.1480 0.8544
vn 0.4982 0.1480 0.8544
vn 0.5393 0.0856 0.8378
vn -0.5222 -0.1284 0.8431
vn -0.3579 -0.0671 0.9313
vn -0.2891 -0.0078 0.9573
vn -0.4257 -0.0607 0.9028
vn -0.2341 -0.0094 0.9722
vn 0.1120 -0.0270 0.9933
vn -0.1629 0.1579 0.9739
vn -0.3641 -0.1229 0.9232
vn -0.2540 -0.1018 0.9618
vn -0.2956 -0.1109 0.9489
vn 0.2221 0.1380 0.9652
vn -0.1264 0.0687 0.9896
vn -0.0552 0.1181 0.9915
vn -0.0553 0.1180 0.9915
vn -0.0551 0.1182 0.9915
vn 0.3436 -0.1186 0.9316
vn 0.3595 0.1435 0.9220
vn 0.3597 0.1435 0.9220
vn -0.0283 0.0509 0.9983
vn -0.2783 0.1074 0.9545
vn -0.1902 0.1713 0.9667
vn 0.0257 0.1285 0.9914
vn 0.1103 -0.0703 0.9914
vn 0.1103 -0.0702 0.9914
vn -0.3198 -0.1440 0.9365
vn -0.3780 -0.1137 0.9188
vn -0.3785 -0.1140 0.9186
vn -0.3783 -0.1139 0.9187
vn 0.5259 0.1428 0.8385
vn 0.2912 0.0648 0.9545
vn 0.3198 0.0512 0.9461
vn 0.1861 0.1090 0.9765
vn -0.0847 0.0248 0.9961
vn -0.0846 0.0248 0.9961
vn -0.0848 0.0248 0.9961
vn 0.0170 -0.1125 0.9935
vn 0.0171 -0.1125 0.9935
vn 0.0168 -0.1124 0.9935
vn -0.2162 0.1212 0.9688
vn -0.2162 0.1215 0.9687
vn -0.2161 0.1217 0.9687
vn -0.2395 -0.2351 0.9420
vn -0.1122 0.0577 0.9920
vn -0.4286 0.0486 0.9022
vn 0.2985 0.1899 0.9353
vn 0.2982 0.1900 0.9354
vn 0.2989 0.1897 0.9352
vn -0.1805 0.1391 0.9737
vn 0.0750 0.1153 0.9905
vn 0.0751 0.1153 0.9905
vn 0.0749 0.1154 0.9905
vn -0.3970 -0.1725 0.9015
vn 0.2165 0.0775 0.9732
vn 0.1334 0.0877 0.9872
vn 0.0665 0.0968 0.9931
vn -0.1399 0.0037 0.9902
vn -0.3268 0.1562 0.9321
vn -0.3265 0.1559 0.9322
vn -0.3267 0.1560 0.9322
vn -0.3656 -0.1380 0.9205
vn 0.0914 -0.1844 0.9786
vn 0.0914 -0.1843 0.9786
vn 0.0914 -0.1845 0.9786
vn 0.2511 0.1285 0.9594
vn 0.3343 0.1608 0.9287
vn -0.3547 -0.1874 0.9160
vn -0.0575 0.1791 0.9821
vn -0.0580 0.1791 0.9821
vn -0.0583 0.1793 0.9821
vn -0.1411 0.0734 0.9873
vn 0.3878 -0.1320 0.9122
vn 0.3877 -0.1320 0.9123
vn 0.3879 -0.1321 0.9122
vn 0.3451 -0.1531 0.9260
vn -0.3932 -0.0873 0.9153
vn -0.2469 0.1778 0.9526
vn 0.1550 -0.0832 0.9844
vn 0.0194 -0.0486 0.9986
vn -0.2005 -0.1089 0.9736
vn 0.3546 0.1420 0.9242
vn 0.4405 0.1358 0.8874
vn 0.4119 0.1342 0.9013
vn 0.0394 0.1533 0.9874
vn -0.5096 -0.1051 0.8540
vn -0.4673 -0.1432 0.8724
vn 0.1743 -0.1459 0.9738
vn 0.4114 -0.1222 0.9032
vn -0.4921 -0.1118 0.8633
vn -0.4925 -0.1116 0.8631
vn -0.4926 -0.1115 0.8631
vn -0.3869 0.0564 0.9204
vn -0.3870 0.0565 0.9203
vn -0.3868 0.0562 0.9205
vn 0.5872 0.1572 0.7940
vn 0.5865 0.1575 0.7945
vn 0.5875 0.1567 0.7939
vn 0.1734 0.1027 0.9795
vn -0.0821 -0.1258 0.9886
vn -0.1321 0.0085 0.9912
vn 0.1365 -0.1389 0.9808
vn -0.2347 -0.0700 0.9695
vn 0.2559 0.1813 0.9496
vn 0.0341 -0.0598 0.9976
vn 0.0490 -0.0379 0.9981
vn 0.0451 0.0233 0.9987
vn 0.0950 -0.2026 0.9746
vn 0.0950 -0.2027 0.9746
vn 0.4895 0.2216 0.8434
vn -0.1692 0.1721 0.9704
vn 0.1431 0.1274 0.9815
vn 0.4703 0.1311 0.8727
vn 0.4702 0.1311 0.8727
vn 0.4700 0.1315 0.8728
vn -0.5087 -0.1357 0.8502
vn -0.2647 -0.1768 0.9480
vn -0.2647 -0.1766 0.9480
vn 0.3625 0.0798 0.9286
vn 0.3590 0.1436 0.9222
vn 0.3588 0.1439 0.9223
vn 0.3587 0.1441 0.9223
vn -0.1388 0.0105 0.9903
vn -0.0969 0.1004 0.9902
vn -0.5094 -0.1473 0.8478
vn -0.5087 -0.1479 0.8481
vn -0.2628 -0.0274 0.9645
vn -0.2628 -0.0274 0.9644
vn -0.1226 0.1528 0.9806
vn -0.1231 0.1525 0.9806
vn -0.1225 0.1529 0.9806
vn 0.1428 -0.1147 0.9831
vn -0.2906 0.1558 0.9441
vn -0.2905 0.1560 0.9441
vn -0.4899 -0.0978 0.8662
vn 0.1101 -0.1176 0.9869
vn 0.1096 -0.1175 0.9870
vn 0.1104 -0.1178 0.9869
vn -0.3076 0.1426 0.9408
vn -0.3080 0.1427 0.9406
vn -0.3078 0.1426 0.9407
vn -0.2784 0.1416 0.9500
vn -0.5060 -0.1380 0.8514
vn -0.5060 -0.1379 0.8514
vn -0.5189 -0.1167 0.8468
vn -0.5190 -0.1165 0.8468
vn -0.5189 -0.1166 0.8468
vn -0.3922 -0.1650 0.9050
vn -0.3919 -0.1648 0.9051
vn -0.3918 -0.1647 0.9052
vn -0.4044 0.0091 0.9145
vn -0.4044 0.0090 0.9146
vn -0.2168 0.0603 0.9744
vn -0.1083 -0.0100 0.9941
vn -0.1082 -0.0098 0.9941
vn -0.1080 -0.0096 0.9941
vn -0.4553 -0.1846 0.8710
vn -0.0633 0.1306 0.9894
vn -0.0966 0.0535 0.9939
vn -0.1451 0.0041 0.9894
vn -0.0730 0.0761 0.9944
vn 0.0504 0.0711 0.9962
vn 0.0993 -0.0135 0.9950
vn 0.4111 -0.0133 0.9115
vn 0.1015 -0.0316 0.9943
vn 0.1017 -0.0315 0.9943
vn 0.1019 -0.0314 0.9943
vn -0.2815 -0.1554 0.9469
vn -0.1027 0.0230 0.9944
vn 0.1985 0.0256 0.9798
vn 0.1984 0.0256 0.9798
vn 0.1983 0.0256 0.9798
vn 0.5118 0.1274 0.8496
vn 0.4784 0.0791 0.8746
vn 0.4913 0.1209 0.8626
vn 0.0509 -0.1534 0.9869
vn 0.3270 -0.1340 0.9355
vn 0.0875 0.1825 0.9793
vn 0.0876 0.1825 0.9793
vn 0.1595 0.1178 0.9801
vn 0.3854 0.0081 0.9227
vn -0.2401 0.0050 0.9707
vn 0.4493 0.0291 0.8929
vn 0.4492 0.0293 0.8929
vn -0.0325 0.0733 0.9968
vn 0.1925 0.0466 0.9802
vn 0.2115 0.0601 0.9755
vn 0.3447 -0.1294 0.9298
vn 0.3231 -0.1156 0.9393
vn 0.3230 -0.1157 0.9393
vn 0.0414 -0.1351 0.9900
vn -0.0910 -0.1203 0.9886
vn -0.0913 -0.1209 0.9885
vn -0.0911 -0.1206 0.9885
vn 0.2627 -0.1290 0.9562
vn 0.2626 -0.1292 0.9562
vn 0.5075 0.1235 0.8528
vn 0.4960 0.1190 0.8602
vn -0.3820 0.1186 0.9165
vn -0.3821 0.1188 0.9165
vn -0.3820 0.1189 0.9165
vn 0.3151 -0.1492 0.9373
vn 0.4607 0.0552 0.8858
vn 0.4598 0.0535 0.8864
vn 0.4631 0.0499 0.8849
vn 0.3706 -0.0520 0.9273
vn 0.1275 0.1225 0.9842
vn 0.2887 -0.1320 0.9483
vn -0.4361 -0.0653 0.8975
vn -0.2509 0.2059 0.9458
vn 0.4776 0.1099 0.8717
vn 0.2985 0.1626 0.9404
vn 0.0654 -0.0532 0.9964
vn 0.2812 -0.1201 0.9521
vn 0.2814 -0.1200 0.9521
vn 0.2817 -0.1199 0.9520
vn -0.5440 -0.1258 0.8296
vn -0.3725 0.0524 0.9265
vn -0.2468 0.1133 0.9624
vn -0.1053 -0.1780 0.9784
vn -0.0761 -0.1870 0.9794
vn -0.2224 -0.1440 0.9643
vn -0.0437 0.1396 0.9892
vn -0.0436 0.1396 0.9892
vn 0.1611 -0.1434 0.9765
vn 0.1609 -0.1434 0.9765
vn 0.1615 -0.1434 0.9764
vn -0.5378 -0.0571 0.8411
vn -0.4802 -0.1729 0.8599
vn 0.3329 0.1425 0.9321
vn 0.3891 0.1261 0.9125
vn 0.3014 0.1494 0.9417
vn 0.2600 0.1614 0.9520
vn 0.0028 -0.1669 0.9860
vn 0.0030 -0.1671 0.9859
vn 0.0025 -0.1668 0.9860
vn 0.2913 -0.1345 0.9471
vn 0.0229 -0.0598 0.9979
vn 0.0226 -0.0589 0.9980
vn 0.0229 -0.0594 0.9980
vn -0.3972 0.1256 0.9091
vn -0.0904 0.1248 0.9881
vn -0.1239 0.0954 0.9877
vn -0.0662 0.1430 0.9875
vn -0.1520 0.0719 0.9858
vn 0.2958 0.0396 0.9544
vn 0.2388 0.0821 0.9676
vn 0.1858 0.1230 0.9749
vn 0.2146 0.1283 0.9683
vn 0.2310 0.1171 0.9659
vn 0.1668 0.1537 0.9739
vn 0.1572 0.0997 0.9825
vn 0.1560 0.1393 0.9779
vn 0.1397 0.1524 0.9784
vn 0.3739 0.0069 0.9274
vn 0.2974 -0.1526 0.9425
vn 0.2970 -0.1527 0.9426
vn 0.2973 -0.1527 0.9425
vn -0.0316 0.1091 0.9935
vn 0.1827 0.1414 0.9729
vn 0.1827 0.1415 0.9729
vn -0.3106 -0.0801 0.9472
vn -0.3107 -0.0806 0.9471
vn -0.3106 -0.0798 0.9472
vn -0.1668 -0.0242 0.9857
vn -0.3653 -0.1398 0.9203
vn 0.1771 -0.1122 0.9778
vn -0.2633 0.1643 0.9506
vn -0.5069 -0.1189 0.8538
vn -0.3757 -0.0340 0.9261
vn -0.4447 -0.0782 0.8923
vn -0.3400 -0.0137 0.9403
vn 0.5604 0.1306 0.8179
vn 0.5608 0.1290 0.8178
vn -0.2056 0.1835 0.9613
vn -0.2056 0.1834 0.9613
vn -0.3160 -0.1755 0.9324
vn 0.2480 0.1481 0.9574
vn -0.0064 -0.1432 0.9897
vn -0.0154 -0.1633 0.9865
vn -0.0152 -0.1635 0.9864
vn -0.0159 -0.1631 0.9865
vn 0.1321 0.0041 0.9912
vn 0.3918 0.1297 0.9109
vn 0.3515 -0.1944 0.9158
vn -0.3308 0.1358 0.9339
vn -0.3199 0.1287 0.9387
vn -0.3260 0.1334 0.9359
vn 0.4947 0.1698 0.8523
vn 0.4944 0.1697 0.8525
vn 0.4943 0.1695 0.8526
vn -0.1590 0.1613 0.9740
vn -0.2584 0.1551 0.9535
vn -0.2585 0.1552 0.9535
vn -0.1667 -0.0645 0.9839
vn -0.1667 -0.0640 0.9839
vn -0.1667 -0.0643 0.9839
vn 0.1060 0.0236 0.9941
vn -0.0642 -0.0612 0.9961
vn -0.0475 0.1489 0.9877
vn 0.2158 -0.1364 0.9669
vn 0.2159 -0.1367 0.9668
vn -0.3248 0.1479 0.9341
vn -0.3251 0.1476 0.9341
vn -0.3246 0.1481 0.9342
vn 0.4115 -0.0055 0.9114
vn 0.4114 -0.0053 0.9114
vn 0.4112 -0.0052 0.9115
vn -0.1526 -0.2085 0.9660
vn -0.1528 -0.2084 0.9660
vn -0.1644 -0.1829 0.9693
vn 0.3762 -0.0009 0.9265
vn 0.3750 -0.0016 0.9270
vn 0.3746 -0.0023 0.9272
vn 0.4889 0.0479 0.8710
vn 0.4886 0.0473 0.8712
vn 0.4889 0.0476 0.8711
vn 0.3558 -0.1410 0.9239
vn 0.3559 -0.1411 0.9238
vn 0.3557 -0.1409 0.9239
vn 0.3764 0.1688 0.9109
vn -0.1146 -0.1844 0.9762
vn -0.0292 -0.2021 0.9789
vn -0.1936 -0.1669 0.9668
vn -0.5097 -0.1110 0.8531
vn -0.5532 -0.0636 0.8306
vn 0.0043 0.0500 0.9987
vn 0.1842 -0.1261 0.9748
vn 0.1842 -0.1263 0.9747
vn -0.4326 -0.1732 0.8848
vn -0.1191 0.0457 0.9918
vn -0.0666 -0.0240 0.9975
vn -0.1948 -0.1766 0.9648
vn -0.0885 0.0972 0.9913
vn -0.1778 0.0455 0.9830
vn -0.0789 0.0185 0.9967
vn -0.2293 0.0630 0.9713
vn 0.4908 0.0510 0.8698
vn 0.4909 0.0511 0.8697
vn 0.4908 0.0511 0.8698
vn -0.2346 0.1332 0.9629
vn -0.2353 0.1466 0.9608
vn -0.2352 0.1511 0.9601
vn -0.0608 0.0043 0.9981
vn 0.2958 -0.1583 0.9421
vn 0.2958 -0.1584 0.9420
vn 0.3537 0.1254 0.9269
vn -0.1021 0.1415 0.9847
vn 0.0390 0.0190 0.9991
vn 0.2250 0.0009 0.9744
vn 0.2252 0.0004 0.9743
vn 0.2245 0.0012 0.9745
vn 0.4412 0.0197 0.8972
vn 0.4172 0.0230 0.9085
vn 0.2532 -0.1731 0.9518
vn 0.2533 -0.1729 0.9518
vn 0.2533 -0.1730 0.9518
vn 0.1360 -0.0440 0.9897
vn 0.1357 -0.0440 0.9898
vn 0.1358 -0.0440 0.9898
vn -0.2805 -0.1468 0.9486
vn 0.3389 0.1410 0.9302
vn 0.2631 0.0541 0.9633
vn -0.1891 0.1861 0.9642
vn 0.0791 0.0054 0.9968
vn 0.1091 0.0350 0.9934
vn 0.2309 -0.0153 0.9729
vn 0.2310 -0.0152 0.9728
vn -0.2926 0.1666 0.9416
vn -0.3294 0.0638 0.9420
vn 0.3472 -0.0634 0.9356
vn 0.3476 -0.0637 0.9355
vn 0.3474 -0.0635 0.9356
vn -0.4251 -0.1339 0.8952
vn -0.5422 -0.1109 0.8329
vn 0.3156 -0.0031 0.9489
vn 0.3911 -0.0006 0.9203
vn 0.3909 -0.0003 0.9204
vn 0.3908 -0.0001 0.9205
vn 0.3751 0.0230 0.9267
vn 0.4426 -0.1032 0.8907
vn 0.4423 -0.1036 0.8908
vn 0.4427 -0.1027 0.8907
vn -0.1555 0.0351 0.9872
vn -0.1559 0.0353 0.9871
vn -0.1561 0.0355 0.9871
vn -0.2549 0.1248 0.9589
vn -0.2550 0.1247 0.9589
vn -0.0634 0.1810 0.9814
vn -0.2386 -0.1313 0.9622
vn -0.1659 0.1935 0.9670
vn -0.4162 -0.0249 0.9089
vn -0.1144 0.1085 0.9875
vn -0.1143 0.1085 0.9875
vn 0.0280 -0.0366 0.9989
vn -0.0025 -0.0031 1.0000
vn -0.0421 0.0417 0.9982
vn -0.4383 -0.1496 0.8863
vn -0.5308 -0.1279 0.8378
vn -0.2953 0.0425 0.9544
vn -0.2813 0.1600 0.9462
vn -0.2814 0.1601 0.9462
vn -0.2812 0.1600 0.9462
vn -0.0122 -0.1474 0.9890
vn -0.0124 -0.1477 0.9890
vn -0.0121 -0.1474 0.9890
vn -0.5905 -0.1811 0.7865
vn -0.5904 -0.1813 0.7864
vn -0.5904 -0.1815 0.7865
vn -0.0178 0.1794 0.9836
vn -0.1482 0.3081 0.9397
vn -0.1481 0.3083 0.9397
vn -0.1480 0.3086 0.9396
vn 0.3371 -0.1331 0.9320
vn -0.1876 0.1477 0.9711
vn 0.4249 0.1704 0.8891
vn -0.1249 0.1570 0.9797
vn 0.1863 -0.0624 0.9805
vn 0.1853 -0.0627 0.9807
vn 0.1858 -0.0627 0.9806
vn 0.3129 0.0354 0.9491
vn -0.3021 -0.1221 0.9454
vn -0.3023 -0.1221 0.9454
vn -0.4983 -0.1392 0.8558
vn 0.4449 -0.0853 0.8915
vn 0.4996 0.1220 0.8576
vn 0.4996 0.1219 0.8576
vn 0.2556 0.0575 0.9651
vn 0.2557 0.0575 0.9651
vn 0.0767 0.1387 0.9874
vn 0.0764 0.1388 0.9874
vn 0.0765 0.1388 0.9874
vn 0.1538 -0.1375 0.9785
vn 0.1112 -0.1215 0.9863
vn -0.3085 -0.0173 0.9511
vn 0.3192 -0.1419 0.9370
vn -0.0210 -0.1191 0.9927
vn -0.0352 -0.0445 0.9984
vn -0.0223 -0.1250 0.9919
vn -0.0108 -0.1760 0.9843
vn 0.1492 0.1655 0.9749
vn -0.1788 -0.0384 0.9831
vn 0.2116 0.0168 0.9772
vn 0.2114 0.0172 0.9773
vn 0.2114 0.0175 0.9773
vn -0.5137 -0.1627 0.8424
vn -0.2570 -0.1326 0.9573
vn -0.1124 0.0173 0.9935
vn 0.3228 0.1279 0.9378
vn 0.3221 0.1272 0.9381
vn 0.3219 0.1267 0.9383
vn 0.0060 -0.0767 0.9970
vn 0.1819 -0.1432 0.9728
vn -0.5068 -0.0908 0.8573
vn 0.0088 0.1560 0.9877
vn -0.3741 -0.0144 0.9273
vn -0.3967 0.1290 0.9089
vn 0.3345 -0.1155 0.9353
vn 0.2155 0.1175 0.9694
vn 0.2153 0.1173 0.9695
vn 0.2159 0.1178 0.9693
vn 0.5217 0.1096 0.8461
vn -0.0564 -0.1879 0.9806
vn -0.0568 -0.1874 0.9806
vn -0.0566 -0.1877 0.9806
vn -0.2294 -0.1267 0.9651
vn 0.5083 0.1174 0.8532
vn 0.5088 0.1175 0.8528
vn 0.5089 0.1175 0.8528
vn 0.4107 -0.0948 0.9068
vn -0.5088 -0.0476 0.8596
vn -0.4895 -0.0152 0.8719
vn 0.2881 -0.1375 0.9477
vn -0.3500 0.0249 0.9364
vn -0.3501 0.0252 0.9364
vn -0.3500 0.0256 0.9364
vn 0.1236 0.0455 0.9913
vn -0.1987 -0.1066 0.9742
vn -0.1988 -0.1065 0.9742
vn -0.1988 -0.1063 0.9743
vn -0.0299 0.0753 0.9967
vn -0.0301 0.0752 0.9967
vn -0.0300 0.0752 0.9967
vn -0.3233 -0.1414 0.9357
vn -0.3230 -0.1417 0.9357
vn -0.3238 -0.1412 0.9355
vn 0.2818 -0.1567 0.9466
vn 0.4108 -0.0045 0.9117
vn 0.3905 0.0222 0.9204
vn -0.4952 -0.1254 0.8597
vn -0.3215 0.0286 0.9465
vn 0.0443 -0.1586 0.9864
vn 0.0444 -0.1586 0.9864
vn 0.0441 -0.1586 0.9864
vn 0.3223 0.0859 0.9427
vn 0.1339 -0.0624 0.9890
vn 0.0431 -0.1188 0.9920
vn 0.3182 0.1293 0.9391
vn 0.3181 0.1298 0.9391
vn 0.3182 0.1295 0.9391
vn 0.2254 -0.0823 0.9708
vn 0.2250 -0.0831 0.9708
vn 0.2253 -0.0818 0.9708
vn -0.1698 0.0548 0.9840
vn -0.1093 0.0725 0.9914
vn -0.1094 0.0726 0.9913
vn 0.2560 0.0912 0.9624
vn -0.1412 0.0303 0.9895
vn -0.2215 -0.1478 0.9639
vn -0.0927 -0.2167 0.9718
vn -0.3094 -0.0967 0.9460
vn 0.3172 0.1749 0.9321
vn -0.0869 0.0688 0.9938
vn -0.3325 -0.1461 0.9317
vn -0.3323 -0.1461 0.9318
vn 0.2984 0.0649 0.9522
vn -0.0139 -0.1280 0.9917
vn -0.0143 -0.1281 0.9917
vn 0.0394 -0.1530 0.9874
vn 0.0394 -0.1529 0.9875
vn 0.1046 0.1302 0.9860
vn -0.2548 0.1542 0.9546
vn -0.2549 0.1541 0.9546
vn -0.2548 0.1527 0.9549
vn -0.3166 0.0912 0.9442
vn 0.2780 -0.1501 0.9488
vn -0.2696 0.1859 0.9449
vn -0.1943 -0.1176 0.9739
vn -0.1946 -0.1180 0.9738
vn -0.1947 -0.1183 0.9737
vn 0.4755 0.0869 0.8754
vn 0.4754 0.0869 0.8754
vn 0.3890 0.0468 0.9200
vn 0.3891 0.0468 0.9200
vn 0.3889 0.0467 0.9201
vn 0.2699 0.1672 0.9483
vn 0.2312 -0.1558 0.9604
vn -0.3359 -0.0797 0.9385
vn -0.3857 0.0094 0.9226
vn -0.3578 -0.0368 0.9331
vn 0.0336 -0.0844 0.9959
vn 0.0337 -0.0845 0.9959
vn 0.0332 -0.0844 0.9959
vn 0.0830 -0.1266 0.9885
vn -0.4213 0.1026 0.9011
vn -0.4782 -0.0847 0.8741
vn -0.3765 -0.2004 0.9045
vn 0.0656 -0.0792 0.9947
vn -0.3477 0.0075 0.9376
vn -0.3478 0.0074 0.9376
vn 0.4535 0.2573 0.8533
vn 0.4538 0.2572 0.8532
vn 0.4532 0.2574 0.8534
vn 0.2028 0.0480 0.9780
vn 0.4154 0.0758 0.9065
vn -0.3274 0.1629 0.9307
vn 0.3378 -0.0746 0.9383
vn -0.3127 0.1233 0.9418
vn -0.3248 0.1466 0.9344
vn -0.2753 0.1467 0.9501
vn -0.3163 0.1400 0.9383
vn -0.2345 0.1597 0.9589
vn -0.0909 0.1656 0.9820
vn -0.1025 -0.1726 0.9796
vn -0.5201 -0.1389 0.8427
vn -0.4005 -0.1430 0.9051
vn -0.4435 -0.1427 0.8848
vn -0.5437 -0.1048 0.8327
vn -0.3959 -0.3269 0.8581
vn -0.4294 -0.2819 0.8580
vn -0.5760 -0.0452 0.8162
vn 0.3012 0.1540 0.9411
vn 0.2524 0.1088 0.9615
vn 0.5132 0.1080 0.8514
vn 0.2618 0.1560 0.9524
vn -0.1855 0.1280 0.9743
vn -0.1653 0.1242 0.9784
vn -0.2637 0.1397 0.9544
vn 0.3148 0.1439 0.9382
vn -0.2345 -0.0841 0.9685
vn 0.0488 -0.1242 0.9911
vn -0.2603 -0.1263 0.9572
vn -0.1028 -0.1514 0.9831
vn -0.2366 -0.1305 0.9628
vn -0.3860 0.0512 0.9211
vn -0.3864 0.0511 0.9209
vn -0.3865 0.0511 0.9209
vn 0.2862 -0.1464 0.9469
vn -0.5223 -0.0369 0.8519
vn 0.0054 -0.0760 0.9971
vn 0.5305 0.1855 0.8272
vn -0.0749 0.0782 0.9941
vn -0.0279 0.0632 0.9976
vn 0.3023 0.0974 0.9482
vn -0.3147 -0.1460 0.9379
vn -0.4419 -0.1334 0.8871
vn 0.3239 -0.0325 0.9455
vn 0.3232 -0.0325 0.9458
vn 0.3234 -0.0326 0.9457
vn -0.3358 0.1242 0.9337
vn 0.2479 0.0972 0.9639
vn 0.2483 0.0970 0.9638
vn 0.2474 0.0972 0.9640
vn 0.4647 0.0834 0.8815
vn 0.4645 0.0834 0.8816
vn -0.1584 0.2376 0.9584
vn -0.4222 -0.0246 0.9062
vn -0.3869 0.0436 0.9211
vn -0.3718 0.0700 0.9257
vn -0.4472 0.0004 0.8945
vn -0.4474 0.0003 0.8943
vn -0.4476 0.0001 0.8942
vn -0.3338 0.1388 0.9324
vn 0.4442 0.0356 0.8952
vn -0.0341 -0.0369 0.9987
vn 0.1293 -0.1460 0.9808
vn -0.4886 -0.1374 0.8616
vn -0.4888 -0.1376 0.8615
vn -0.4886 -0.1373 0.8616
vn -0.3061 -0.1247 0.9438
vn -0.3061 -0.1251 0.9437
vn -0.3061 -0.1252 0.9437
vn 0.0994 0.1371 0.9856
vn 0.3202 0.1349 0.9377
vn -0.0764 0.1262 0.9891
vn -0.1717 0.1523 0.9733
vn -0.4576 -0.1332 0.8791
vn 0.4165 0.1479 0.8970
vn 0.3546 0.0422 0.9341
vn 0.3385 0.0060 0.9409
vn -0.2516 0.1682 0.9531
vn -0.1151 0.1581 0.9807
vn -0.3645 0.0650 0.9289
vn -0.3649 0.0650 0.9288
vn -0.3642 0.0650 0.9291
vn 0.1004 -0.0791 0.9918
vn 0.5250 0.1397 0.8396
vn 0.5252 0.1397 0.8394
vn -0.1816 0.1531 0.9714
vn -0.2029 0.1874 0.9611
vn -0.1751 0.1332 0.9755
vn -0.5523 -0.1438 0.8212
vn -0.2260 -0.1459 0.9632
vn -0.2261 -0.1529 0.9620
vn 0.2748 -0.1271 0.9531
vn -0.2784 0.1199 0.9530
vn -0.0863 0.0163 0.9961
vn -0.1491 -0.0105 0.9888
vn -0.2338 -0.0267 0.9719
vn -0.3502 -0.0053 0.9367
vn 0.1843 0.0408 0.9820
vn -0.2910 0.1418 0.9461
vn -0.3618 -0.1102 0.9257
vn -0.2792 0.1561 0.9475
vn 0.5180 0.1277 0.8458
vn -0.2396 0.1520 0.9589
vn -0.2367 0.1442 0.9608
vn -0.2398 0.1474 0.9596
vn -0.4967 -0.1419 0.8563
vn 0.3547 -0.0119 0.9349
vn -0.1407 -0.1221 0.9825
vn 0.0507 -0.1794 0.9825
vn 0.0508 -0.1799 0.9824
vn 0.0504 -0.1789 0.9826
vn -0.2944 -0.1424 0.9450
vn 0.2025 0.2225 0.9537
vn -0.1547 0.0425 0.9870
vn -0.2188 -0.2015 0.9547
vn 0.4980 0.1288 0.8576
vn 0.0986 0.0541 0.9937
vn 0.0987 0.0538 0.9937
vn 0.0988 0.0536 0.9937
vn -0.2811 0.1537 0.9473
vn -0.2787 -0.0147 0.9603
vn -0.3454 0.0194 0.9383
vn 0.0088 0.1635 0.9865
vn -0.0555 0.0783 0.9954
vn 0.0393 0.1845 0.9820
vn -0.1940 -0.1529 0.9690
vn -0.1941 -0.1529 0.9690
vn -0.1227 -0.1198 0.9852
vn 0.3134 -0.1226 0.9417
vn -0.2245 -0.1644 0.9605
vn -0.2245 -0.1642 0.9605
vn -0.0830 -0.0430 0.9956
vn -0.0831 -0.0429 0.9956
vn -0.1547 -0.1141 0.9813
vn 0.1069 -0.1443 0.9838
vn -0.2658 0.2994 0.9163
vn -0.0522 0.1682 0.9844
vn 0.2554 -0.0794 0.9636
vn 0.2555 -0.0800 0.9635
vn 0.2557 -0.0802 0.9634
vn -0.2040 0.2147 0.9551
vn -0.3514 -0.1323 0.9268
vn -0.3514 -0.1324 0.9268
vn -0.3515 -0.1322 0.9268
vn -0.5617 -0.0898 0.8225
vn 0.0877 -0.1290 0.9878
vn 0.5270 0.0977 0.8442
vn -0.0513 -0.0726 0.9960
vn 0.0179 0.0414 0.9990
vn -0.2581 0.1683 0.9513
vn 0.1097 -0.0743 0.9912
vn 0.0371 -0.1320 0.9906
vn 0.0372 -0.1319 0.9906
vn 0.2780 0.0960 0.9558
vn 0.1316 -0.0445 0.9903
vn 0.1315 -0.0437 0.9903
vn 0.1317 -0.0432 0.9903
vn -0.0032 0.1382 0.9904
vn -0.0993 0.1665 0.9810
vn -0.1856 0.1942 0.9632
vn 0.3911 -0.0218 0.9201
vn 0.4696 0.1014 0.8770
vn 0.4695 0.1013 0.8771
vn -0.1408 -0.0745 0.9872
vn 0.2228 0.0013 0.9749
vn 0.2217 -0.0005 0.9751
vn 0.2225 0.0004 0.9749
vn 0.0976 -0.1529 0.9834
vn -0.2467 0.1654 0.9549
vn -0.2470 0.1652 0.9548
vn -0.2462 0.1653 0.9550
vn -0.2107 -0.0167 0.9774
vn -0.1918 -0.0235 0.9812
vn 0.3657 0.1600 0.9169
vn 0.0970 -0.0649 0.9932
vn 0.0969 -0.0648 0.9932
vn 0.0965 -0.0646 0.9932
vn 0.0675 -0.1243 0.9899
vn 0.0672 -0.1244 0.9900
vn 0.0678 -0.1243 0.9899
vn 0.0698 -0.1121 0.9912
vn 0.2783 0.1707 0.9452
vn 0.2778 0.1708 0.9453
vn 0.2776 0.1708 0.9454
vn -0.0694 0.0819 0.9942
vn -0.0768 0.0209 0.9968
vn -0.2614 0.1885 0.9467
vn -0.2103 0.1434 0.9671
vn -0.4635 -0.0224 0.8858
vn 0.1028 -0.0548 0.9932
vn -0.1608 0.1091 0.9809
vn -0.5467 -0.1210 0.8285
vn 0.1086 -0.1774 0.9781
vn -0.3606 -0.0921 0.9282
vn -0.4283 0.0391 0.9028
vn -0.5087 -0.0581 0.8590
vn -0.1300 -0.1474 0.9805
vn -0.0809 -0.1052 0.9912
vn -0.5607 -0.0128 0.8279
vn -0.5607 -0.0127 0.8279
vn -0.5608 -0.0129 0.8278
vn -0.4196 0.1017 0.9020
vn -0.3186 -0.0041 0.9479
vn -0.1719 0.0501 0.9838
vn -0.3938 -0.1437 0.9079
vn -0.3937 -0.1438 0.9079
vn -0.3943 -0.1434 0.9077
vn 0.5089 0.0586 0.8588
vn -0.4279 0.0912 0.8992
vn -0.2747 -0.1303 0.9527
vn -0.2774 -0.0232 0.9605
vn 0.4171 0.1428 0.8976
vn 0.4169 0.1428 0.8977
vn 0.0698 -0.0378 0.9968
vn 0.0705 -0.0376 0.9968
vn 0.0703 -0.0377 0.9968
vn -0.4011 -0.0521 0.9145
vn 0.2812 -0.1539 0.9472
vn -0.2760 0.1426 0.9505
vn -0.5825 -0.0869 0.8082
vn -0.1401 -0.3431 0.9288
vn -0.1850 -0.0594 0.9809
vn -0.1851 -0.0594 0.9809
vn -0.1848 -0.0593 0.9810
vn -0.3345 -0.1525 0.9300
vn -0.4872 -0.0640 0.8709
vn -0.1168 0.1571 0.9807
vn -0.3155 0.1308 0.9399
vn -0.3154 0.1310 0.9399
vn -0.3153 0.1312 0.9399
vn 0.1401 -0.1239 0.9824
vn 0.1397 -0.1240 0.9824
vn 0.1391 -0.1244 0.9824
vn 0.1679 -0.1347 0.9766
vn 0.1678 -0.1352 0.9765
vn 0.1679 -0.1349 0.9765
vn -0.1085 -0.0220 0.9939
vn 0.1090 -0.0157 0.9939
vn -0.4415 -0.1535 0.8840
vn -0.4013 0.0229 0.9157
vn -0.4054 0.0457 0.9130
vn -0.3756 0.0356 0.9261
vn -0.1746 -0.3250 0.9294
vn -0.1746 -0.3251 0.9294
vn -0.1747 -0.3252 0.9294
vn 0.1229 -0.0588 0.9907
vn 0.1229 -0.0594 0.9906
vn 0.1230 -0.0590 0.9907
vn -0.4297 0.0522 0.9014
vn -0.4298 0.0521 0.9014
vn -0.4297 0.0523 0.9015
vn -0.1435 -0.1218 0.9821
vn -0.1437 -0.1214 0.9821
vn -0.1436 -0.1216 0.9821
vn -0.2552 0.1560 0.9542
vn -0.2260 0.1610 0.9607
vn -0.0926 -0.1107 0.9895
vn 0.1111 0.1437 0.9834
vn 0.0861 0.1041 0.9908
vn 0.0217 -0.2728 0.9618
vn 0.1497 0.1090 0.9827
vn 0.3507 -0.0959 0.9316
vn 0.3501 -0.0960 0.9318
vn 0.3498 -0.0962 0.9319
vn 0.3646 -0.0466 0.9300
vn 0.3647 -0.0465 0.9300
vn 0.3648 -0.0464 0.9299
vn -0.1278 -0.1226 0.9842
vn -0.1004 0.1145 0.9883
vn -0.1004 0.1146 0.9883
vn -0.3515 0.0867 0.9322
vn -0.0964 0.1201 0.9881
vn -0.0688 -0.1566 0.9853
vn -0.3167 0.0676 0.9461
vn -0.4669 0.0122 0.8842
vn -0.5414 -0.0821 0.8368
vn 0.0590 -0.0288 0.9978
vn -0.3619 0.1129 0.9254
vn -0.5262 -0.1182 0.8421
vn 0.3929 0.0513 0.9181
vn 0.3927 0.0513 0.9183
vn 0.3925 0.0512 0.9183
vn -0.4257 -0.0175 0.9047
vn -0.0823 0.1759 0.9810
vn -0.0821 0.1761 0.9809
vn -0.0818 0.1765 0.9809
vn 0.4751 0.1118 0.8728
vn 0.4158 0.1026 0.9037
vn 0.4158 0.1025 0.9036
vn -0.5461 -0.1223 0.8287
vn -0.3140 -0.1303 0.9404
vn 0.3452 -0.1472 0.9269
vn 0.4815 0.1283 0.8670
vn -0.3160 0.1262 0.9403
vn 0.2082 -0.0538 0.9766
vn 0.2087 -0.0535 0.9765
vn -0.5880 -0.0681 0.8060
vn 0.5432 0.1223 0.8307
vn 0.5655 0.1299 0.8145
vn -0.2692 -0.0261 0.9627
vn -0.3084 -0.0789 0.9480
vn -0.3084 -0.0790 0.9480
vn 0.3970 0.1734 0.9013
vn 0.4478 -0.0100 0.8941
vn -0.2363 0.1737 0.9560
vn 0.1935 -0.1282 0.9727
vn 0.1933 -0.1280 0.9728
vn -0.3953 0.0320 0.9180
vn -0.3962 0.0318 0.9176
vn -0.3956 0.0318 0.9179
vn 0.3011 0.0005 0.9536
vn -0.4324 -0.0480 0.9004
vn -0.4075 -0.0236 0.9129
vn 0.3844 -0.1079 0.9168
vn -0.2081 -0.1424 0.9677
vn -0.2080 -0.1424 0.9677
vn -0.2079 -0.1425 0.9677
vn -0.1480 -0.1620 0.9756
vn -0.9953 0.0946 0.0194
vn -0.5655 0.8244 0.0254
vn 0.9977 -0.0644 0.0221
vn 0.6045 -0.7957 0.0371
vn -1.0000 -0.0000 -0.0000
vn 0.0004 -1.0000 0.0001
vn -0.0000 -1.0000 0.0004
vn 0.0018 1.0000 -0.0004
vn -0.9974 -0.0682 0.0217
vn -0.0352 -0.9993 0.0086
vn 1.0000 -0.0000 0.0001
vn -0.6470 -0.7612 0.0448
vt -0.025000 -0.025000
vt 0.025000 0.003448
vt -0.025000 0.025000
vt 0.025000 0.025000
vt 0.025000 -0.025000
vt 0.000977 0.000007
vt 0.000518 0.000242
vt 0.000586 -0.000285
vt 0.000412 0.000336
vt 0.000977 -0.000997
vt 0.000247 0.000182
vt 0.000535 -0.000138
vt 0.000616 0.000412
vt 0.000349 0.000284
vt -0.000165 0.000184
vt -0.000336 0.000027
vt -0.000301 -0.000089
vt -0.000586 -0.000191
vt -0.000361 0.000001
vt -0.000121 -0.000186
vt -0.000317 -0.000004
vt -0.000308 -0.000034
vt -0.000004 -0.000087
vt -0.000048 -0.000018
vt -0.000226 -0.000028
vt -0.000151 0.000111
vt -0.000201 -0.000281
vt -0.000414 0.000043
vt -0.000386 0.000045
vt -0.000226 -0.000148
vt -0.000399 0.000128
vt -0.000238 -0.000022
vt -0.000351 -0.000133
vt -0.000355 -0.000004
vt -0.000351 0.000034
vt -0.000181 0.000000
vt -0.000283 -0.000001
vt -0.000422 -0.000044
vt -0.000425 0.000040
vt -0.000320 -0.000017
vt -0.000165 -0.000271
vt -0.000227 0.000000
vt -0.000352 -0.000067
vt -0.000348 -0.000018
vt -0.000106 -0.000053
vt -0.000429 0.000006
vt -0.000201 0.000001
vt -0.000180 0.000115
vt -0.000082 0.000005
vt -0.000035 -0.000012
vt -0.000546 -0.000030
vt -0.000211 0.000022
vt -0.000248 -0.000155
vt -0.000189 -0.000028
vt -0.000207 -0.000031
vt -0.000246 -0.000048
vt 0.000412 -0.000004
vt -0.000159 -0.000019
vt -0.000295 -0.000115
vt -0.000079 -0.000115
vt -0.000167 0.000001
vt -0.000308 -0.000028
vt -0.000270 0.000104
vt -0.000100 -0.000013
vt -0.000349 0.000052
vt -0.000287 -0.000253
vt -0.000231 -0.000072
vt -0.000230 -0.000108
vt -0.000160 -0.000219
vt -0.000167 0.000009
vt -0.000092 -0.000010
vt -0.000094 0.000020
vt -0.000322 -0.000153
vt -0.000100 -0.000042
vt -0.000310 0.000086
vt -0.000195 -0.000176
vt -0.000004 -0.000389
vt -0.000080 -0.000080
vt -0.000218 -0.000020
vt -0.000196 -0.000055
vt -0.000128 0.000106
vt -0.000229 -0.000344
vt -0.000465 -0.000021
vt -0.000171 -0.000009
vt 0.000044 0.000176
vt -0.000223 0.000013
vt -0.000249 -0.000005
vt -0.000245 -0.000130
vt -0.000349 0.000031
vt -0.000226 0.000071
vt -0.000105 0.000338
vt -0.000309 -0.000136
vt -0.000100 -0.000099
vt -0.000212 0.000034
vt -0.000435 0.000005
vt -0.000296 -0.000001
vt -0.000277 -0.000072
vt -0.000253 -0.000011
vt -0.000210 0.000007
vt -0.000234 0.000019
vt -0.000378 -0.000005
vt 0.000052 -0.000327
vt -0.000041 0.000103
vt -0.000246 0.000004
vt -0.000088 -0.000238
vt -0.000243 0.000000
vt -0.000150 0.000002
vt -0.000208 -0.000281
vt -0.000271 0.000343
vt -0.000354 -0.000164
vt -0.000334 0.000212
vt -0.000405 -0.000069
vt -0.000156 -0.000008
vt -0.000225 0.000091
vt -0.000356 0.000093
vt -0.000631 0.000073
vt -0.000269 -0.000295
vt -0.000409 0.000008
vt -0.000334 -0.000077
vt -0.000523 0.000178
vt -0.000292 -0.000158
vt -0.000111 0.000089
vt -0.000292 -0.000044
vt -0.000114 -0.000119
vt -0.000306 0.000000
vt -0.000132 -0.000131
vt -0.000220 -0.000023
vt 0.000255 0.000064
vt -0.000243 -0.000046
vt 0.000041 -0.000017
vt -0.000231 -0.000076
vt -0.000322 -0.000025
vt -0.000347 0.000031
vt -0.000241 -0.000087
vt -0.000089 -0.000134
vt -0.000162 -0.000080
vt -0.000177 -0.000058
vt -0.000083 0.000019
vt -0.000314 -0.000400
vt -0.000526 -0.000123
vt -0.000281 -0.000057
vt -0.000211 0.000043
vt -0.000429 0.000018
vt -0.000382 0.000042
vt -0.000044 0.000028
vt 0.000206 0.000010
vt -0.000481 0.000014
vt 0.000060 -0.000103
vt -0.000270 -0.000135
vt -0.000291 -0.000005
vt -0.000231 -0.000087
vt -0.000332 0.000011
vt -0.000306 -0.000040
vt -0.000072 -0.000159
vt -0.000396 0.000024
vt -0.000510 0.000152
vt -0.000407 -0.000122
vt -0.000300 -0.000040
vt -0.000316 -0.000032
vt -0.000144 -0.000418
vt -0.000149 0.000135
vt -0.000177 0.000000
vt -0.000313 -0.000008
vt -0.000250 -0.000105
vt -0.000163 -0.000052
vt -0.000336 -0.000023
vt -0.000055 0.000011
vt 0.000091 0.000230
vt -0.000174 -0.000121
vt -0.000234 0.000023
vt -0.000146 -0.000057
vt -0.000402 -0.000027
vt -0.000339 0.000000
vt -0.000331 0.000070
vt -0.000510 0.000016
vt -0.000248 -0.000006
vt -0.000255 -0.000016
vt -0.000159 0.000042
vt -0.000063 -0.000153
vt -0.000281 -0.000001
vt 0.000120 0.000153
vt -0.000347 0.000000
vt -0.000173 -0.000001
vt -0.000392 -0.000011
vt -0.000523 -0.000184
vt -0.000280 -0.000050
vt -0.000244 -0.000058
vt -0.000255 0.000000
vt -0.000419 -0.000009
vt -0.000392 -0.000155
vt -0.000346 -0.000036
vt -0.000290 -0.000110
vt -0.000398 -0.000015
vt -0.000256 0.000048
vt -0.000205 -0.000118
vt 0.000000 -0.000000
vt -0.000224 -0.000016
vt -0.000182 -0.000239
vt -0.000229 0.000145
vt -0.000606 -0.000200
vt -0.000059 -0.000006
vt -0.000225 -0.000098
vt -0.000269 -0.000020
vt -0.000293 0.000008
vt -0.000338 -0.000015
vt -0.000307 -0.000001
vt -0.000084 -0.000049
vt -0.000214 -0.000050
vt -0.000271 -0.000020
vt -0.000407 0.000157
vt -0.000273 0.000093
vt -0.000237 0.000075
vt -0.000204 -0.000001
vt -0.000202 0.000018
vt -0.000272 -0.000022
vt -0.000133 0.000096
vt -0.000374 0.000034
vt -0.000001 -0.000069
vt -0.000061 0.000002
vt -0.000094 0.000115
vt -0.000351 -0.000014
vt -0.000320 0.000080
vt -0.000164 -0.000164
vt -0.000367 0.000101
vt -0.000085 0.000284
vt -0.000231 -0.000024
vt -0.000182 -0.000086
vt -0.000230 0.000009
vt 0.000002 -0.000052
vt -0.000115 0.000000
vt -0.000284 0.000008
vt -0.000031 -0.000008
vt -0.000350 -0.000004
vt -0.000381 -0.000094
vt -0.000302 -0.000079
vt -0.000130 -0.000021
vt -0.000198 -0.000013
vt -0.000001 -0.000171
vt -0.000359 -0.000001
vt -0.000157 0.000020
vt -0.000349 0.000164
vt 0.000188 -0.000319
vt -0.000346 -0.000105
vt -0.000242 -0.000078
vt -0.000104 -0.000015
vt -0.000366 -0.000069
vt -0.000474 -0.000095
vt -0.000030 -0.000073
vt -0.000098 0.000121
vt -0.000357 -0.000081
vt -0.000033 -0.000088
vt -0.000116 -0.000006
vt -0.000245 -0.000089
vt -0.000362 -0.000017
vt -0.000337 0.000032
vt -0.000124 0.000014
vt -0.000189 -0.000185
vt -0.000206 -0.000032
vt -0.000097 0.000113
vt -0.000120 -0.000016
vt -0.000256 -0.000037
vt -0.000253 -0.000067
vt 0.000280 -0.000049
vt 0.000077 -0.000071
vt -0.000307 -0.000122
vt -0.000129 -0.000083
vt -0.000404 -0.000086
vt -0.000235 -0.000127
vt -0.000412 -0.000057
vt -0.000237 -0.000333
vt -0.000342 -0.000056
vt -0.000062 -0.000138
vt -0.000207 -0.000033
vt -0.000252 -0.000030
vt -0.000244 0.000024
vt -0.000001 0.000002
vt -0.000261 -0.000051
vt -0.000007 -0.000044
vt -0.000309 0.000109
vt -0.000171 -0.000012
vt -0.000134 -0.000253
vt -0.000319 0.000017
vt -0.000197 0.000000
vt -0.000271 0.000075
vt -0.000172 0.000034
vt -0.000212 -0.000106
vt -0.000310 -0.000121
vt -0.000193 -0.000000
vt -0.000427 -0.000149
vt -0.000309 -0.000075
vt -0.000206 -0.000010
vt -0.000241 0.000029
vt -0.000357 0.000077
vt -0.000276 0.000000
vt -0.000209 -0.000069
vt -0.000208 0.000032
vt -0.000345 -0.000000
vt -0.000504 0.000046
vt -0.000014 -0.000058
vt -0.000265 0.000000
vt -0.000348 -0.000048
vt -0.000385 -0.000331
vt -0.000592 0.000285
vt 0.000012 -0.000210
vt -0.000166 -0.000153
vt -0.000343 -0.000006
vt -0.000374 0.000055
vt -0.000132 -0.000047
vt -0.000238 -0.000163
vt -0.000307 -0.000109
vt -0.000354 0.000000
vt -0.000118 -0.000084
vt -0.000012 0.000096
vt -0.000199 -0.000042
vt -0.000385 -0.000103
vt -0.000375 -0.000064
vt -0.000236 -0.000036
vt -0.000372 0.000079
vt -0.000291 0.000041
vt -0.000339 0.000041
vt -0.000240 -0.000034
vt -0.000350 -0.000018
vt -0.000324 -0.000022
vt -0.000248 -0.000100
vt -0.000172 -0.000037
vt -0.000266 -0.000033
vt -0.000419 -0.000004
vt -0.000312 0.000000
vt -0.000315 0.000240
vt -0.000278 -0.000100
vt -0.000273 -0.000037
vt -0.000276 0.000001
vt 0.000009 0.000011
vt -0.000251 -0.000049
vt -0.000289 0.000068
vt -0.000017 -0.000052
vt -0.000002 -0.000107
vt -0.000237 0.000018
vt -0.000154 -0.000183
vt -0.000219 0.000006
vt 0.000006 0.000057
vt -0.000079 0.000325
vt -0.000258 -0.000080
vt -0.000368 -0.000215
vt -0.000207 -0.000044
vt -0.000149 -0.000154
vt -0.000004 0.000010
vt -0.000365 0.000012
vt -0.000370 -0.000325
vt -0.000164 -0.000184
vt -0.000365 -0.000057
vt -0.000308 -0.000023
vt -0.000199 -0.000102
vt -0.000202 0.000056
vt -0.000062 -0.000026
vt -0.000008 -0.000218
vt 0.000002 -0.000092
vt -0.000278 -0.000050
vt -0.000409 0.000207
vt -0.000180 -0.000065
vt -0.000226 -0.000004
vt -0.000273 0.000201
vt -0.000288 -0.000056
vt -0.000349 -0.000035
vt 0.000073 -0.000073
vt -0.000193 -0.000114
vt -0.000023 -0.000042
vt 0.000194 0.000057
vt -0.000084 -0.000073
vt -0.000387 0.000004
vt -0.000187 0.000026
vt -0.000122 0.000000
vt -0.000156 -0.000097
vt -0.000285 -0.000096
vt -0.000247 0.000025
vt -0.000266 -0.000049
vt -0.000278 0.000011
vt -0.000235 -0.000021
vt -0.000263 -0.000073
vt -0.000266 -0.000068
vt 0.000141 -0.000380
vt -0.000254 -0.000054
vt -0.000236 -0.000068
vt -0.000231 0.000000
vt -0.000246 -0.000062
vt -0.000142 -0.000096
vt -0.000142 -0.000331
vt -0.000095 0.000293
vt -0.000337 -0.000006
vt -0.000178 0.000000
vt -0.000342 0.000059
vt 0.000033 -0.000290
vt -0.000127 0.000049
vt -0.000213 -0.000085
vt -0.000152 -0.000016
vt -0.000291 -0.000019
vt -0.000141 0.000026
vt -0.000268 -0.000008
vt -0.000475 0.000078
vt -0.000263 -0.000042
vt -0.000226 -0.000110
vt -0.000187 -0.000020
vt -0.000400 -0.000077
vt -0.000212 -0.000068
vt -0.000447 0.000238
vt -0.000212 0.000077
vt -0.000151 -0.000094
vt -0.000284 0.000001
vt -0.000116 0.000001
vt -0.000218 -0.000085
vt -0.000135 -0.000082
vt -0.000181 -0.000102
vt -0.000281 -0.000098
vt -0.000463 -0.000206
vt -0.000172 -0.000056
vt -0.000412 0.000428
vt -0.000234 -0.000010
vt -0.000163 0.000162
vt -0.000231 -0.000031
vt -0.000048 -0.000002
vt -0.000147 0.000190
vt -0.000295 -0.000047
vt -0.000382 -0.000005
vt -0.000186 -0.000024
vt -0.000211 -0.000049
vt -0.000267 -0.000005
vt -0.000322 -0.000187
vt -0.000485 -0.000074
vt -0.000381 0.000156
vt -0.000342 0.000011
vt -0.000230 0.000031
vt -0.000186 -0.000012
vt -0.000316 0.000059
vt -0.000275 -0.000173
vt -0.000361 -0.000141
vt -0.000291 -0.000074
vt -0.000115 -0.000029
vt -0.000323 -0.000086
vt -0.000141 -0.000003
vt -0.000416 -0.000038
vt -0.000009 -0.000105
vt -0.000302 -0.000049
vt -0.000031 -0.000006
vt -0.000362 0.000001
vt -0.000536 0.000146
vt -0.000136 -0.000035
vt -0.000131 -0.000134
vt -0.000225 0.000015
vt -0.000127 0.000008
vt -0.000186 -0.000036
vt -0.000315 -0.000052
vt -0.000295 -0.000043
vt -0.000186 -0.000069
vt -0.000157 -0.000144
vt -0.000291 -0.000068
vt -0.000313 -0.000227
vt -0.000251 -0.000071
vt -0.000429 0.000125
vt -0.000020 -0.000047
vt -0.000304 -0.000142
vt -0.000054 -0.000087
vt -0.000492 0.000074
vt -0.000291 -0.000049
vt -0.000171 0.000007
vt -0.000287 -0.000002
vt -0.000032 0.000085
vt 0.000002 -0.000196
vt -0.000189 -0.000026
vt -0.000178 -0.000075
vt 0.000046 -0.000020
vt -0.000174 -0.000106
vt -0.000535 -0.000060
vt -0.000109 -0.000112
vt -0.000214 -0.000095
vt -0.000217 -0.000128
vt -0.000185 -0.000061
vt -0.000366 -0.000368
vt -0.000120 -0.000193
vt 0.000293 0.000252
vt -0.000156 -0.000052
vt -0.000412 -0.000002
vt 0.000194 0.000186
vt 0.000033 -0.000086
vt -0.000151 -0.000077
vt -0.000285 -0.000111
vt -0.000374 0.000217
vt -0.000069 -0.000024
vt 0.000111 0.000012
vt -0.000241 -0.000053
vt -0.000367 -0.000034
vt -0.000319 -0.000087
vt -0.000226 -0.000035
vt -0.000382 -0.000475
vt -0.000299 -0.000166
vt -0.000253 0.000000
vt -0.000356 -0.000162
vt -0.000096 -0.000000
vt -0.000428 0.000200
vt -0.000294 -0.000019
vt -0.000242 -0.000105
vt -0.000254 -0.000014
vt -0.000324 -0.000056
vt -0.000321 -0.000026
vt -0.000317 -0.000105
vt -0.000315 -0.000088
vt -0.000243 0.000045
vt -0.000160 0.000000
vt -0.000328 0.000000
vt -0.000101 -0.000021
vt -0.000320 -0.000118
vt -0.000512 -0.000089
vt -0.000560 -0.000163
vt -0.000153 -0.000148
vt -0.000215 -0.000209
vt -0.000176 -0.000037
vt -0.000331 0.000008
vt -0.000000 -0.000003
vt -0.000103 0.000031
vt -0.000193 -0.000030
vt 0.000058 0.000155
vt -0.000009 0.000007
vt -0.000274 0.000020
vt -0.000357 0.000045
vt -0.000178 -0.000068
vt -0.000205 -0.000165
vt -0.000239 0.000004
vt -0.000252 -0.000014
vt -0.000221 -0.000196
vt 0.000167 0.000283
vt -0.000010 -0.000162
vt -0.000253 -0.000095
vt -0.000354 -0.000119
vt -0.000457 -0.000053
vt -0.000179 -0.000056
vt -0.000224 -0.000033
vt -0.000294 -0.000189
vt -0.000159 0.000300
vt -0.000335 -0.000066
vt -0.000002 0.000002
vt -0.000161 -0.000122
vt -0.000043 0.000141
vt -0.000200 -0.000053
vt 0.000050 -0.000047
vt -0.000262 -0.000006
vt -0.000132 0.000070
vt -0.000201 0.000008
vt -0.000032 0.000226
vt -0.000445 -0.000131
vt -0.000450 0.000000
vt -0.000240 -0.000027
vt -0.000194 -0.000017
vt -0.000196 -0.000023
vt -0.000111 -0.000036
vt -0.000124 -0.000220
vt -0.000204 0.000404
vt -0.000112 0.000000
vt -0.000317 -0.000040
vt -0.000312 -0.000070
vt -0.000179 -0.000030
vt -0.000665 -0.000000
vt -0.000236 0.000123
vt -0.000287 -0.000070
vt -0.000315 -0.000001
vt -0.000224 -0.000004
vt -0.000266 -0.000071
vt -0.000425 0.000120
vt -0.000246 0.000000
vt -0.000355 0.000037
vt -0.000416 0.000002
vt -0.000337 -0.000074
vt -0.000157 0.000085
vt -0.000277 -0.000051
vt -0.000352 -0.000120
vt -0.000368 -0.000077
vt -0.000198 -0.000016
vt -0.000281 0.000000
vt -0.000227 0.000047
vt -0.000273 -0.000010
vt -0.000380 -0.000098
vt -0.000395 -0.000080
vt -0.000097 -0.000089
vt -0.000216 -0.000006
vt -0.000031 -0.000010
vt -0.000044 0.000012
vt -0.000183 -0.000026
vt -0.000404 0.000232
vt -0.000246 -0.000066
vt -0.000149 -0.000001
vt -0.000316 -0.000099
vt -0.000047 -0.000065
vt -0.000217 -0.000043
vt -0.000086 0.000001
vt 0.000001 -0.000065
vt 0.000000 0.000000
vt -0.000066 0.000000
vt -0.000245 -0.000033
vt -0.000236 0.000033
vt -0.000164 -0.000187
vt -0.000385 -0.000067
vt -0.000307 0.000084
vt -0.000267 -0.000046
vt 0.000131 -0.000044
vt -0.000403 0.000121
vt 0.000072 0.000025
vt -0.000278 -0.000048
vt -0.000161 -0.000005
vt -0.000310 0.000201
vt -0.000221 -0.000042
vt 0.000316 0.000064
vt 0.000000 0.000000
vt -0.000008 -0.000446
vt -0.000655 -0.000059
vt -0.000246 0.000034
vt -0.000042 -0.000062
vt -0.000695 0.000028
vt -0.000207 -0.000012
vt -0.000352 -0.000124
vt -0.000122 -0.000092
vt -0.000287 -0.000055
vt -0.000271 -0.000277
vt -0.000184 -0.000095
vt -0.000373 0.000074
vt -0.000306 -0.000042
vt -0.000103 -0.000015
vt -0.000105 0.000000
vt -0.000181 -0.000044
vt -0.000270 -0.000054
vt -0.000339 0.000031
vt -0.000114 -0.000109
vt -0.000263 0.000071
vt -0.000291 -0.000024
vt -0.000251 -0.000010
vt -0.000225 -0.000044
vt -0.000217 -0.000026
vt -0.000293 0.000052
vt -0.000342 -0.000042
vt -0.000415 -0.000099
vt -0.000289 -0.000049
vt -0.000105 0.000000
vt -0.000133 -0.000047
vt -0.000229 -0.000017
vt -0.000291 0.000033
vt -0.000232 -0.000122
vt -0.000250 -0.000032
vt -0.000256 -0.000043
vt -0.000241 0.000318
vt -0.000123 0.000024
vt 0.000011 0.000268
vt -0.000177 0.000000
vt -0.000158 -0.000067
vt -0.000274 -0.000108
vt -0.000150 -0.000101
vt -0.000145 0.000111
vt -0.000242 -0.000090
vt -0.000507 0.000100
vt -0.000205 -0.000082
vt -0.000227 -0.000072
vt -0.000519 0.000087
vt -0.000175 -0.000110
vt -0.000389 -0.000276
vt -0.000213 -0.000148
vt -0.000239 -0.000036
vt -0.000340 -0.000038
vt -0.000207 -0.000115
vt -0.000071 -0.000197
vt -0.000355 0.000014
vt -0.000483 -0.000128
vt -0.000221 -0.000007
vt -0.000090 -0.000117
vt -0.000537 0.000044
vt 0.000001 -0.000358
vt -0.000259 0.000151
vt -0.000254 -0.000049
vt -0.000272 -0.000059
vt -0.000362 0.000006
vt -0.000195 -0.000115
vt -0.000298 -0.000175
vt -0.000590 -0.000029
vt -0.000337 -0.000116
vt -0.000319 0.000025
vt -0.000289 -0.000127
vt -0.000027 0.000006
vt -0.000185 -0.000039
vt -0.000230 -0.000160
vt -0.000308 0.000119
vt -0.000632 0.000217
vt -0.000288 -0.000044
vt -0.000308 -0.000049
vt -0.000328 -0.000052
vt -0.000168 0.000014
vt -0.000360 0.000005
vt -0.000023 -0.000461
vt -0.000182 -0.000031
vt 0.000121 -0.000006
vt -0.000416 -0.000071
vt -0.000635 0.000020
vt -0.000605 -0.000035
vt -0.000506 -0.000126
vt -0.000196 -0.000022
vt -0.000556 0.000047
vt -0.000487 0.000120
vt -0.000568 -0.000080
vt -0.000493 0.000026
vt -0.000232 -0.000096
vt -0.000240 -0.000099
vt -0.000336 0.000050
vt -0.000454 0.000018
vt -0.000416 -0.000013
vt 0.000623 -0.000211
vt 0.000011 -0.000636
vt -0.000549 -0.000078
vt -0.000447 -0.000059
vt -0.000132 -0.000113
vt -0.000184 -0.000000
vt 0.000330 0.000024
vt -0.000081 0.000163
vt -0.000114 -0.000044
vt -0.000023 -0.000109
vt -0.000425 -0.000047
vt -0.000545 -0.000018
vt -0.000298 0.000000
vt -0.000506 0.000039
vt -0.000247 -0.000054
vt -0.000174 -0.000055
vt -0.000301 0.000050
vt -0.000223 -0.000091
vt -0.000300 -0.000019
vt -0.000039 0.000001
vt -0.000285 -0.000097
vt -0.000302 -0.000053
vt -0.000195 -0.000091
vt -0.000257 -0.000070
vt -0.000334 -0.000085
vt -0.000401 0.000100
vt -0.000073 -0.000083
vt -0.000136 -0.000005
vt -0.000457 0.000003
vt -0.000200 -0.000138
vt -0.000254 0.000056
vt -0.000185 -0.000128
vt -0.000078 -0.000209
vt -0.000263 -0.000046
vt -0.000220 -0.000010
vt -0.000314 -0.000098
vt -0.000132 0.000000
vt -0.000280 -0.000103
vt -0.000209 -0.000033
vt -0.000285 -0.000096
vt -0.000337 -0.000053
vt -0.000375 0.000036
vt -0.000307 -0.000194
vt 0.000112 0.000206
vt -0.000340 -0.000150
vt -0.000413 0.000101
vt -0.000457 0.000111
vt -0.000392 0.000019
vt -0.000510 -0.000221
vt 0.000029 0.000058
vt 0.000008 0.000211
vt -0.000229 0.000000
vt -0.000222 -0.000039
vt 0.000198 -0.000021
vt -0.000369 -0.000331
vt -0.000248 0.000352
vt -0.000368 0.000000
vt -0.000002 0.000194
vt -0.000033 -0.000050
vt -0.000392 0.000056
vt 0.000006 -0.000032
vt -0.000001 -0.000022
vt 0.000012 -0.000045
vt -0.000363 0.000151
vt 0.000261 0.000055
vt -0.000206 -0.000015
vt -0.000285 -0.000190
vt 0.000025 0.000162
vt -0.000232 0.000029
vt -0.000183 -0.000191
vt -0.000277 -0.000036
vt -0.000306 -0.000096
vt 0.000012 -0.000034
vt -0.000286 -0.000125
vt -0.000144 -0.000073
vt -0.000176 -0.000066
vt -0.000326 -0.000134
vt -0.000184 -0.000006
vt -0.000325 0.000021
vt -0.000218 -0.000028
vt -0.000370 0.000105
vt -0.000283 -0.000141
vt -0.000429 -0.000102
vt -0.000215 0.000028
vt -0.000286 0.000006
vt -0.000264 0.000040
vt -0.000271 -0.000091
vt -0.000210 -0.000121
vt -0.000268 -0.000045
vt 0.000146 -0.000068
vt -0.000225 -0.000006
vt -0.000025 0.000032
vt 0.000017 -0.000007
vt -0.000328 -0.000120
vt -0.000132 -0.000009
vt -0.000336 -0.000200
vt -0.000382 0.000386
vt -0.000407 0.000142
vt -0.000101 -0.000087
vt -0.000197 -0.000000
vt -0.000340 -0.000130
vt -0.000003 -0.000101
vt -0.000196 -0.000196
vt -0.000173 -0.000190
vt -0.000342 0.000072
vt -0.000047 -0.000031
vt -0.000282 0.000329
vt 0.000000 0.000012
vt -0.000022 0.000317
vt -0.000219 -0.000094
vt -0.000349 0.000008
vt -0.000289 -0.000075
vt -0.000354 -0.000278
vt -0.000186 -0.000251
vt -0.000127 -0.000083
vt -0.000181 -0.000165
vt -0.000366 -0.000100
vt -0.000174 -0.000078
vt -0.000298 0.000000
vt -0.000135 0.000113
vt -0.000341 -0.000137
vt -0.000262 -0.000048
vt -0.000368 0.000051
vt -0.000188 -0.000010
vt -0.000256 -0.000088
vt -0.000235 -0.000076
vt -0.000192 -0.000094
vt -0.000290 0.000000
vt -0.000040 -0.000101
vt -0.000011 -0.000112
vt -0.000227 -0.000258
vt -0.000285 -0.000286
vt -0.000170 -0.000055
vt -0.000129 -0.000032
vt -0.000228 -0.000099
vt -0.000303 0.000011
vt -0.000246 -0.000033
vt -0.000394 0.000015
vt -0.000258 -0.000155
vt -0.000329 0.000052
vt 0.000022 0.000069
vt -0.000254 -0.000015
vt -0.000311 -0.000088
vt -0.000182 -0.000024
vt -0.000327 -0.000054
vt -0.000235 0.000010
vt -0.000356 -0.000102
vt -0.000147 -0.000063
vt -0.000276 -0.000175
vt -0.000233 -0.000025
vt -0.000208 0.000005
vt -0.000287 -0.000104
vt -0.000181 -0.000072
vt 0.000074 0.000053
vt -0.000260 -0.000026
vt -0.000170 -0.000101
vt -0.000253 -0.000173
vt -0.000411 -0.000032
vt -0.000309 0.000007
vt -0.000192 -0.000000
vt 0.000146 -0.000073
vt -0.000310 -0.000063
vt -0.000292 0.000004
vt -0.000524 0.000157
vt -0.000029 0.000016
vt -0.000266 -0.000002
vt -0.000307 0.000086
vt -0.000350 -0.000060
vt -0.000326 -0.000085
vt -0.000276 -0.000041
vt 0.000028 -0.000037
vt -0.000136 -0.000039
vt -0.000217 -0.000046
vt -0.000194 -0.000115
vt -0.000340 -0.000044
vt 0.000136 -0.000405
vt -0.000284 0.000046
vt 0.000000 -0.000087
vt -0.000214 -0.000208
vt -0.000251 -0.000006
vt -0.000058 -0.000043
vt -0.000042 -0.000343
vt -0.000387 -0.000140
vt -0.000134 -0.000007
vt -0.000421 0.000243
vt -0.000270 -0.000033
vt -0.000042 -0.000030
vt -0.000400 -0.000001
vt 0.000610 -0.000286
vt -0.000153 -0.000109
vt -0.000122 0.000045
vt -0.000453 0.000225
vt -0.000109 -0.000017
vt 0.000407 0.000269
vt -0.000329 -0.000201
vt -0.000188 -0.000014
vt 0.000017 -0.000020
vt 0.000395 -0.000127
vt -0.000153 -0.000007
vt -0.000242 -0.000060
vt -0.000210 0.000000
vt -0.000038 -0.000002
vt -0.000383 0.000244
vt -0.000210 -0.000087
vt -0.000494 -0.000212
vt -0.000576 0.000251
vt -0.000388 -0.000069
vt -0.000223 0.000000
vt -0.000109 0.000158
vt -0.000261 0.000000
vt -0.000109 -0.000016
vt -0.000321 0.000000
vt -0.000240 0.000473
vt -0.000159 0.000013
vt -0.000380 -0.000112
vt -0.000413 -0.000038
vt -0.000203 -0.000139
vt -0.000253 -0.000014
vt -0.000537 -0.000002
vt -0.000279 0.000109
vt -0.000144 0.000032
vt -0.000382 -0.000135
vt -0.000635 -0.000041
vt -0.000560 0.000154
vt -0.000340 0.000093
vt -0.000213 -0.000084
vt -0.000235 -0.000054
vt -0.000218 -0.000187
vt -0.000345 0.000026
vt -0.000360 -0.000027
vt -0.000376 -0.000033
vt -0.000003 -0.000115
vt -0.000242 0.000089
vt -0.000266 -0.000015
vt -0.000213 0.000002
vt -0.000380 0.000033
vt -0.000191 -0.000162
vt -0.000315 -0.000051
vt -0.000338 0.000036
vt -0.000136 -0.000176
vt -0.000527 0.000021
vt -0.000195 0.000000
vt -0.000353 -0.000083
vt -0.000152 -0.000222
vt -0.000115 -0.000006
vt 0.000285 0.000037
vt -0.000230 0.000038
vt 0.000338 0.000097
vt -0.000265 -0.000114
vt -0.000163 0.000000
vt -0.000409 0.000000
vt -0.000259 -0.000105
vt -0.000205 0.000101
vt -0.000330 -0.000004
vt -0.000157 -0.000064
vt -0.000308 -0.000040
vt -0.000153 -0.000047
vt -0.000087 -0.000022
vt -0.000050 -0.000135
vt -0.000394 0.000136
vt -0.000324 -0.000040
vt -0.000299 -0.000052
vt -0.000162 0.000118
vt -0.000177 -0.000246
vt -0.000332 -0.000163
vt -0.000109 -0.000070
vt 0.000472 -0.000041
vt -0.000388 0.000108
vt -0.000406 -0.000011
vt -0.000119 -0.000090
vt -0.000003 -0.000038
vt -0.000165 -0.000332
vt -0.000250 -0.000015
vt -0.000410 0.000061
vt -0.000005 0.000008
vt -0.000001 -0.000098
vt 0.000000 -0.000017
vt -0.000187 0.000005
vt -0.000055 -0.000091
vt -0.000159 0.000000
vt 0.000144 -0.000210
vt 0.000184 0.000106
vt -0.000392 0.000000
vt -0.000280 -0.000033
vt -0.000300 0.000008
vt 0.000001 -0.000022
vt -0.000308 0.000000
vt -0.000229 -0.000045
vt -0.000214 -0.000215
vt -0.000242 -0.000022
vt -0.000305 -0.000048
vt -0.000287 -0.000038
vt -0.000189 -0.000093
vt -0.000307 -0.000025
vt -0.000400 0.000118
vt -0.000196 -0.000041
vt -0.000216 0.000000
vt -0.000268 -0.000084
vt -0.000397 -0.000201
vt -0.000426 -0.000019
vt -0.000128 0.000012
vt -0.000294 0.000056
vt -0.000195 -0.000098
vt -0.000194 -0.000009
vt -0.000312 0.000020
vt -0.000220 -0.000002
vt -0.000185 -0.000091
vt -0.000460 0.000053
vt -0.000074 -0.000203
vt -0.000330 0.000050
vt -0.000006 -0.000272
vt -0.000330 0.000002
vt -0.000355 -0.000016
vt -0.000640 0.000027
vt -0.000490 0.000142
vt -0.000508 0.000146
vt -0.000368 0.000028
vt -0.000027 -0.000065
vt -0.000437 0.000056
vt -0.000612 0.000005
vt -0.000559 0.000130
vt 0.000018 -0.000045
vt -0.000329 -0.000092
vt 0.000544 0.000052
vt -0.000125 -0.000150
vt -0.000410 -0.000018
vt 0.000002 0.000000
vt -0.000196 0.000000
vt -0.000435 0.000058
vt -0.000229 -0.000074
vt -0.000282 -0.000343
vt -0.000299 -0.000015
vt -0.000343 0.000106
vt -0.000183 -0.000147
vt -0.000158 -0.000011
vt -0.000072 -0.000028
vt -0.000080 -0.000151
vt -0.000206 -0.000141
vt -0.000384 0.000000
vt -0.000031 0.000000
vt -0.000028 0.000000
vt -0.000190 0.000110
vt -0.000296 -0.000127
vt -0.000013 -0.000010
vt -0.000139 -0.000011
vt -0.000309 0.000000
vt -0.000426 0.000115
vt -0.000702 0.000220
vt -0.000255 0.000165
vt -0.000369 0.000066
vt -0.000397 -0.000039
vt -0.000370 0.000033
vt -0.000323 0.000000
vt -0.000386 0.000122
vt -0.000384 -0.000006
vt -0.000264 0.000114
vt -0.000012 0.000001
vt -0.000049 -0.000075
vt -0.000329 0.000046
vt -0.000280 -0.000024
vt -0.000235 -0.000156
vt -0.000205 -0.000067
vt 0.000000 0.000002
vt -0.000213 0.000076
vt 0.000001 -0.000101
vt -0.000011 -0.000088
vt -0.000307 -0.000012
vt -0.000295 -0.000114
vt -0.000519 -0.000429
vt -0.000215 0.000000
vt -0.000356 -0.000019
vt -0.000018 -0.000012
vt -0.000013 -0.000008
vt -0.000101 -0.000066
vt 0.000005 -0.000197
vt 0.000006 -0.000133
vt 0.000002 -0.000120
vt -0.000019 -0.000150
vt -0.000096 0.000000
vt 0.000002 -0.000056
vt 0.000323 0.000245
vt 0.000073 0.000678
vt 0.000218 -0.000022
vt 0.000977 -0.000356
vt 0.000253 0.000177
vt 0.000163 -0.000006
vt 0.000171 0.000055
vt 0.000000 0.000469
vt 0.000568 0.000158
vt 0.000248 -0.000079
vt 0.000782 0.000161
vt 0.000391 0.000293
vt 0.000146 0.000097
vt 0.000337 0.000817
vt 0.000169 0.000067
vt 0.000212 -0.000048
vt 0.000709 -0.000092
vt 0.000349 0.000959
vt 0.000170 0.000058
vt 0.000374 0.000193
vt 0.000181 -0.000027
vt 0.000120 0.000842
vt 0.000166 -0.000000
vt 0.000463 0.000200
vt 0.000586 0.000368
vt 0.000210 -0.000055
vt 0.000195 0.001022
vt 0.000163 0.000054
vt -0.000005 -0.000001
vt 0.000366 0.000051
vt 0.000150 -0.000012
vt 0.000021 0.000188
vt 0.000413 0.000511
vt 0.000230 -0.000106
vt 0.000169 0.000066
vt 0.000377 0.000801
vt 0.000370 0.000787
vt 0.000231 -0.000134
vt 0.000595 0.000639
vt 0.000167 0.000058
vt 0.000388 0.000463
vt 0.000172 0.000054
vt 0.000193 0.000007
vt 0.000391 -0.000045
vt 0.000217 -0.000053
vt 0.000586 0.001160
vt 0.000158 0.000091
vt 0.000276 0.000456
vt 0.000707 0.001365
vt 0.000317 0.001404
vt 0.000689 0.000406
vt 0.000390 -0.000036
vt 0.000207 -0.000049
vt 0.000351 0.000518
vt 0.000229 -0.000122
vt 0.000414 0.000137
vt 0.000507 0.000079
vt 0.000312 0.000231
vt 0.000134 0.000026
vt 0.000392 -0.000219
vt 0.000174 0.000077
vt 0.000220 -0.000081
vt 0.000055 0.000939
vt 0.000146 0.000022
vt 0.000726 0.001211
vt 0.000176 0.000048
vt 0.000238 0.000015
vt 0.000558 0.000488
vt 0.000209 -0.000033
vt 0.000225 -0.000134
vt 0.000341 0.000724
vt 0.000000 -0.000000
vt 0.000155 0.000086
vt 0.000153 0.000460
vt 0.000195 0.000013
vt -0.000004 -0.000012
vt 0.000418 0.000536
vt 0.000781 0.000186
vt 0.000391 0.000259
vt 0.000018 -0.000009
vt 0.000162 0.000047
vt 0.000421 0.000072
vt 0.000532 0.000814
vt 0.000635 0.000303
vt 0.000287 0.000261
vt 0.000184 -0.000006
vt 0.000172 0.000070
vt 0.000185 0.000031
vt 0.000240 0.000246
vt 0.000338 0.000493
vt 0.000397 0.000082
vt 0.000391 -0.000046
vt 0.000201 0.000005
vt 0.000160 -0.000011
vt 0.000294 0.000209
vt 0.000484 0.000878
vt 0.000181 0.000221
vt 0.000156 0.000066
vt 0.000177 0.000033
vt 0.000370 0.000754
vt 0.000292 -0.000090
vt 0.000535 0.001122
vt 0.000390 -0.000094
vt 0.000391 0.000284
vt 0.000224 0.000069
vt 0.000586 0.001307
vt 0.000310 0.000061
vt 0.000244 0.000354
vt 0.000396 0.000078
vt 0.000197 0.000024
vt 0.000120 0.000463
vt 0.000289 -0.000002
vt 0.000177 -0.000024
vt -0.000000 -0.000000
vt 0.000202 0.000109
vt -0.000042 0.000830
vt 0.000416 0.000473
vt 0.000391 -0.000022
vt 0.000496 0.000283
vt 0.000180 0.000038
vt 0.000196 0.000770
vt 0.000187 0.000032
vt 0.000172 0.000050
vt -0.000005 0.001250
vt 0.000976 0.000346
vt -0.000009 -0.000023
vt -0.000000 0.000000
vt 0.000976 0.001284
vt -0.000137 0.001242
vt -0.000067 0.000847
vt 0.000391 -0.000072
vt 0.000214 -0.000070
vt 0.000391 0.000487
vt 0.000340 0.000348
vt 0.000083 0.000528
vt 0.000224 0.000710
vt 0.000396 0.000089
vt 0.000045 0.000507
vt 0.000600 0.000500
vt 0.000269 0.000250
vt 0.000146 -0.000009
vt 0.000585 0.000777
vt 0.000214 -0.000078
vt 0.000244 0.000873
vt 0.000132 0.000222
vt 0.000585 0.001062
vt 0.000619 0.000295
vt 0.000383 0.000776
vt -0.000068 0.000424
vt 0.000732 0.001006
vt 0.000126 0.000048
vt 0.000379 0.000795
vt 0.000407 0.000666
vt 0.000239 -0.000109
vt 0.000452 0.000745
vt 0.000714 0.000005
vt 0.000456 0.001250
vt -0.000129 0.001122
vt 0.000202 -0.000018
vt 0.000220 -0.000080
vt 0.000293 0.000994
vt 0.000183 0.000039
vt 0.000391 0.000272
vt 0.000151 0.000092
vt 0.000391 0.000206
vt -0.000032 0.000923
vt 0.000190 -0.000020
vt 0.000259 0.000032
vt 0.000182 -0.000004
vt 0.000391 -0.000048
vt -0.000170 0.000882
vt 0.000035 -0.000005
vt 0.000085 0.000518
vt 0.000064 -0.000018
vt 0.000359 0.000158
vt 0.000390 0.000217
vt 0.000213 -0.000062
vt 0.000184 0.000016
vt 0.000263 -0.000146
vt 0.000211 -0.000060
vt 0.000168 0.000403
vt 0.000385 0.000817
vt 0.000186 0.000010
vt 0.000019 -0.000004
vt 0.000178 0.000035
vt 0.000195 0.000764
vt 0.000390 -0.000056
vt 0.000207 -0.000058
vt 0.000180 0.000023
vt 0.000390 -0.000118
vt 0.000221 -0.000127
vt 0.000390 -0.000119
vt 0.000390 -0.000047
vt 0.000216 -0.000084
vt 0.000196 0.001349
vt 0.000391 0.000142
vt 0.000210 -0.000002
vt 0.000336 0.000276
vt 0.000391 0.000201
vt -0.000006 -0.000001
vt 0.000644 0.001238
vt 0.000391 0.000128
vt 0.000598 0.000787
vt 0.000207 0.000017
vt 0.000269 0.000001
vt 0.000456 0.000493
vt 0.000140 0.000009
vt 0.000203 -0.000021
vt 0.000444 0.000189
vt 0.000175 0.001031
vt 0.000146 0.000077
vt 0.000543 -0.000225
vt 0.000391 0.000067
vt 0.000364 0.000097
vt 0.000368 0.000149
vt 0.000368 0.000120
vt 0.000142 0.000358
vt 0.000732 0.001046
vt 0.000586 0.001040
vt 0.000391 -0.000061
vt 0.000391 0.000068
vt 0.000390 -0.000038
vt 0.000208 -0.000023
vt 0.000216 -0.000081
vt 0.000390 -0.000096
vt 0.000391 0.000240
s 1
usemtl Steel_-_Satin
f 3/1/1 5/2/2 2/3/3
f 2/3/3 5/2/2 1/4/4
f 5/2/2 3/1/1 4/5/5
f 2/6/3 1098/7/6 3/8/1
f 1098/7/6 2/6/3 6/9/6
f 2/6/3 1/10/4 8/11/7
f 1/10/4 5/12/2 9/13/8
f 9/13/8 5/12/2 10/14/8
f 49/15/9 180/16/10 50/17/11
f 588/18/12 694/19/13 56/20/14
f 491/21/15 64/22/16 65/23/17
f 76/24/18 566/25/19 77/26/20
f 88/27/21 353/28/22 243/29/23
f 429/30/24 140/31/25 985/32/26
f 96/33/27 97/34/28 98/35/29
f 584/36/30 115/37/30 116/38/30
f 123/39/31 125/40/32 126/41/31
f 128/42/33 218/43/34 926/44/35
f 149/45/36 150/46/37 980/47/38
f 154/48/39 822/49/40 155/50/41
f 157/51/42 357/52/43 158/53/42
f 169/54/44 280/55/44 600/56/45
f 675/57/46 676/58/47 273/59/48
f 675/57/49 273/59/50 181/60/51
f 150/46/52 183/61/53 762/62/54
f 546/63/55 769/64/55 213/65/55
f 215/66/56 992/67/57 656/68/58
f 704/69/59 217/70/60 942/71/61
f 212/72/62 546/63/63 218/43/64
f 60/73/65 553/74/66 208/75/67
f 60/73/68 208/75/69 220/76/70
f 940/77/71 652/78/72 156/79/73
f 229/80/74 658/81/75 204/82/76
f 467/83/77 468/84/78 203/85/79
f 458/86/80 400/87/81 75/88/82
f 232/89/83 233/90/84 341/91/85
f 244/92/86 199/93/87 646/94/88
f 95/95/89 197/96/90 247/97/91
f 194/98/92 250/99/93 249/100/94
f 119/101/95 256/102/96 257/103/97
f 140/31/98 187/104/99 267/105/100
f 159/106/101 271/107/102 272/108/103
f 924/109/104 278/110/105 28/111/106
f 330/112/107 285/113/108 975/114/109
f 303/115/110 895/116/110 304/117/111
f 895/116/112 305/118/113 615/119/114
f 895/116/115 615/119/116 304/117/117
f 306/120/118 614/121/119 471/122/120
f 313/123/121 877/124/122 314/125/123
f 328/126/124 329/127/125 170/128/126
f 331/129/127 653/130/128 285/113/108
f 340/131/129 342/132/130 841/133/131
f 838/134/132 344/135/133 343/136/134
f 945/137/135 729/138/136 345/139/137
f 952/140/138 167/141/139 166/142/140
f 166/142/140 167/141/139 353/28/141
f 151/143/142 152/144/142 154/48/142
f 145/145/143 365/146/144 366/147/145
f 144/148/146 143/149/147 441/150/148
f 235/151/149 141/152/150 369/153/150
f 136/154/151 581/155/152 374/156/153
f 637/157/154 135/158/155 378/159/156
f 382/160/157 381/161/158 383/162/159
f 387/163/160 388/164/160 117/165/160
f 196/166/161 121/167/162 485/168/163
f 196/166/164 485/168/165 633/169/166
f 393/170/167 394/171/168 196/166/169
f 807/172/170 395/173/171 396/174/172
f 114/175/173 584/36/174 116/38/175
f 238/176/176 405/177/177 805/178/178
f 802/179/179 410/180/180 111/181/181
f 1024/182/182 110/183/183 412/184/183
f 414/185/184 638/186/185 983/187/186
f 410/180/187 415/188/188 106/189/189
f 796/190/190 195/191/191 795/192/192
f 787/193/193 578/194/194 349/195/195
f 16/196/196 92/197/197 421/198/198
f 94/199/199 89/200/200 422/201/201
f 426/202/202 425/203/203 112/204/204
f 140/31/98 87/205/205 985/32/206
f 773/206/207 574/207/208 438/208/209
f 620/209/210 440/210/211 439/211/212
f 769/64/213 84/212/214 213/65/215
f 765/213/216 764/214/217 443/215/218
f 568/216/219 446/217/220 447/218/221
f 460/219/222 461/220/223 363/221/224
f 462/222/225 39/223/225 463/224/225
f 39/223/226 464/225/227 40/226/228
f 749/227/229 229/80/230 753/228/231
f 745/229/232 477/230/233 70/231/234
f 488/232/235 489/233/236 487/234/237
f 490/235/238 661/236/239 756/237/240
f 491/21/15 65/23/17 63/238/241
f 739/239/242 494/240/242 62/241/242
f 498/242/243 499/243/244 500/244/245
f 505/245/246 553/74/247 506/246/248
f 511/247/249 512/248/250 941/249/251
f 521/250/252 520/251/253 687/252/254
f 525/253/255 526/254/256 1044/255/257
f 532/256/258 52/257/259 533/258/260
f 697/259/261 537/260/262 1063/261/263
f 589/262/264 539/263/265 48/264/266
f 524/265/267 23/266/268 545/267/268
f 71/268/269 69/269/270 227/270/271
f 74/271/272 467/83/273 561/272/274
f 78/273/275 632/274/276 937/275/277
f 447/218/278 446/217/279 569/276/280
f 448/277/281 200/278/282 569/276/283
f 764/214/217 570/279/284 443/215/218
f 81/280/285 38/281/286 37/282/287
f 84/212/288 85/283/289 35/284/290
f 85/283/291 36/285/292 35/284/293
f 34/286/294 239/287/295 437/288/296
f 435/289/297 966/290/298 240/291/299
f 972/292/300 433/293/301 576/294/302
f 92/197/197 93/295/303 30/296/304
f 99/297/305 100/298/306 417/299/307
f 626/300/308 580/301/309 931/302/310
f 107/303/311 415/188/312 582/304/313
f 114/175/314 116/38/315 402/305/316
f 806/306/317 119/101/317 1007/307/317
f 987/308/318 396/174/319 122/309/320
f 125/40/321 127/310/322 192/311/323
f 384/312/324 130/313/325 588/18/326
f 380/314/327 134/315/328 589/262/264
f 138/316/329 139/317/330 427/318/331
f 143/149/332 235/151/333 369/153/334
f 595/319/335 596/320/336 1073/321/337
f 1055/322/338 482/323/339 602/324/340
f 173/325/341 174/326/342 292/327/343
f 173/325/344 292/327/345 613/328/346
f 264/329/347 191/330/348 630/331/349
f 61/332/350 631/333/351 495/334/352
f 635/335/353 636/336/354 634/337/355
f 197/96/356 932/338/357 638/186/358
f 641/339/359 643/340/360 642/341/359
f 245/342/361 645/343/362 644/344/363
f 646/94/364 532/256/365 533/258/366
f 493/345/367 492/346/368 648/347/369
f 216/348/370 215/66/371 163/349/372
f 55/350/373 442/351/374 354/352/375
f 551/353/376 430/354/377 653/130/128
f 206/355/378 465/356/379 1082/357/380
f 937/275/381 493/345/382 648/347/381
f 937/275/383 648/347/384 200/278/385
f 37/282/287 503/358/386 238/176/387
f 237/359/388 37/282/388 238/176/388
f 932/338/389 198/360/390 638/186/391
f 927/361/392 196/166/392 633/169/393
f 260/362/394 259/363/395 1004/364/396
f 61/332/350 262/365/397 631/333/351
f 263/366/398 264/329/399 630/331/400
f 283/367/401 624/368/402 1005/369/403
f 289/370/404 664/371/405 290/372/406
f 706/373/407 618/374/408 22/375/409
f 294/376/410 726/377/411 969/378/412
f 309/379/413 173/325/414 613/328/415
f 309/379/416 613/328/417 310/380/418
f 877/124/419 612/381/420 666/382/421
f 315/383/422 611/384/423 317/385/424
f 609/386/425 26/387/425 668/388/426
f 327/389/427 839/390/428 604/391/429
f 653/130/430 671/392/431 285/113/432
f 334/393/433 1055/322/434 602/324/435
f 341/91/436 19/394/437 342/132/438
f 358/395/439 423/396/440 270/397/441
f 359/398/442 364/399/443 677/400/444
f 147/401/445 148/402/446 362/403/447
f 363/221/448 147/401/448 362/403/449
f 363/221/450 362/403/451 820/404/451
f 441/150/452 369/153/453 591/405/454
f 141/152/455 368/406/456 184/407/457
f 139/317/458 140/31/459 427/318/460
f 374/156/461 814/408/462 590/409/463
f 131/410/464 133/411/465 1060/412/466
f 679/413/467 678/414/468 262/365/469
f 121/167/470 587/415/471 486/416/472
f 392/417/473 987/308/474 122/309/475
f 120/418/476 392/417/477 394/171/478
f 118/419/479 806/306/479 1007/307/480
f 387/163/481 117/165/482 399/420/483
f 403/421/484 35/284/485 584/36/486
f 626/300/487 743/422/488 580/301/487
f 683/423/489 626/300/489 931/302/490
f 93/295/491 94/199/491 30/296/491
f 425/203/492 244/92/493 112/204/494
f 432/424/495 972/292/496 776/425/497
f 440/210/211 573/426/498 439/211/212
f 86/427/499 36/285/292 85/283/291
f 80/428/500 81/280/501 37/282/502
f 685/429/503 1010/430/504 737/431/505
f 445/432/506 1010/430/507 685/429/508
f 79/433/509 253/434/510 448/277/511
f 686/435/512 710/436/513 233/90/514
f 483/437/515 1005/369/516 224/438/517
f 66/439/518 67/440/519 556/441/520
f 61/332/350 495/334/352 207/442/521
f 554/443/522 734/444/523 555/445/524
f 505/245/525 692/446/526 553/74/527
f 509/447/528 693/448/529 57/449/530
f 941/249/531 512/248/532 551/353/533
f 56/20/14 694/19/13 513/450/534
f 516/451/535 719/452/536 517/453/537
f 547/454/538 442/351/374 55/350/373
f 999/455/539 768/456/540 546/63/541
f 999/455/542 546/63/543 522/457/544
f 47/458/545 48/264/266 698/459/546
f 134/315/328 539/263/265 589/262/264
f 700/460/547 20/461/548 538/462/549
f 90/463/550 383/162/551 44/464/552
f 383/162/553 589/262/554 44/464/555
f 643/340/556 994/465/557 46/466/558
f 643/340/559 46/466/560 963/467/561
f 702/468/562 697/259/563 1063/261/564
f 534/469/565 179/470/566 49/15/567
f 180/16/568 51/471/569 50/17/570
f 167/141/139 534/469/571 353/28/141
f 176/472/572 24/473/573 704/69/574
f 529/474/575 530/475/576 705/476/577
f 526/254/578 543/477/579 544/478/580
f 706/373/407 524/265/581 708/479/582
f 713/480/583 708/479/584 998/481/585
f 707/482/586 708/479/587 711/483/588
f 201/484/589 712/485/590 18/486/591
f 717/487/592 181/60/593 523/488/594
f 688/489/595 714/490/596 716/491/597
f 721/492/598 519/493/599 518/494/600
f 722/495/601 515/496/602 1032/497/603
f 190/498/604 263/366/398 630/331/400
f 190/498/605 723/499/606 694/19/13
f 630/331/607 191/330/608 724/500/609
f 385/501/610 588/18/611 56/20/612
f 726/377/613 1053/502/614 727/503/615
f 573/426/616 510/504/617 508/505/618
f 510/504/619 507/506/620 508/505/621
f 81/280/622 58/507/623 38/281/624
f 732/508/625 356/509/626 58/507/625
f 356/509/627 504/510/628 58/507/629
f 38/281/630 733/511/631 59/512/632
f 1002/513/633 506/246/633 59/512/633
f 126/41/634 125/40/635 739/239/636
f 632/274/637 126/41/638 739/239/639
f 125/40/640 192/311/640 496/514/640
f 740/515/641 483/437/642 741/516/643
f 743/422/644 742/517/645 478/518/645
f 744/519/646 478/518/647 479/520/648
f 748/521/649 475/522/650 474/523/651
f 476/524/652 748/521/653 474/523/654
f 579/525/655 476/524/656 474/523/657
f 984/526/658 473/527/659 640/528/660
f 471/122/661 750/529/662 984/526/658
f 471/122/120 470/530/663 472/531/664
f 473/527/665 751/532/666 469/533/667
f 640/528/668 473/527/669 469/533/670
f 1006/534/671 753/228/672 752/535/673
f 756/237/674 466/536/675 758/537/676
f 758/537/676 466/536/675 465/356/677
f 72/538/678 74/271/679 73/539/680
f 281/540/681 282/541/682 464/225/683
f 624/368/684 759/542/685 557/543/686
f 40/226/687 817/544/688 459/545/689
f 761/546/690 689/547/691 458/86/692
f 762/62/693 761/546/694 457/548/695
f 819/549/696 454/550/697 477/230/697
f 477/230/698 455/551/699 657/552/700
f 292/327/701 451/553/702 450/554/703
f 619/555/704 710/436/513 686/435/512
f 309/379/416 310/380/418 883/556/705
f 613/328/706 292/327/707 450/554/708
f 448/277/709 78/273/710 234/557/711
f 116/38/712 253/434/713 79/433/714
f 114/175/314 402/305/316 724/500/715
f 191/330/716 114/175/717 724/500/718
f 444/558/719 445/432/720 685/429/721
f 600/56/722 444/558/723 764/214/724
f 765/213/725 443/215/726 766/559/727
f 83/560/728 85/283/728 769/64/728
f 620/209/729 301/561/730 440/210/731
f 770/562/732 620/209/733 439/211/734
f 772/563/735 773/206/736 23/266/737
f 574/207/738 316/564/739 771/565/740
f 774/566/741 432/424/742 775/567/743
f 87/205/744 189/568/745 88/27/746
f 370/569/747 777/570/748 692/446/749
f 427/318/750 140/31/751 429/30/752
f 779/571/753 625/572/754 702/468/755
f 249/100/756 250/99/756 94/199/756
f 249/100/757 94/199/758 93/295/759
f 406/573/760 680/574/761 91/575/762
f 691/576/763 91/575/764 16/196/765
f 91/575/766 92/197/767 16/196/768
f 30/296/769 94/199/770 781/577/771
f 290/372/772 783/578/773 782/579/774
f 290/372/775 664/371/775 783/578/775
f 664/371/776 623/580/777 783/578/773
f 419/581/778 418/582/779 784/583/780
f 1079/584/781 99/297/782 788/585/783
f 1079/584/781 1030/586/784 99/297/782
f 683/423/785 416/587/786 103/588/787
f 831/589/788 791/590/789 789/591/790
f 799/592/791 108/593/792 798/594/793
f 799/592/791 106/189/794 108/593/792
f 803/595/795 411/596/796 797/597/797
f 112/204/798 244/92/798 681/598/798
f 407/599/799 804/600/800 631/333/801
f 35/284/802 36/285/803 113/601/804
f 113/601/804 115/37/805 584/36/806
f 400/87/807 399/420/808 401/602/809
f 400/87/810 401/602/811 806/306/812
f 657/552/813 398/603/814 586/604/815
f 661/236/816 397/605/817 118/419/818
f 397/605/817 585/606/819 118/419/818
f 987/308/474 807/172/820 396/174/821
f 983/187/822 393/170/167 196/166/169
f 209/607/823 678/414/468 679/413/467
f 208/75/824 209/607/825 679/413/826
f 390/608/827 124/609/828 808/610/829
f 391/611/830 389/612/831 124/609/832
f 384/312/833 385/501/834 1000/613/835
f 813/614/836 132/615/837 29/616/836
f 943/617/838 654/618/839 132/615/840
f 132/615/841 654/618/842 131/410/843
f 531/619/844 53/620/845 813/614/846
f 814/408/847 379/621/848 590/409/849
f 814/408/847 931/302/850 379/621/848
f 931/302/310 637/157/851 379/621/852
f 379/621/853 637/157/854 378/159/855
f 793/622/856 136/154/857 377/623/858
f 792/624/859 377/623/860 815/625/861
f 792/624/859 793/622/862 377/623/860
f 581/155/863 930/626/864 814/408/865
f 793/622/856 581/155/866 136/154/857
f 136/154/867 374/156/868 376/627/869
f 577/628/870 246/629/871 137/630/872
f 424/631/873 577/628/874 137/630/875
f 660/632/876 368/406/877 141/152/878
f 460/219/222 363/221/224 364/399/879
f 362/403/447 148/402/446 149/45/880
f 148/402/881 150/46/882 149/45/883
f 741/516/884 360/633/885 153/634/886
f 481/635/887 152/144/888 151/143/889
f 558/636/890 153/634/891 152/144/892
f 159/106/893 156/79/894 358/395/439
f 652/78/895 423/396/440 358/395/439
f 592/637/896 159/106/897 355/638/898
f 158/53/899 355/638/898 356/509/627
f 824/639/900 160/640/901 354/352/902
f 1077/641/903 1031/642/904 826/643/905
f 1031/642/906 521/250/907 826/643/908
f 825/644/909 162/645/910 593/646/911
f 165/647/912 828/648/913 594/649/914
f 189/568/915 266/650/916 166/142/917
f 266/650/916 952/140/918 166/142/917
f 165/647/912 168/651/919 167/141/139
f 351/652/920 639/653/921 829/654/922
f 639/653/923 595/319/924 829/654/925
f 832/655/926 1037/656/927 833/657/928
f 839/390/929 343/136/930 604/391/931
f 436/658/932 838/134/933 839/390/934
f 344/135/935 598/659/936 599/660/937
f 840/661/938 340/131/939 841/133/940
f 232/89/941 340/131/939 840/661/938
f 567/662/942 232/89/942 840/661/943
f 469/533/944 560/663/945 335/664/946
f 469/533/947 335/664/948 336/665/949
f 596/320/950 469/533/951 336/665/952
f 332/666/953 333/667/954 334/393/955
f 57/449/956 846/668/956 729/138/956
f 324/669/957 327/389/958 326/670/959
f 1066/671/960 324/669/961 848/672/962
f 605/673/963 998/481/964 848/672/965
f 670/674/966 854/675/967 853/676/968
f 322/677/969 670/674/970 853/676/971
f 855/678/972 857/679/973 858/680/974
f 859/681/975 419/581/976 863/682/977
f 608/683/978 607/684/979 920/685/979
f 859/681/980 608/683/981 419/581/982
f 1045/686/983 318/687/984 867/688/985
f 871/689/986 1013/690/987 728/691/988
f 872/692/989 315/383/990 317/385/991
f 873/693/992 875/694/993 315/383/994
f 876/695/995 877/124/122 313/123/121
f 878/696/996 874/697/997 612/381/996
f 876/695/998 878/696/999 612/381/1000
f 876/695/1001 612/381/420 877/124/419
f 22/375/1002 772/563/735 23/266/737
f 172/698/1003 879/699/1004 174/326/1005
f 880/700/1006 881/701/1007 879/699/1008
f 880/700/1009 879/699/1004 172/698/1003
f 881/701/1010 902/702/1011 879/699/1010
f 312/703/1012 311/704/1013 950/705/1014
f 892/706/1015 175/707/1016 615/119/1017
f 891/708/1018 868/709/1019 970/710/1020
f 894/711/1021 893/712/1022 305/118/1023
f 621/713/1024 302/714/1024 301/561/1024
f 303/115/1025 304/117/1026 621/713/1027
f 899/715/1028 896/716/1029 616/717/1030
f 300/718/1031 898/719/1032 899/715/1033
f 906/720/1034 904/721/1035 909/722/1036
f 27/723/1037 299/724/1038 966/290/1039
f 617/725/1040 911/726/1041 910/727/1042
f 617/725/1043 912/728/1044 911/726/1041
f 616/717/1030 896/716/1029 707/482/586
f 901/729/1045 313/123/1046 618/374/1047
f 175/707/1048 970/710/1020 1053/502/1049
f 970/710/1050 867/688/1051 1053/502/1052
f 885/730/1053 913/731/1054 914/732/1055
f 885/730/1056 914/732/1057 293/733/1058
f 174/326/1059 915/734/1060 916/735/1061
f 917/736/1062 303/115/1063 621/713/1064
f 611/384/1065 917/736/1066 317/385/1067
f 291/737/1068 433/293/301 919/738/1069
f 320/739/1070 668/388/1071 291/737/1072
f 920/685/1073 921/740/1074 289/370/1075
f 921/740/1076 287/741/1076 289/370/1077
f 673/742/1078 595/319/1079 275/743/1080
f 160/640/1081 816/744/1082 676/58/1083
f 159/106/893 358/395/439 271/107/1084
f 159/106/1085 272/108/1086 355/638/1087
f 358/395/439 270/397/441 271/107/1088
f 145/145/1089 366/147/1090 150/46/1091
f 366/147/1092 1077/641/1093 826/643/1094
f 184/407/1095 268/745/1096 591/405/1097
f 369/153/453 141/152/1098 184/407/1099
f 184/407/1095 185/746/1100 268/745/1096
f 139/317/1101 187/104/1102 140/31/1103
f 265/747/1104 379/621/1104 925/748/1104
f 29/616/1105 132/615/1106 134/315/1107
f 131/410/1108 1060/412/1109 1059/749/1108
f 130/313/1110 263/366/1111 190/498/1112
f 130/313/325 190/498/1113 588/18/326
f 926/44/1114 263/366/398 130/313/1115
f 384/312/324 128/42/1116 130/313/325
f 926/44/1114 264/329/399 263/366/398
f 1027/750/1117 679/413/1118 192/311/1119
f 1027/750/1120 192/311/1121 127/310/1122
f 679/413/467 262/365/469 192/311/1123
f 192/311/1124 262/365/397 61/332/350
f 260/362/394 1004/364/396 261/751/1125
f 401/602/1126 399/420/1127 254/752/1128
f 806/306/1129 401/602/1130 119/101/1131
f 115/37/1132 251/753/1133 253/434/1134
f 115/37/1132 805/178/1135 251/753/1133
f 1025/754/1136 249/100/757 93/295/759
f 983/187/822 196/166/169 927/361/1137
f 101/755/1138 95/95/1139 247/97/1140
f 244/92/1141 646/94/1142 409/756/1143
f 985/32/1144 935/757/1145 244/92/86
f 434/758/1146 240/291/299 241/759/1147
f 576/294/1148 434/758/1146 241/759/1147
f 34/286/1149 439/211/1150 936/760/1151
f 86/427/1152 80/428/1153 237/359/1154
f 237/359/1155 80/428/500 37/282/502
f 234/557/711 937/275/1156 200/278/1157
f 448/277/709 234/557/711 200/278/1157
f 687/252/1158 716/491/1159 689/547/691
f 562/761/1160 516/451/1161 722/495/1162
f 468/84/78 649/762/1163 203/85/79
f 467/83/1164 203/85/1165 561/272/1166
f 230/763/1167 229/80/1168 204/82/1169
f 230/763/1170 204/82/1170 205/764/1171
f 475/522/1172 227/270/1173 987/308/474
f 68/765/1174 206/355/1175 223/766/1176
f 68/765/1174 223/766/1176 41/767/1177
f 68/765/1174 490/235/1178 206/355/1175
f 490/235/238 756/237/240 206/355/1179
f 756/237/674 758/537/676 206/355/1180
f 939/768/1181 940/77/1182 156/79/1183
f 553/74/1184 209/607/1185 208/75/1186
f 506/246/248 553/74/247 60/73/1187
f 723/499/1188 210/769/1188 219/770/1188
f 550/771/1189 723/499/1190 219/770/1191
f 212/72/1192 218/43/34 42/772/1193
f 544/478/1194 942/71/1195 851/773/1196
f 543/477/1197 942/71/1195 544/478/1194
f 542/774/1198 1068/775/1199 216/348/1200
f 48/264/1201 699/776/1202 944/777/1203
f 538/462/1204 43/778/1205 960/779/1206
f 546/63/1207 213/65/1208 218/43/1209
f 222/780/1210 16/196/1211 651/781/1212
f 206/355/378 758/537/1213 465/356/379
f 227/270/1214 70/231/1215 807/172/1216
f 458/86/692 202/782/1217 400/87/1218
f 246/629/1219 644/344/1220 946/783/1221
f 932/338/1222 579/525/1222 198/360/1223
f 117/165/1224 193/784/1225 255/785/1226
f 187/104/1227 629/786/1227 267/105/1227
f 271/107/1228 270/397/1229 370/569/1230
f 271/107/1231 370/569/1232 269/787/1233
f 676/58/1234 182/788/1235 273/59/1236
f 275/743/1237 276/789/1238 947/790/1239
f 292/327/701 619/555/1240 451/553/702
f 346/791/1241 169/54/1242 600/56/1243
f 186/792/1244 158/53/1245 356/509/1246
f 359/398/1247 460/219/1248 364/399/1249
f 182/788/1250 367/793/1251 144/148/1252
f 654/618/839 133/411/1253 131/410/1254
f 1028/794/1255 1000/613/1256 386/795/1257
f 810/796/1258 42/772/1193 129/797/1259
f 393/170/1260 120/418/476 394/171/478
f 650/798/1261 657/552/1262 586/604/1263
f 106/189/1264 107/303/1265 108/593/1266
f 94/199/199 250/99/1267 89/200/200
f 441/150/1268 83/560/1269 768/456/1270
f 466/536/1271 72/538/1272 73/539/1273
f 466/536/1274 73/539/1274 465/356/1274
f 227/270/271 475/522/1275 71/268/269
f 474/523/651 475/522/650 393/170/1276
f 492/346/1277 62/241/1278 63/238/1279
f 496/514/1280 61/332/1281 1072/799/1282
f 518/494/1283 519/493/1283 547/454/1284
f 696/800/1285 53/620/1286 531/619/1287
f 67/440/1288 68/765/1289 41/767/1290
f 574/207/738 771/565/740 33/801/1291
f 771/565/1292 34/286/294 33/801/1291
f 420/802/1293 351/652/1294 578/194/1295
f 368/406/1296 142/803/1297 184/407/1298
f 1039/804/1299 346/791/1300 598/659/1301
f 957/805/1302 841/133/1302 956/806/1302
f 858/680/1303 958/807/1304 287/741/1305
f 668/388/1306 26/387/1307 27/723/1308
f 180/16/568 628/808/1309 51/471/569
f 646/94/364 533/258/366 647/809/1310
f 492/346/1277 1080/810/1311 648/347/1312
f 341/91/436 18/486/1313 19/394/437
f 215/66/1314 12/811/1315 163/349/1316
f 211/812/1317 1009/813/1318 15/814/1319
f 209/607/1320 778/815/1320 678/414/1320
f 651/781/1212 16/196/1211 17/816/1321
f 658/81/1322 228/817/1323 204/82/1324
f 202/782/1325 716/491/1159 387/163/1326
f 660/632/876 735/818/1327 368/406/877
f 642/341/1328 643/340/559 963/467/561
f 640/528/1329 596/320/336 595/319/335
f 194/98/1330 382/160/1331 250/99/1332
f 251/753/1333 632/274/1334 78/273/1335
f 193/784/1336 754/819/1337 255/785/1338
f 269/787/1339 370/569/1340 505/245/1341
f 627/820/1342 626/300/1343 276/789/1344
f 279/821/1345 625/572/1346 779/571/1347
f 965/822/1348 21/823/1349 178/824/1350
f 27/723/1037 966/290/1039 918/825/1351
f 867/688/1352 728/691/1353 512/248/532
f 879/699/1354 171/826/1355 915/734/1356
f 612/381/1357 872/692/1358 666/382/1359
f 975/114/1360 976/827/1361 170/128/1362
f 338/828/1363 977/829/1364 978/830/1365
f 957/805/1366 840/661/938 841/133/940
f 164/831/1367 12/811/1367 1057/832/1367
f 674/833/1368 593/646/1369 695/834/1370
f 355/638/1087 272/108/1086 504/510/1371
f 152/144/892 153/634/891 822/49/40
f 152/144/892 822/49/40 154/48/39
f 677/400/444 364/399/443 819/549/1372
f 365/146/1373 1077/641/1374 366/147/1375
f 378/159/1376 135/158/1377 821/835/1378
f 681/598/1379 1026/836/1380 408/837/1381
f 415/188/1382 928/838/1382 582/304/1382
f 89/200/1383 90/463/1384 643/340/556
f 429/30/24 985/32/26 425/203/1385
f 88/27/21 243/29/23 935/757/1386
f 972/292/496 576/294/1387 776/425/497
f 240/291/299 966/290/298 575/839/1388
f 439/211/212 573/426/498 936/760/1389
f 76/24/1390 450/554/708 566/25/1391
f 986/840/1392 817/544/1393 147/401/1394
f 757/841/1395 258/842/1396 74/271/1397
f 475/522/1172 987/308/474 392/417/473
f 602/324/1398 740/515/1399 478/518/1399
f 489/233/1400 67/440/519 66/439/518
f 495/334/1401 691/576/1402 222/780/1403
f 738/843/1404 988/844/1404 736/845/1405
f 499/243/1406 501/846/1407 738/843/1408
f 552/847/1409 730/848/1410 507/506/1411
f 512/248/532 775/567/1412 551/353/533
f 514/849/1413 549/850/1414 990/851/1415
f 718/852/1416 42/772/1193 810/796/1258
f 695/834/1417 717/487/592 715/853/1418
f 1081/854/1419 708/479/1419 713/480/1420
f 526/254/578 544/478/580 669/855/1421
f 50/17/1422 953/856/1423 943/617/838
f 539/263/1424 700/460/547 699/776/1425
f 20/461/1426 43/778/1427 538/462/1428
f 994/465/557 47/458/1429 46/466/558
f 178/824/1350 21/823/1349 993/857/1430
f 541/858/1431 701/859/1432 536/860/1433
f 49/15/1434 50/17/1435 53/620/1436
f 51/471/569 628/808/1309 953/856/1437
f 533/258/260 52/257/259 812/861/1438
f 52/257/259 696/800/1439 531/619/1440
f 543/477/1441 704/69/59 942/71/61
f 703/862/1442 176/472/1443 704/69/1444
f 703/862/1445 704/69/1446 543/477/1447
f 530/475/1448 526/254/1449 525/253/1450
f 705/476/1451 530/475/1451 525/253/1451
f 713/480/583 998/481/585 849/863/1452
f 181/60/51 273/59/50 522/457/544
f 520/251/1453 714/490/1453 687/252/1453
f 714/490/1454 715/853/1455 716/491/1456
f 190/498/604 630/331/400 723/499/1457
f 56/20/1458 513/450/1459 725/864/1460
f 1000/613/1461 56/20/1462 725/864/1463
f 727/503/615 1053/502/614 511/247/1464
f 1053/502/1465 512/248/532 511/247/1466
f 512/248/532 728/691/1353 774/566/1467
f 301/561/1468 510/504/1468 440/210/1469
f 301/561/1470 302/714/1470 510/504/1470
f 507/506/1471 730/848/1472 509/447/1471
f 38/281/1473 58/507/1474 733/511/1475
f 81/280/1476 732/508/1477 58/507/1478
f 59/512/1479 506/246/1480 60/73/68
f 735/818/1481 736/845/1481 357/52/1481
f 737/431/1482 500/244/1482 735/818/1483
f 495/334/1401 631/333/1484 691/576/1402
f 125/40/1485 496/514/1486 690/865/1487
f 493/345/367 62/241/1488 492/346/368
f 1004/364/1489 490/235/1490 68/765/1491
f 485/168/1492 486/416/472 488/232/1493
f 633/169/166 485/168/165 488/232/1494
f 486/416/472 587/415/471 489/233/1495
f 487/234/1496 66/439/1497 636/336/1498
f 743/422/1499 478/518/1500 744/519/1501
f 478/518/1502 740/515/1503 558/636/1504
f 478/518/1505 558/636/1506 481/635/887
f 69/269/1507 745/229/1508 70/231/1215
f 746/866/1509 747/867/1510 476/524/656
f 747/867/1511 979/868/1512 71/268/1511
f 198/360/1513 474/523/657 393/170/1514
f 749/227/1515 883/556/1516 559/869/1517
f 471/122/120 472/531/664 750/529/1518
f 754/819/1519 386/795/1520 954/870/1521
f 755/871/1522 72/538/1272 466/536/1271
f 257/103/1523 258/842/1396 757/841/1395
f 464/225/1524 938/872/1525 40/226/1526
f 964/873/1527 850/874/1528 562/761/1529
f 964/873/1530 562/761/1531 464/225/1532
f 463/224/1533 986/840/1534 461/220/1535
f 459/545/689 817/544/688 986/840/1536
f 450/554/1537 451/553/1538 452/875/1539
f 451/553/1540 686/435/1541 452/875/1542
f 310/380/1543 76/24/1544 77/26/1545
f 613/328/706 450/554/708 76/24/1390
f 77/26/1546 449/876/1547 339/877/1548
f 253/434/510 78/273/1549 448/277/511
f 724/500/1550 402/305/1551 568/216/1552
f 847/878/1553 497/879/1554 1010/430/1555
f 767/880/1556 80/428/1557 86/427/1558
f 185/746/1559 81/280/1560 80/428/1561
f 999/455/539 441/150/1562 768/456/540
f 441/150/1268 82/881/1563 83/560/1269
f 437/288/296 33/801/1291 34/286/294
f 918/825/1564 966/290/1564 435/289/1564
f 774/566/741 1013/690/1565 432/424/742
f 667/882/1566 972/292/1567 432/424/1568
f 432/424/1569 776/425/1570 430/354/1571
f 777/570/1572 429/30/24 428/883/1573
f 777/570/1574 427/318/750 429/30/752
f 985/32/1575 244/92/493 425/203/492
f 555/445/1576 1017/884/1577 1015/885/1578
f 1015/885/1579 424/631/1580 423/396/1581
f 91/575/766 680/574/1582 92/197/767
f 30/296/1583 781/577/1584 1021/886/1585
f 418/582/1586 288/887/1587 782/579/774
f 375/888/1588 265/747/1588 100/298/1588
f 265/747/1589 96/33/1590 100/298/1591
f 801/889/1592 417/299/1593 684/890/1594
f 416/587/1595 683/423/1596 930/626/1597
f 947/790/1598 276/789/1599 683/423/1600
f 581/155/1601 416/587/1602 930/626/1603
f 195/191/191 927/361/1604 795/192/192
f 927/361/1605 104/891/1606 795/192/1607
f 415/188/1608 795/192/1608 109/892/1609
f 1024/182/1610 802/179/1611 411/596/1612
f 684/890/1613 1024/182/1614 800/893/1615
f 247/97/1616 413/894/1617 110/183/1618
f 802/179/1611 105/895/1619 797/597/1620
f 802/179/179 111/181/181 105/895/1621
f 412/184/1622 413/894/1617 410/180/1623
f 409/756/1624 583/896/1625 1025/754/1626
f 647/809/1310 533/258/366 583/896/1627
f 426/202/202 112/204/204 407/599/1628
f 113/601/804 805/178/1629 115/37/805
f 113/601/1630 238/176/1630 805/178/1630
f 238/176/1631 503/358/1632 405/177/1633
f 393/170/1634 392/417/1634 120/418/1635
f 394/171/1636 122/309/320 121/167/470
f 122/309/320 396/174/319 587/415/471
f 220/76/70 208/75/69 1027/750/1637
f 390/608/1638 808/897/1639 123/39/1640
f 117/165/1224 1028/794/1641 193/784/1225
f 193/784/1642 1028/794/1643 386/795/1642
f 1030/586/1644 376/627/1645 99/297/1646
f 374/156/461 590/409/463 265/747/1647
f 161/898/1648 571/899/1649 367/793/1650
f 161/898/1651 367/793/1652 816/744/1653
f 572/900/1654 235/151/1655 143/149/1656
f 1064/901/1657 146/902/1658 145/145/1659
f 817/544/1393 148/402/1660 147/401/1394
f 361/903/1661 359/398/1662 1058/904/1663
f 360/633/1664 225/905/1665 359/398/1666
f 746/866/1667 155/50/1668 747/867/1669
f 821/835/1670 154/48/1671 155/50/1672
f 157/51/1673 158/53/1245 186/792/1244
f 988/844/1674 592/637/896 158/53/899
f 356/509/1675 732/508/1676 81/280/1677
f 827/906/1678 354/352/902 675/57/1679
f 823/907/1680 354/352/902 827/906/1678
f 824/639/1681 161/898/1682 160/640/1683
f 990/851/1684 549/850/1685 162/645/1686
f 828/648/1687 163/349/1688 594/649/1689
f 12/811/1690 164/831/1691 163/349/1692
f 535/908/1693 536/860/1694 1033/909/1695
f 829/654/925 595/319/924 673/742/1696
f 830/910/1697 352/911/1698 348/912/1699
f 31/913/1700 32/914/1701 835/915/1702
f 31/913/1703 835/915/1704 1038/916/1705
f 1039/804/1299 169/54/1706 346/791/1300
f 598/659/1301 239/287/1707 1039/804/1299
f 721/492/1708 1040/917/1709 519/493/1709
f 343/136/1710 344/135/1711 721/492/1712
f 956/806/1713 841/133/1714 1041/918/1713
f 204/82/1715 842/919/1716 1056/920/1717
f 332/666/1718 337/921/1719 333/667/1720
f 923/922/1721 846/668/1722 328/126/1723
f 729/138/1724 846/668/1725 923/922/1726
f 693/448/1727 330/112/1728 603/923/1729
f 603/923/1729 330/112/1728 329/127/1730
f 851/773/1731 214/924/1732 14/925/1733
f 322/677/1734 996/926/1735 702/468/1736
f 856/927/1737 855/678/1737 921/740/1738
f 861/928/1739 856/927/1739 607/684/1740
f 419/581/778 784/583/780 785/929/1741
f 319/930/1742 864/931/1743 609/386/1744
f 869/932/1745 870/933/1746 318/687/1747
f 869/932/1748 318/687/1749 1045/686/1748
f 610/934/1750 320/739/1070 919/738/1751
f 873/693/1752 315/383/1753 874/697/1754
f 874/697/1754 315/383/1753 872/692/1755
f 315/383/422 875/694/1756 611/384/423
f 314/125/1757 877/124/1758 772/563/735
f 879/699/1354 902/702/1759 171/826/1355
f 1046/935/1760 950/705/1761 309/379/416
f 971/936/1762 174/326/342 173/325/341
f 886/937/1763 885/730/1764 890/938/1765
f 958/807/1766 308/939/1767 306/120/1768
f 970/710/1769 868/709/1770 1045/686/1771
f 895/116/1772 894/711/1772 305/118/1772
f 893/712/1773 892/706/1773 615/119/1773
f 305/118/1774 893/712/1775 615/119/1776
f 304/117/1026 1047/940/1777 621/713/1027
f 899/715/1028 901/729/1778 896/716/1029
f 900/941/1779 876/695/1780 313/123/1781
f 901/729/1045 900/941/1782 313/123/1046
f 1048/942/1783 1049/943/1784 171/826/1784
f 1048/942/1785 300/718/1786 25/944/1787
f 1051/945/1788 709/946/1789 710/436/1790
f 1049/943/1791 1050/947/1792 1051/945/1793
f 904/721/1794 1052/948/1794 912/728/1794
f 904/721/1795 905/949/1796 1052/948/1797
f 905/949/1798 907/950/1799 968/951/1798
f 905/949/1800 968/951/1801 1052/948/1802
f 896/716/1029 295/952/1803 707/482/1804
f 707/482/1805 295/952/1806 706/373/1807
f 914/732/1808 1046/935/1809 883/556/1810
f 171/826/1811 1051/945/1793 967/953/1812
f 917/736/1066 621/713/1813 620/209/1814
f 289/370/404 290/372/406 288/887/1815
f 287/741/1816 958/807/1817 664/371/1818
f 922/954/1819 177/955/1819 995/956/1819
f 854/675/1820 951/957/1821 922/954/1820
f 951/957/1822 948/958/1823 922/954/1824
f 1054/959/1825 286/960/1826 720/961/1825
f 326/670/1827 327/389/1827 286/960/1827
f 326/670/1828 286/960/1828 1054/959/1829
f 671/392/1830 663/962/1831 662/963/1832
f 342/132/1833 601/964/1834 282/541/1835
f 280/55/1836 923/922/1837 847/878/1838
f 924/109/104 279/821/1839 278/110/105
f 836/965/1840 277/966/1841 924/109/1842
f 277/966/1843 597/967/1844 625/572/1346
f 277/966/1843 625/572/1346 279/821/1345
f 676/58/1234 816/744/1845 182/788/1235
f 150/46/1846 366/147/1847 183/61/1848
f 366/147/1092 826/643/1094 183/61/1849
f 591/405/1850 268/745/1850 767/880/1851
f 591/405/1852 767/880/1852 82/881/1853
f 369/153/453 184/407/1099 591/405/454
f 982/968/1854 266/650/1855 189/568/1856
f 925/748/1857 96/33/1858 265/747/1859
f 378/159/1860 821/835/1861 97/34/28
f 134/315/1862 131/410/1863 1059/749/1864
f 1059/749/1865 1060/412/1866 700/460/547
f 586/604/1867 661/236/1868 259/363/1869
f 256/102/1870 1061/969/1871 258/842/1872
f 401/602/1873 254/752/1874 256/102/1875
f 254/752/1876 117/165/482 255/785/1877
f 1025/754/1878 194/98/1878 249/100/1879
f 983/187/1880 195/191/191 248/970/1881
f 928/838/1882 635/335/353 634/337/355
f 104/891/1883 635/335/1884 109/892/1885
f 635/335/353 929/971/1886 636/336/354
f 580/301/1887 744/519/1887 480/972/1887
f 420/802/1293 1022/973/1888 639/653/1889
f 1022/973/1890 640/528/1891 639/653/1890
f 246/629/1892 245/342/1892 644/344/1892
f 933/974/1893 934/975/1894 245/342/1895
f 1063/261/263 645/343/362 245/342/361
f 935/757/1386 243/29/23 199/93/1896
f 241/759/1897 1036/976/1898 1034/977/1899
f 242/978/1900 575/839/1901 525/253/1902
f 936/760/1903 573/426/1904 945/137/1905
f 36/285/1906 238/176/1907 113/601/1908
f 86/427/499 237/359/1909 36/285/292
f 232/89/1910 341/91/436 340/131/1911
f 452/875/1912 233/90/84 232/89/83
f 689/547/691 716/491/1159 202/782/1325
f 40/226/1913 938/872/1913 1064/901/1914
f 938/872/1915 562/761/1160 722/495/1162
f 938/872/1915 722/495/1162 1064/901/1916
f 753/228/231 229/80/230 230/763/1917
f 559/869/1517 228/817/1918 658/81/1919
f 741/516/1920 224/438/1921 360/633/1922
f 221/979/1923 207/442/1924 651/781/1925
f 554/443/522 555/445/524 652/78/1926
f 941/249/531 551/353/533 1065/980/1927
f 823/907/1928 55/350/373 354/352/375
f 998/481/1929 524/265/1930 1066/671/1931
f 545/267/1932 1012/981/1933 1067/982/1934
f 217/70/1935 1071/983/1936 214/924/1732
f 53/620/1937 50/17/1422 943/617/838
f 944/777/1938 1069/984/1938 1070/985/1938
f 538/462/1939 960/779/1940 944/777/1941
f 699/776/1425 538/462/549 944/777/1942
f 48/264/1943 944/777/1944 1070/985/1945
f 993/857/1946 992/67/57 215/66/56
f 993/857/1947 215/66/1948 1068/775/1949
f 701/859/1950 993/857/1951 1068/775/1952
f 701/859/1953 1068/775/1953 542/774/1953
f 943/617/838 953/856/1423 655/986/1954
f 53/620/845 943/617/1955 811/987/1956
f 217/70/1935 991/988/1957 1071/983/1936
f 942/71/1958 214/924/1959 851/773/1960
f 545/267/1961 1067/982/1962 1066/671/1963
f 524/265/1930 545/267/1964 1066/671/1931
f 708/479/1965 524/265/1966 998/481/1967
f 849/863/1968 998/481/1969 605/673/1970
f 717/487/592 523/488/594 42/772/1971
f 523/488/1972 212/72/1973 42/772/1974
f 548/989/1975 54/990/1976 514/849/1977
f 514/849/1977 54/990/1976 549/850/1978
f 54/990/1979 823/907/1980 549/850/1979
f 54/990/1981 55/350/1982 823/907/1983
f 723/499/1984 989/991/1985 210/769/1986
f 989/991/1987 211/812/1988 210/769/1989
f 989/991/1990 1009/813/1318 211/812/1317
f 694/19/13 723/499/606 550/771/1991
f 941/249/1992 1065/980/1992 730/848/1992
f 730/848/1993 511/247/1994 941/249/1995
f 730/848/1996 1065/980/1997 693/448/1998
f 730/848/1999 693/448/529 509/447/528
f 553/74/527 692/446/526 778/815/2000
f 554/443/2001 652/78/72 940/77/71
f 502/992/2002 554/443/522 940/77/2003
f 501/846/2004 502/992/2005 940/77/2006
f 501/846/2007 939/768/1181 988/844/2008
f 691/576/2009 16/196/1211 222/780/1210
f 1072/799/2010 64/22/2010 491/21/2010
f 1072/799/2011 207/442/2012 64/22/2013
f 64/22/16 207/442/1924 221/979/1923
f 740/515/641 741/516/643 558/636/890
f 70/231/2014 226/993/2015 807/172/2016
f 226/993/2017 477/230/2018 657/552/2019
f 229/80/230 559/869/2020 658/81/2021
f 468/84/78 754/819/2022 649/762/2023
f 754/819/2024 231/994/2025 649/762/2026
f 754/819/2024 954/870/2027 231/994/2025
f 40/226/687 1064/901/2028 817/544/688
f 458/86/692 689/547/691 202/782/1217
f 687/252/2029 688/489/2030 716/491/2031
f 563/995/2032 458/86/2033 75/88/2034
f 566/25/2035 452/875/2036 232/89/2037
f 236/996/2038 737/431/2039 660/632/876
f 685/429/2040 737/431/2041 236/996/2042
f 763/997/2043 685/429/2040 236/996/2042
f 237/359/1909 238/176/2044 36/285/292
f 936/760/2045 837/998/2046 239/287/2047
f 34/286/294 936/760/2048 239/287/295
f 241/759/1147 240/291/299 242/978/2049
f 576/294/2050 241/759/2051 32/914/2052
f 935/757/1145 199/93/87 244/92/86
f 955/999/2053 1063/261/2054 245/342/2055
f 1014/1000/2056 933/974/1893 780/1001/2057
f 933/974/2058 246/629/871 577/628/870
f 933/974/2059 245/342/2060 246/629/2061
f 422/201/2062 643/340/2063 641/339/2064
f 94/199/2065 422/201/2066 781/577/2067
f 1022/973/2068 984/526/658 640/528/660
f 930/626/2069 931/302/850 814/408/847
f 104/891/2070 929/971/2071 635/335/2072
f 795/192/1607 104/891/1606 109/892/2073
f 983/187/822 927/361/1137 195/191/2074
f 414/185/2075 983/187/2076 248/970/2075
f 410/180/2077 248/970/2078 796/190/2079
f 1025/754/1626 583/896/1625 194/98/2080
f 583/896/2081 682/1002/2082 194/98/2083
f 1026/836/2084 1025/754/2085 93/295/2086
f 405/177/2087 252/1003/2088 251/753/1333
f 805/178/178 405/177/177 251/753/2089
f 256/102/2090 254/752/2090 255/785/2091
f 399/420/483 117/165/482 254/752/1876
f 119/101/2092 401/602/2093 256/102/2094
f 257/103/1523 256/102/2095 258/842/1396
f 650/798/1261 586/604/1263 260/362/2096
f 260/362/394 586/604/2097 259/363/395
f 396/174/2098 395/173/2099 260/362/2100
f 396/174/2101 260/362/2102 261/751/2103
f 262/365/2104 678/414/2105 631/333/2106
f 809/1004/2107 1027/750/2108 127/310/2109
f 128/42/2110 926/44/2111 130/313/2112
f 29/616/1105 134/315/1107 380/314/2113
f 132/615/841 131/410/843 134/315/2114
f 134/315/2115 1059/749/2116 700/460/2117
f 378/159/1860 97/34/28 925/748/2118
f 188/1005/2119 629/786/2120 187/104/2121
f 184/407/1095 142/803/2122 185/746/1100
f 591/405/2123 82/881/1563 441/150/1268
f 150/46/2124 762/62/693 980/47/2125
f 822/49/2126 361/903/2127 979/868/2128
f 593/646/2129 675/57/2130 181/60/2131
f 827/906/2132 675/57/2130 593/646/2129
f 593/646/2133 181/60/2134 695/834/2135
f 164/831/2136 1057/832/2137 274/1006/2138
f 594/649/2139 164/831/2140 274/1006/2140
f 168/651/919 594/649/914 179/470/2141
f 168/651/2142 179/470/566 534/469/565
f 594/649/2143 274/1006/2144 179/470/2145
f 275/743/1237 1073/321/2146 276/789/1238
f 595/319/2147 1073/321/2148 275/743/2149
f 831/589/2150 673/742/2151 275/743/2152
f 831/589/2153 275/743/2154 791/590/2155
f 347/1007/2156 597/967/2157 277/966/1841
f 836/965/1840 347/1007/2156 277/966/1841
f 836/965/2158 924/109/2159 28/111/2160
f 277/966/2161 279/821/1839 924/109/104
f 841/133/2162 342/132/2163 281/540/2162
f 841/133/2164 281/540/2165 1041/918/2166
f 1041/918/2167 281/540/2167 760/1008/2167
f 1056/920/2168 842/919/2169 283/367/401
f 1056/920/2168 283/367/401 482/323/2170
f 1055/322/338 1056/920/2171 482/323/339
f 285/113/432 671/392/431 284/1009/2172
f 975/114/2173 284/1009/2174 1003/1010/2175
f 327/389/2176 604/391/2177 286/960/2178
f 606/1011/2179 326/670/2180 1054/959/2181
f 606/1011/2179 1054/959/2181 974/1012/2182
f 1054/959/2183 720/961/2184 719/452/2185
f 974/1012/2182 1054/959/2181 719/452/2186
f 922/954/2187 995/956/2188 540/1013/2189
f 854/675/967 922/954/2190 853/676/968
f 922/954/2191 948/958/2192 177/955/2193
f 287/741/2194 664/371/2195 289/370/2195
f 920/685/1073 289/370/1075 288/887/2196
f 291/737/2197 668/388/2198 622/1014/2199
f 291/737/2200 622/1014/2201 918/825/2202
f 320/739/1070 291/737/1072 919/738/1751
f 919/738/1069 433/293/301 972/292/300
f 667/882/1566 919/738/2203 972/292/1567
f 291/737/2204 918/825/2205 433/293/2206
f 174/326/1059 916/735/1061 292/327/2207
f 890/938/1765 885/730/1764 293/733/2208
f 890/938/2209 293/733/2210 614/121/119
f 615/119/1017 175/707/1016 294/376/2211
f 901/729/2212 618/374/2213 295/952/2214
f 1052/948/2215 296/1015/2216 665/1016/2217
f 912/728/2218 1052/948/2215 665/1016/2217
f 912/728/2218 703/862/2219 527/1017/2220
f 912/728/2218 665/1016/2217 703/862/2219
f 910/727/2221 528/1018/2222 299/724/2223
f 297/1019/2224 617/725/2225 298/1020/2226
f 908/1021/2227 909/722/2228 297/1019/2229
f 297/1019/2224 909/722/2230 617/725/2225
f 866/1022/2231 908/1021/2232 298/1020/2233
f 26/387/1307 298/1020/2234 27/723/1308
f 909/722/2235 904/721/2236 617/725/2237
f 906/720/2238 905/949/2239 904/721/2240
f 617/725/2241 904/721/2242 912/728/2243
f 25/944/2244 616/717/2245 1050/947/2246
f 171/826/1811 1049/943/1791 1051/945/1793
f 967/953/2247 1051/945/2248 710/436/2249
f 903/1023/2250 300/718/2251 1048/942/2252
f 171/826/1355 902/702/1759 1048/942/2253
f 902/702/2254 903/1023/2250 1048/942/2252
f 897/1024/2255 900/941/2256 901/729/1778
f 300/718/1031 899/715/1033 25/944/2244
f 898/719/2257 897/1024/2258 899/715/2258
f 25/944/2244 899/715/1033 616/717/2245
f 615/119/116 294/376/410 304/117/117
f 304/117/2259 302/714/2260 1047/940/1777
f 304/117/117 294/376/410 302/714/2261
f 1047/940/1777 302/714/2260 621/713/1027
f 875/694/2262 895/116/2263 303/115/2264
f 875/694/2265 894/711/2265 895/116/2265
f 893/712/2266 891/708/2267 892/706/2268
f 892/706/2269 891/708/2270 175/707/2271
f 306/120/118 889/1025/2272 614/121/119
f 623/580/2273 306/120/2274 984/526/2275
f 958/807/1766 306/120/1768 623/580/2276
f 857/679/2277 307/1026/2278 308/939/2279
f 884/1027/2280 887/1028/2281 885/730/2282
f 888/1029/2283 886/937/2284 890/938/2285
f 886/937/1763 884/1027/2286 885/730/1764
f 950/705/2287 173/325/2288 309/379/2287
f 1046/935/1760 309/379/416 883/556/705
f 311/704/2289 880/700/1009 172/698/1003
f 311/704/2290 172/698/2291 950/705/2292
f 887/1028/2293 312/703/2293 882/1030/2293
f 882/1030/2294 312/703/1012 950/705/1014
f 172/698/2295 174/326/342 971/936/1762
f 877/124/1758 666/382/2296 772/563/735
f 666/382/2297 872/692/2298 316/564/2299
f 313/123/2300 314/125/2301 618/374/2300
f 618/374/2302 314/125/1757 772/563/735
f 618/374/408 772/563/2303 22/375/409
f 867/688/2304 318/687/2305 871/689/986
f 867/688/2306 871/689/986 728/691/988
f 864/931/2307 866/1022/2307 609/386/2307
f 865/1031/2308 864/931/2309 319/930/1742
f 319/930/1742 609/386/1744 320/739/2310
f 862/1032/2311 861/928/2312 607/684/2313
f 862/1032/2314 607/684/2315 321/1033/2316
f 860/1034/2317 862/1032/2314 321/1033/2316
f 860/1034/2318 321/1033/2319 1074/1035/2320
f 1075/1036/2321 860/1034/2318 1074/1035/2320
f 1074/1035/2320 859/681/975 863/682/977
f 1074/1035/2320 321/1033/2319 859/681/975
f 855/678/972 858/680/974 921/740/2322
f 856/927/2323 921/740/2324 607/684/2325
f 597/967/2326 852/1037/2327 322/677/2328
f 597/967/2329 322/677/2330 625/572/2331
f 544/478/1194 851/773/1196 669/855/2332
f 1035/1038/2333 1044/255/2334 852/1037/2327
f 1035/1038/2333 852/1037/2327 597/967/2326
f 670/674/966 851/773/2335 854/675/967
f 851/773/2336 14/925/2337 854/675/2338
f 854/675/2339 14/925/2340 951/957/2341
f 1043/1039/2342 606/1011/2343 974/1012/2344
f 323/1040/2345 606/1011/2345 1043/1039/2346
f 1042/1041/2347 323/1040/2347 1043/1039/2347
f 1042/1041/2348 1043/1039/2349 850/874/2350
f 601/964/2351 1042/1041/2352 850/874/2353
f 849/863/1968 605/673/1970 323/1040/2354
f 19/394/2355 323/1040/2356 1042/1041/2357
f 324/669/2358 325/1042/2359 839/390/2360
f 998/481/2361 1066/671/2361 848/672/2362
f 848/672/2363 326/670/2364 606/1011/2365
f 605/673/963 848/672/965 606/1011/2366
f 923/922/1721 328/126/1723 847/878/2367
f 847/878/2367 328/126/1723 170/128/2368
f 847/878/1553 170/128/2369 497/879/1554
f 846/668/2370 693/448/2371 603/923/2372
f 57/449/2373 693/448/2374 846/668/2374
f 345/139/2375 729/138/1724 923/922/1726
f 693/448/2376 331/129/127 330/112/107
f 337/921/2377 978/830/2378 333/667/2379
f 338/828/2380 978/830/2380 337/921/2380
f 627/820/1342 332/666/2381 743/422/2382
f 336/665/2383 337/921/1719 332/666/1718
f 596/320/950 336/665/952 332/666/2384
f 336/665/2385 338/828/2385 337/921/2386
f 205/764/2387 204/82/2388 845/1043/2389
f 560/663/945 205/764/2390 335/664/946
f 335/664/2391 205/764/2392 977/829/1364
f 560/663/945 230/763/2393 205/764/2390
f 844/1044/2394 956/806/2395 1041/918/2396
f 957/805/2397 956/806/2398 844/1044/2399
f 842/919/2400 339/877/2401 844/1044/2402
f 842/919/2400 844/1044/2402 624/368/2403
f 339/877/2404 449/876/2405 843/1045/2406
f 598/659/1301 346/791/1300 599/660/2407
f 343/136/930 721/492/2408 604/391/931
f 721/492/2409 344/135/2410 1040/917/2411
f 325/1042/2359 436/658/2412 839/390/2360
f 239/287/2047 837/998/2046 1039/804/2413
f 837/998/2414 169/54/2415 1039/804/2416
f 834/1046/2417 835/915/2417 672/1047/2417
f 663/962/2418 833/657/2419 834/1046/2420
f 663/962/2421 834/1046/2422 734/444/2422
f 1037/656/927 31/913/2423 1038/916/2424
f 832/655/2425 833/657/2419 663/962/2418
f 430/354/2426 1037/656/2427 832/655/2428
f 1037/656/927 1038/916/2424 833/657/928
f 1034/977/2429 1036/976/2430 347/1007/2431
f 242/978/2432 1035/1038/2433 1036/976/2432
f 32/914/2052 1034/977/2434 835/915/2435
f 352/911/1698 831/589/2436 348/912/1699
f 1076/1048/2437 352/911/1698 830/910/1697
f 830/910/1697 348/912/1699 790/1049/2438
f 786/1050/2439 349/195/195 1076/1048/2440
f 189/568/2441 166/142/2442 353/28/2441
f 536/860/1433 165/647/2443 1033/909/2444
f 536/860/1433 542/774/2445 165/647/2443
f 373/1051/2446 535/908/2447 1033/909/2448
f 645/343/2449 535/908/2449 373/1051/2450
f 1033/909/2451 952/140/918 266/650/916
f 216/348/2452 163/349/1688 828/648/1687
f 542/774/1198 828/648/2453 165/647/2454
f 542/774/1198 216/348/1200 828/648/2453
f 594/649/2455 163/349/1692 164/831/1691
f 1031/642/2456 825/644/2457 521/250/2458
f 818/1052/2459 1032/497/2460 1077/641/2461
f 515/496/602 990/851/2462 1032/497/603
f 549/850/2463 823/907/2464 162/645/2465
f 162/645/2465 823/907/2464 827/906/2466
f 158/53/899 592/637/896 355/638/898
f 186/792/2467 356/509/2468 81/280/2469
f 736/845/2470 988/844/2471 357/52/2472
f 368/406/1296 357/52/2473 157/51/2474
f 652/78/895 358/395/439 156/79/894
f 939/768/1181 156/79/1183 592/637/2475
f 988/844/2476 939/768/2477 592/637/2478
f 821/835/2479 155/50/2480 746/866/1509
f 481/635/887 558/636/1506 152/144/888
f 558/636/890 741/516/643 153/634/891
f 135/158/1377 481/635/2481 151/143/2482
f 225/905/2483 460/219/1248 359/398/1247
f 360/633/885 361/903/2484 153/634/886
f 360/633/1664 359/398/1666 361/903/2485
f 362/403/2486 149/45/2487 820/404/2486
f 146/902/2488 365/146/2489 145/145/2490
f 146/902/2491 959/1053/2492 818/1052/2493
f 817/544/688 1064/901/2028 148/402/2494
f 1064/901/1657 145/145/1659 148/402/2495
f 367/793/1251 143/149/2496 144/148/1252
f 816/744/1653 367/793/1652 182/788/2497
f 367/793/2498 572/900/2499 143/149/2500
f 161/898/2501 816/744/1082 160/640/1081
f 236/996/2038 660/632/876 141/152/878
f 235/151/2502 236/996/2503 141/152/2504
f 981/1054/2505 139/317/2506 138/316/2507
f 371/1055/2508 138/316/2509 370/569/2510
f 270/397/1229 371/1055/2511 370/569/1230
f 423/396/1581 424/631/1580 371/1055/2512
f 424/631/1580 137/630/2513 371/1055/2512
f 644/344/2514 373/1051/2514 372/1056/2514
f 946/783/2515 644/344/2516 372/1056/2517
f 644/344/363 645/343/362 373/1051/2518
f 246/629/1219 139/317/2506 981/1054/2505
f 139/317/2519 946/783/2519 187/104/2520
f 374/156/2521 375/888/2522 376/627/2523
f 815/625/861 136/154/867 1078/1057/2524
f 1078/1057/2524 376/627/869 1079/584/781
f 815/625/861 377/623/860 136/154/867
f 381/161/158 29/616/2525 380/314/2526
f 682/1002/2527 1029/1058/2528 382/160/1331
f 1029/1058/2529 381/161/2529 382/160/2529
f 533/258/2530 812/861/2531 682/1002/2532
f 53/620/845 811/987/1956 813/614/846
f 811/987/2533 943/617/838 132/615/840
f 1028/794/2534 384/312/2535 1000/613/2536
f 387/163/2537 810/796/2538 388/164/2538
f 388/164/2539 1028/794/2540 117/165/2541
f 218/43/1209 213/65/1208 926/44/2542
f 42/772/1193 128/42/33 129/797/1259
f 42/772/1193 218/43/34 128/42/33
f 129/797/2543 128/42/2544 384/312/2545
f 390/608/2546 123/39/2547 405/177/1633
f 405/177/2087 123/39/2548 252/1003/2088
f 252/1003/2549 126/41/2550 632/274/2551
f 60/73/68 220/76/70 389/612/831
f 391/611/830 124/609/832 390/608/2552
f 503/358/1632 391/611/2553 390/608/2546
f 208/75/824 679/413/826 1027/750/2554
f 220/76/70 1027/750/1637 389/612/2555
f 389/612/2556 1027/750/2557 809/1004/2558
f 196/166/169 394/171/168 121/167/2559
f 393/170/2560 475/522/1172 392/417/473
f 198/360/1513 393/170/1514 983/187/186
f 807/172/170 650/798/2561 395/173/171
f 585/606/2562 806/306/2563 118/419/2564
f 586/604/2565 397/605/2566 661/236/2567
f 661/236/239 118/419/2568 756/237/240
f 398/603/2569 564/1059/2570 397/605/2566
f 657/552/813 1008/1060/2571 398/603/814
f 400/87/1218 202/782/1217 399/420/2572
f 202/782/2573 387/163/2574 399/420/2575
f 585/606/2576 400/87/2577 806/306/2578
f 264/329/347 114/175/2579 191/330/348
f 213/65/2580 1011/1061/2581 926/44/2580
f 84/212/2582 403/421/484 1011/1061/2583
f 926/44/2584 1011/1061/2583 404/1062/2585
f 926/44/1114 404/1062/2585 264/329/399
f 804/600/800 1026/836/1380 406/573/2586
f 804/600/800 408/837/1381 1026/836/1380
f 678/414/2587 407/599/2588 631/333/2589
f 678/414/2587 426/202/2590 407/599/2588
f 407/599/799 112/204/2591 408/837/2592
f 646/94/2593 647/809/2594 583/896/2594
f 244/92/2595 409/756/2596 681/598/2597
f 409/756/2598 1025/754/2085 1026/836/2084
f 681/598/2597 409/756/2596 1026/836/2599
f 412/184/2600 410/180/2601 802/179/2602
f 800/893/2603 411/596/796 803/595/795
f 411/596/1612 802/179/1611 797/597/1620
f 684/890/1613 110/183/2604 1024/182/1614
f 800/893/2603 1024/182/2605 411/596/796
f 197/96/2606 638/186/185 414/185/184
f 247/97/91 197/96/90 414/185/2607
f 247/97/1616 414/185/2608 413/894/1617
f 105/895/2609 410/180/180 106/189/2610
f 111/181/181 410/180/180 105/895/2609
f 797/597/1620 105/895/1619 799/592/2611
f 105/895/2612 106/189/794 799/592/791
f 927/361/2613 633/169/2614 104/891/2615
f 103/588/2616 581/155/2617 102/1063/2618
f 103/588/787 416/587/786 581/155/2619
f 792/624/859 102/1063/2620 793/622/862
f 348/912/1699 789/591/790 790/1049/2438
f 794/1064/2621 789/591/790 102/1063/2618
f 790/1049/2438 789/591/790 794/1064/2621
f 276/789/1344 626/300/1343 683/423/2622
f 791/590/2623 275/743/2624 947/790/2624
f 100/298/1591 96/33/1590 95/95/1139
f 788/585/783 99/297/782 417/299/2625
f 375/888/2626 100/298/2626 99/297/2627
f 821/835/2479 746/866/1509 98/35/2628
f 97/34/2629 821/835/2630 98/35/2631
f 96/33/1590 98/35/2632 95/95/1139
f 1023/1065/2633 784/583/2634 787/193/193
f 1023/1065/2633 787/193/193 786/1050/2439
f 786/1050/2439 787/193/193 349/195/195
f 288/887/2635 290/372/2636 782/579/2635
f 782/579/774 783/578/773 420/802/1293
f 30/296/2637 1021/886/2638 421/198/2639
f 92/197/197 30/296/304 421/198/198
f 680/574/2640 93/295/2641 92/197/2642
f 406/573/760 91/575/762 691/576/2643
f 631/333/801 406/573/2586 691/576/2644
f 250/99/2645 90/463/1384 89/200/1383
f 1015/885/2646 780/1001/2647 424/631/2647
f 555/445/1576 1015/885/1578 423/396/2648
f 1016/1066/2649 1019/1067/2650 1017/884/2651
f 1017/884/1577 1019/1067/2652 1015/885/1578
f 278/110/105 779/571/2653 1014/1000/2654
f 28/111/2655 1014/1000/2656 1019/1067/2657
f 1019/1067/2658 1014/1000/2659 780/1001/2660
f 692/446/526 428/883/2661 778/815/2000
f 428/883/2662 425/203/2663 426/202/2590
f 778/815/2664 426/202/2590 678/414/2587
f 267/105/100 87/205/205 140/31/98
f 775/567/1412 432/424/2665 430/354/2666
f 430/354/1571 776/425/1570 431/1068/2667
f 667/882/2668 432/424/742 1013/690/1565
f 433/293/2206 918/825/2205 435/289/2669
f 433/293/2670 435/289/2671 434/758/2672
f 438/208/2673 33/801/1291 437/288/296
f 1067/982/2674 436/658/2675 325/1042/2676
f 1067/982/2677 1012/981/2678 436/658/2679
f 438/208/2673 437/288/296 436/658/2680
f 1012/981/2678 438/208/2681 436/658/2679
f 23/266/2682 773/206/2682 1012/981/2682
f 23/266/2683 1012/981/1933 545/267/1932
f 773/206/2684 438/208/2681 1012/981/2678
f 770/562/2685 439/211/2686 771/565/2687
f 771/565/2688 439/211/2688 34/286/2688
f 769/64/213 85/283/2689 84/212/214
f 83/560/2690 86/427/499 85/283/291
f 767/880/2691 185/746/2692 80/428/2693
f 444/558/723 763/997/2694 570/279/2695
f 766/559/2696 161/898/2697 824/639/2698
f 443/215/2699 571/899/1649 161/898/1648
f 766/559/727 443/215/726 161/898/2700
f 519/493/2701 765/213/2702 442/351/2703
f 445/432/2704 847/878/2705 1010/430/2706
f 444/558/2707 685/429/2040 763/997/2043
f 402/305/2708 116/38/712 79/433/714
f 402/305/2709 79/433/2710 568/216/2711
f 989/991/2712 724/500/2713 1009/813/2714
f 724/500/2715 568/216/2716 1009/813/2717
f 115/37/1132 253/434/1134 116/38/2718
f 228/817/2719 310/380/2720 77/26/2721
f 228/817/2719 77/26/2721 842/919/2722
f 310/380/1543 613/328/2723 76/24/1544
f 451/553/2724 619/555/2725 686/435/2726
f 456/1069/2727 563/995/2032 1008/1060/2728
f 453/1070/2729 456/1069/2730 1008/1060/2731
f 657/552/813 455/551/699 453/1070/2732
f 454/550/2733 456/1069/2734 455/551/699
f 454/550/2735 149/45/2736 456/1069/2737
f 149/45/36 980/47/38 456/1069/2738
f 454/550/2733 455/551/699 477/230/698
f 761/546/690 826/643/2739 687/252/1158
f 980/47/2125 762/62/693 457/548/695
f 457/548/695 458/86/2740 563/995/2741
f 457/548/695 761/546/694 458/86/2740
f 463/224/1533 459/545/2742 986/840/1534
f 39/223/2743 40/226/2744 459/545/2745
f 557/543/2746 462/222/2747 463/224/2748
f 463/224/2749 461/220/2750 460/219/2751
f 557/543/2746 463/224/2748 460/219/2752
f 557/543/2753 759/542/2754 462/222/2755
f 282/541/2756 964/873/2756 464/225/2757
f 760/1008/2758 281/540/2759 39/223/2760
f 281/540/2761 464/225/2762 39/223/2763
f 72/538/2764 757/841/2765 74/271/2766
f 1007/307/2767 757/841/2768 755/871/2769
f 1007/307/2770 119/101/2770 757/841/2770
f 119/101/2771 257/103/2772 757/841/2773
f 756/237/2774 1007/307/2775 466/536/2776
f 1007/307/2767 755/871/2769 466/536/2777
f 1061/969/1871 754/819/2778 258/842/1872
f 258/842/2779 754/819/2780 467/83/2781
f 1061/969/2782 255/785/1338 754/819/1337
f 258/842/2783 467/83/2784 74/271/2785
f 751/532/2786 752/535/2786 469/533/2787
f 640/528/668 469/533/670 596/320/2788
f 750/529/2789 472/531/2789 473/527/2790
f 984/526/658 750/529/662 473/527/659
f 614/121/119 293/733/2210 470/530/663
f 470/530/2791 293/733/2792 1006/534/2793
f 293/733/1058 749/227/2794 1006/534/2795
f 579/525/655 474/523/657 198/360/1513
f 579/525/655 746/866/1509 476/524/656
f 745/229/232 819/549/2796 477/230/233
f 979/868/2797 69/269/2798 71/268/2799
f 479/520/2800 478/518/2801 481/635/2802
f 480/972/2803 744/519/2804 479/520/2803
f 479/520/2805 481/635/2806 480/972/2807
f 334/393/433 602/324/435 742/517/2808
f 743/422/2809 334/393/2810 742/517/2811
f 1005/369/403 624/368/402 557/543/2812
f 482/323/339 740/515/2813 602/324/340
f 482/323/2814 1005/369/516 483/437/515
f 488/232/235 487/234/237 636/336/2815
f 929/971/1886 488/232/2816 636/336/354
f 636/336/2817 66/439/2818 484/1071/2819
f 488/232/2820 486/416/2821 489/233/2821
f 929/971/2822 633/169/2823 488/232/2822
f 1004/364/1489 259/363/2824 490/235/1490
f 259/363/2825 661/236/239 490/235/238
f 261/751/2826 1004/364/2826 489/233/2826
f 587/415/2827 261/751/2828 489/233/2829
f 489/233/2830 1004/364/2831 67/440/2832
f 1004/364/2833 68/765/1289 67/440/1288
f 62/241/1278 494/240/2834 491/21/2835
f 494/240/2834 1072/799/2836 491/21/2835
f 739/239/2837 125/40/2838 690/865/2839
f 739/239/2840 62/241/1488 493/345/367
f 192/311/2841 61/332/2841 496/514/2842
f 496/514/1280 1072/799/1282 690/865/2843
f 500/244/2844 499/243/1406 738/843/1408
f 500/244/2845 738/843/2846 736/845/2847
f 735/818/2848 500/244/2849 736/845/2850
f 170/128/1362 976/827/1361 499/243/2851
f 497/879/2852 170/128/2853 498/242/2854
f 497/879/2852 498/242/2854 737/431/2855
f 497/879/2856 737/431/505 1010/430/504
f 498/242/2857 500/244/2858 737/431/2859
f 662/963/2860 734/444/2861 502/992/2862
f 1003/1010/2863 502/992/2862 501/846/2864
f 976/827/2865 1003/1010/2866 501/846/2867
f 1003/1010/2863 662/963/2860 502/992/2862
f 38/281/286 503/358/386 37/282/287
f 356/509/627 355/638/898 504/510/628
f 269/787/2868 505/245/2869 731/1072/2870
f 370/569/2871 692/446/2871 505/245/2871
f 504/510/2872 731/1072/2873 1002/513/2874
f 573/426/1904 508/505/2875 945/137/1905
f 508/505/2876 509/447/2877 57/449/2878
f 508/505/2879 57/449/2880 945/137/2881
f 945/137/135 57/449/2882 729/138/136
f 302/714/2883 969/378/2883 510/504/2883
f 969/378/2884 552/847/2885 510/504/2886
f 969/378/2884 727/503/2887 552/847/2885
f 513/450/534 694/19/13 1001/1073/2888
f 954/870/2027 725/864/2889 231/994/2025
f 725/864/2890 1001/1073/2891 962/1074/2892
f 1000/613/835 385/501/834 56/20/2893
f 386/795/1257 1000/613/1256 954/870/2894
f 1000/613/2895 725/864/2896 954/870/2897
f 588/18/326 190/498/1113 694/19/2898
f 517/453/2899 548/989/2900 514/849/2900
f 516/451/535 517/453/537 722/495/2901
f 959/1053/2492 722/495/2902 1032/497/2903
f 722/495/601 517/453/2904 515/496/602
f 516/451/2905 974/1012/2906 719/452/2905
f 850/874/2350 1043/1039/2349 516/451/2907
f 850/874/2908 516/451/2909 562/761/2910
f 720/961/2911 54/990/1976 548/989/1975
f 715/853/2912 717/487/2913 718/852/2914
f 716/491/2915 715/853/2916 387/163/2917
f 674/833/2918 695/834/2919 520/251/2920
f 826/643/2921 521/250/2922 687/252/2923
f 687/252/2924 714/490/2924 688/489/2924
f 273/59/50 999/455/542 522/457/544
f 273/59/1236 182/788/1235 999/455/2925
f 695/834/1417 181/60/593 717/487/592
f 181/60/2926 522/457/2926 523/488/2926
f 1081/854/2927 713/480/2928 712/485/2929
f 201/484/589 565/1075/2930 712/485/590
f 565/1075/2931 1081/854/2932 712/485/2933
f 712/485/2934 19/394/437 18/486/1313
f 709/946/2935 1081/854/2936 565/1075/2937
f 710/436/1790 709/946/1789 565/1075/2938
f 706/373/407 22/375/409 524/265/581
f 708/479/2939 707/482/2940 706/373/2941
f 575/839/2942 705/476/2942 525/253/2942
f 529/474/2943 527/1017/2944 997/1076/2945
f 528/1018/2946 911/726/1041 529/474/2947
f 529/474/575 705/476/577 575/839/2948
f 528/1018/2949 529/474/2950 575/839/2951
f 966/290/298 528/1018/2952 575/839/1388
f 703/862/2953 543/477/2954 997/1076/2955
f 527/1017/2220 703/862/2219 997/1076/2956
f 532/256/258 696/800/1439 52/257/259
f 189/568/745 353/28/2957 88/27/746
f 534/469/565 49/15/567 696/800/1285
f 179/470/2958 180/16/10 49/15/9
f 49/15/567 53/620/1286 696/800/1285
f 537/260/2959 541/858/2959 536/860/2959
f 1063/261/263 537/260/262 645/343/362
f 537/260/2960 536/860/1694 535/908/1693
f 645/343/2961 537/260/2961 535/908/2961
f 996/926/2962 853/676/2963 540/1013/2964
f 955/999/2053 702/468/755 1063/261/2054
f 702/468/1736 996/926/1735 697/259/2965
f 995/956/2966 177/955/2967 178/824/1350
f 540/1013/2189 995/956/2188 541/858/2968
f 995/956/2969 701/859/1432 541/858/1431
f 995/956/2966 178/824/1350 993/857/1430
f 995/956/2970 993/857/2971 701/859/2972
f 90/463/1384 994/465/557 643/340/556
f 700/460/547 538/462/549 699/776/1425
f 134/315/2973 700/460/2974 539/263/2975
f 539/263/2976 699/776/2977 48/264/2978
f 589/262/264 47/458/545 44/464/2979
f 47/458/545 698/459/546 46/466/2980
f 993/857/2981 21/823/2981 992/67/2981
f 540/1013/2189 541/858/2968 537/260/2982
f 51/471/569 953/856/1437 50/17/2983
f 534/469/565 696/800/1285 532/256/2984
f 52/257/2985 531/619/2986 812/861/2987
f 529/474/2988 997/1076/2988 530/475/2989
f 711/483/588 708/479/587 1081/854/2990
f 522/457/544 546/63/543 212/72/2991
f 715/853/2912 718/852/2914 810/796/2992
f 718/852/2993 717/487/2994 42/772/2995
f 54/990/1981 547/454/2996 55/350/1982
f 547/454/2997 519/493/2998 442/351/2997
f 719/452/2185 720/961/2184 548/989/2999
f 517/453/3000 514/849/3001 515/496/3002
f 630/331/607 724/500/609 989/991/3003
f 552/847/2885 727/503/2887 511/247/3004
f 58/507/629 1002/513/3005 733/511/3006
f 502/992/2002 734/444/523 554/443/522
f 976/827/3007 501/846/3008 499/243/3007
f 738/843/3009 501/846/3010 988/844/3011
f 61/332/3012 207/442/2012 1072/799/2011
f 739/239/3013 690/865/3014 494/240/3013
f 487/234/3015 489/233/1400 66/439/518
f 483/437/3016 224/438/3017 741/516/3018
f 742/517/3019 602/324/3020 478/518/3021
f 748/521/3022 71/268/269 475/522/1275
f 473/527/3023 752/535/3024 751/532/3023
f 472/531/3025 752/535/3026 473/527/3027
f 472/531/3028 1006/534/3029 752/535/3030
f 469/533/3031 752/535/3031 560/663/3032
f 752/535/3033 753/228/231 230/763/1917
f 752/535/3034 230/763/3035 560/663/3036
f 467/83/77 754/819/2022 468/84/78
f 464/225/1532 562/761/1531 938/872/3037
f 463/224/1533 39/223/3038 459/545/2742
f 462/222/3039 760/1008/3040 39/223/3041
f 761/546/690 687/252/1158 689/547/691
f 1008/1060/2571 564/1059/3042 398/603/814
f 563/995/2032 75/88/2034 1008/1060/2728
f 1008/1060/2571 75/88/3043 564/1059/3042
f 452/875/1542 686/435/1541 233/90/3044
f 566/25/3045 232/89/3046 567/662/3047
f 449/876/2405 566/25/3048 567/662/3049
f 632/274/3050 493/345/3051 937/275/3052
f 764/214/724 444/558/723 570/279/2695
f 570/279/3053 572/900/3054 571/899/1649
f 443/215/218 570/279/284 571/899/3055
f 768/456/1270 83/560/1269 769/64/3056
f 574/207/738 33/801/1291 438/208/2673
f 437/288/3057 838/134/933 436/658/932
f 776/425/3058 576/294/3058 32/914/3059
f 776/425/3060 32/914/1701 31/913/1700
f 985/32/1144 88/27/3061 935/757/1145
f 779/571/753 955/999/2053 934/975/3062
f 1014/1000/3063 779/571/3063 934/975/3064
f 779/571/753 702/468/755 955/999/2053
f 424/631/873 780/1001/3065 577/628/874
f 780/1001/2057 933/974/1893 577/628/3066
f 783/578/773 623/580/777 1022/973/1888
f 623/580/2273 984/526/2275 1022/973/3067
f 784/583/2634 578/194/3068 787/193/193
f 784/583/3069 418/582/3069 578/194/3070
f 418/582/1586 782/579/774 578/194/1295
f 98/35/2628 579/525/655 932/338/3071
f 98/35/3072 932/338/3073 197/96/3074
f 684/890/3075 101/755/3076 110/183/3076
f 417/299/1593 101/755/3077 684/890/1594
f 789/591/790 791/590/789 103/588/3078
f 789/591/790 103/588/2616 102/1063/2618
f 791/590/3079 683/423/3080 103/588/3081
f 102/1063/3082 581/155/3082 793/622/3082
f 107/303/3083 582/304/3084 108/593/3085
f 1024/182/3086 412/184/2600 802/179/2602
f 407/599/799 408/837/2592 804/600/800
f 112/204/3087 681/598/1379 408/837/1381
f 503/358/1632 390/608/2546 405/177/1633
f 403/421/484 584/36/486 114/175/3088
f 35/284/802 113/601/804 584/36/806
f 808/1077/3089 389/612/3089 123/39/3089
f 124/609/832 389/612/831 808/610/3090
f 384/312/324 588/18/326 385/501/3091
f 1029/1058/3092 29/616/2525 381/161/158
f 380/314/2526 589/262/3093 383/162/159
f 376/627/3094 375/888/3095 99/297/3096
f 374/156/3097 265/747/3097 375/888/3097
f 372/1056/3098 373/1051/3099 982/968/1854
f 137/630/3100 246/629/3101 981/1054/3102
f 820/404/3103 149/45/3103 454/550/3104
f 359/398/3105 677/400/3106 1058/904/3107
f 155/50/3108 822/49/2126 979/868/2128
f 354/352/902 160/640/901 675/57/1679
f 675/57/46 160/640/3109 676/58/47
f 825/644/3110 593/646/3111 674/833/3112
f 825/644/3110 674/833/3112 520/251/3113
f 952/140/3114 165/647/3115 167/141/3116
f 168/651/919 534/469/571 167/141/139
f 352/911/1698 350/1078/3117 831/589/2436
f 348/912/1699 831/589/788 789/591/790
f 1036/976/3118 597/967/3119 347/1007/3120
f 1036/976/3121 1035/1038/3121 597/967/3121
f 1018/1079/3122 672/1047/3123 1016/1066/3124
f 834/1046/3125 672/1047/3123 1018/1079/3122
f 835/915/3126 836/965/3127 28/111/3128
f 672/1047/3129 835/915/3130 28/111/3131
f 837/998/3132 345/139/3133 169/54/3134
f 838/134/132 598/659/3135 344/135/133
f 1040/917/3136 599/660/3137 765/213/3138
f 843/1045/2406 567/662/3049 957/805/3139
f 567/662/3140 840/661/3141 957/805/3141
f 759/542/3142 1041/918/3143 462/222/3144
f 1041/918/3145 760/1008/3040 462/222/3039
f 844/1044/2394 1041/918/2396 759/542/3146
f 845/1043/2389 204/82/2388 1056/920/3147
f 335/664/2391 977/829/1364 338/828/1363
f 336/665/949 335/664/948 338/828/3148
f 333/667/3149 978/830/3150 334/393/3151
f 978/830/3150 1055/322/3152 334/393/3151
f 653/130/128 430/354/377 832/655/3153
f 653/130/128 832/655/3153 671/392/3154
f 329/127/3155 975/114/3155 170/128/3156
f 324/669/957 839/390/3157 327/389/958
f 323/1040/3158 605/673/963 606/1011/2366
f 1043/1039/2342 974/1012/2344 516/451/3159
f 852/1037/3160 669/855/3161 322/677/3162
f 322/677/969 853/676/971 996/926/3163
f 858/680/1303 857/679/3164 958/807/1304
f 321/1033/2319 607/684/3165 859/681/975
f 920/685/3166 288/887/3167 608/683/3168
f 320/739/3169 609/386/3170 668/388/3171
f 866/1022/2231 298/1020/2233 26/387/3172
f 609/386/3173 866/1022/3173 26/387/3174
f 318/687/2305 610/934/1750 871/689/986
f 870/933/3175 610/934/3176 318/687/3177
f 865/1031/2308 319/930/1742 610/934/3178
f 870/933/3179 865/1031/3179 610/934/3179
f 610/934/1750 919/738/1751 667/882/3180
f 610/934/1750 667/882/3180 1013/690/987
f 611/384/3181 875/694/3182 303/115/3182
f 874/697/3183 872/692/3184 612/381/3185
f 772/563/735 666/382/2296 773/206/736
f 174/326/3186 879/699/3187 915/734/3188
f 950/705/3189 172/698/3189 971/936/3190
f 950/705/3191 971/936/3191 173/325/3191
f 885/730/3192 887/1028/3193 913/731/3194
f 887/1028/3195 882/1030/3196 913/731/3197
f 970/710/3198 1045/686/3199 867/688/3200
f 1048/942/1785 25/944/1787 1049/943/3201
f 298/1020/3202 617/725/3203 299/724/3204
f 910/727/1042 911/726/1041 528/1018/2946
f 703/862/1442 665/1016/3205 176/472/1443
f 665/1016/2217 296/1015/2216 24/473/573
f 176/472/572 665/1016/2217 24/473/573
f 293/733/1058 914/732/1057 749/227/2794
f 619/555/3206 967/953/2247 710/436/2249
f 917/736/1066 620/209/1814 770/562/3207
f 317/385/1067 917/736/1066 770/562/3207
f 664/371/3208 958/807/3208 623/580/3209
f 965/822/3210 178/824/1350 177/955/2967
f 948/958/2192 965/822/3211 177/955/2193
f 965/822/3211 949/1080/3212 21/823/3213
f 286/960/2178 604/391/2177 721/492/3214
f 286/960/3215 721/492/3216 518/494/3217
f 283/367/401 842/919/2169 624/368/402
f 281/540/3218 342/132/3219 282/541/3220
f 601/964/3221 850/874/3222 282/541/3223
f 280/55/3224 847/878/2705 445/432/2704
f 279/821/3225 779/571/3226 278/110/3226
f 276/789/1344 1073/321/3227 627/820/1342
f 274/1006/2138 1057/832/2137 180/16/3228
f 271/107/1231 269/787/1233 272/108/3229
f 1058/904/3230 677/400/3231 745/229/3232
f 677/400/3233 819/549/3233 745/229/3233
f 762/62/54 183/61/53 761/546/3234
f 629/786/3235 87/205/3236 267/105/3237
f 700/460/547 1060/412/1866 20/461/548
f 256/102/3238 255/785/3239 1061/969/3240
f 253/434/510 251/753/3241 78/273/1549
f 931/302/310 580/301/309 637/157/851
f 580/301/3242 480/972/3243 637/157/154
f 199/93/87 532/256/3244 646/94/88
f 936/760/3245 945/137/3246 837/998/3132
f 660/632/3247 737/431/3248 735/818/3247
f 233/90/3249 201/484/589 18/486/591
f 1064/901/3250 722/495/2902 959/1053/2492
f 203/85/3251 649/762/3252 659/1081/3253
f 231/994/3254 725/864/2890 962/1074/2892
f 231/994/2025 962/1074/3255 649/762/2026
f 226/993/3256 650/798/2561 807/172/170
f 226/993/3257 657/552/3258 650/798/3259
f 224/438/3260 557/543/2812 225/905/2483
f 557/543/2812 460/219/1248 225/905/2483
f 652/78/3261 555/445/3262 423/396/3263
f 442/351/3264 824/639/3265 354/352/3266
f 1066/671/3267 1067/982/3268 324/669/3267
f 1067/982/2674 325/1042/2676 324/669/3269
f 214/924/1732 1071/983/1936 13/1082/3270
f 1068/775/1949 215/66/1948 216/348/3271
f 944/777/1941 960/779/1940 1069/984/3272
f 960/779/3273 11/1083/3273 1069/984/3274
f 943/617/838 655/986/1954 654/618/839
f 214/924/1732 13/1082/3270 14/925/1733
f 442/351/3275 766/559/3276 824/639/3277
f 210/769/1989 211/812/1988 961/1084/3278
f 551/353/533 775/567/1412 430/354/2666
f 551/353/376 653/130/128 331/129/127
f 649/762/2026 962/1074/3255 659/1081/3279
f 1064/901/3250 959/1053/2492 146/902/3280
f 233/90/3281 18/486/3282 341/91/3283
f 837/998/3132 945/137/3246 345/139/3133
f 639/653/3284 640/528/3285 595/319/3286
f 251/753/1333 252/1003/2088 632/274/1334
f 629/786/3287 189/568/3288 87/205/3289
f 180/16/568 1057/832/3290 628/808/1309
f 622/1014/2201 27/723/1308 918/825/2202
f 916/735/3291 967/953/3292 619/555/3293
f 914/732/1057 883/556/3294 749/227/2794
f 867/688/1352 512/248/532 1053/502/1465
f 295/952/3295 618/374/3295 706/373/3295
f 911/726/1041 912/728/1044 527/1017/3296
f 1052/948/1802 968/951/1801 296/1015/3297
f 1050/947/3298 616/717/3299 709/946/3300
f 616/717/3301 711/483/3301 709/946/3301
f 302/714/2261 294/376/410 969/378/412
f 888/1029/3302 890/938/3303 889/1025/3303
f 308/939/3304 889/1025/2272 306/120/118
f 773/206/207 666/382/3305 574/207/208
f 608/683/3306 418/582/3306 419/581/3307
f 859/681/3308 607/684/3308 608/683/3309
f 921/740/3310 858/680/3311 287/741/3312
f 669/855/2332 670/674/3313 322/677/3314
f 19/394/3315 601/964/1834 342/132/1833
f 340/131/1911 341/91/436 342/132/438
f 765/213/216 599/660/3316 764/214/217
f 169/54/3317 345/139/3318 923/922/3319
f 169/54/3317 923/922/3319 280/55/3320
f 672/1047/3129 28/111/3131 1016/1066/3321
f 1038/916/1705 835/915/1704 834/1046/3322
f 990/851/3323 162/645/3324 825/644/3325
f 155/50/3326 979/868/3326 747/867/3326
f 137/630/3100 981/1054/3102 138/316/3327
f 372/1056/3098 982/968/1854 188/1005/3328
f 1029/1058/3329 813/614/3330 29/616/3331
f 388/164/3332 129/797/2543 384/312/2545
f 388/164/3333 384/312/2535 1028/794/2534
f 389/612/2556 809/1004/2558 123/39/3334
f 587/415/471 396/174/319 261/751/3335
f 121/167/470 122/309/320 587/415/471
f 392/417/3336 122/309/320 394/171/1636
f 415/188/3337 109/892/3337 928/838/3337
f 106/189/3338 415/188/3338 107/303/3338
f 104/891/3339 633/169/3340 929/971/3341
f 349/195/195 578/194/194 350/1078/3342
f 422/201/3343 89/200/3344 643/340/3345
f 1015/885/1578 1019/1067/2652 780/1001/3346
f 435/289/3347 240/291/3348 434/758/3349
f 838/134/933 437/288/3057 598/659/3350
f 84/212/2582 35/284/485 403/421/484
f 446/217/3351 448/277/511 569/276/3352
f 568/216/2711 79/433/2710 446/217/3353
f 449/876/2405 567/662/3049 843/1045/2406
f 710/436/3354 565/1075/3355 233/90/3356
f 456/1069/3357 457/548/3357 563/995/3357
f 986/840/3358 147/401/3359 363/221/3360
f 74/271/3361 561/272/3362 73/539/3363
f 755/871/3364 757/841/3365 72/538/3366
f 749/227/229 559/869/2020 229/80/230
f 70/231/2014 477/230/3367 226/993/2015
f 1005/369/403 557/543/2812 224/438/3260
f 495/334/3368 222/780/1210 207/442/3369
f 1002/513/3370 59/512/632 733/511/631
f 512/248/532 774/566/1467 775/567/1412
f 630/331/400 989/991/3371 723/499/1457
f 515/496/3372 514/849/3373 990/851/3374
f 719/452/2185 548/989/2999 517/453/3375
f 714/490/1454 695/834/3376 715/853/1455
f 713/480/583 849/863/1452 323/1040/3377
f 526/254/3378 669/855/3379 1044/255/3380
f 530/475/3381 997/1076/3382 526/254/3383
f 24/473/3384 991/988/1957 217/70/1935
f 704/69/3385 24/473/3386 217/70/3385
f 536/860/1433 701/859/1432 542/774/2445
f 540/1013/3387 537/260/262 697/259/261
f 90/463/1384 44/464/3388 994/465/557
f 46/466/3389 45/1085/3390 963/467/3391
f 996/926/3392 540/1013/3387 697/259/261
f 911/726/1041 527/1017/3296 529/474/2947
f 525/253/255 1044/255/257 1035/1038/3393
f 524/265/3394 22/375/3395 23/266/3394
f 709/946/2935 711/483/3396 1081/854/2936
f 712/485/3397 713/480/3397 323/1040/3398
f 520/251/3399 695/834/3400 714/490/3400
f 715/853/3401 810/796/3401 387/163/3401
f 720/961/3402 547/454/3403 54/990/3404
f 286/960/3215 518/494/3217 720/961/3405
f 440/210/211 510/504/3406 573/426/498
f 507/506/620 509/447/3407 508/505/621
f 1002/513/3408 731/1072/3409 506/246/3410
f 58/507/629 504/510/628 1002/513/3005
f 503/358/1632 59/512/632 391/611/2553
f 38/281/630 59/512/632 503/358/1632
f 735/818/3411 357/52/3411 368/406/3412
f 632/274/3413 739/239/3414 493/345/3415
f 492/346/1277 63/238/1279 1080/810/1311
f 62/241/1278 491/21/2835 63/238/1279
f 482/323/2814 483/437/515 740/515/3416
f 480/972/2807 481/635/2806 135/158/3417
f 227/270/1214 69/269/1507 70/231/1215
f 747/867/3418 71/268/3419 476/524/3420
f 1006/534/3421 749/227/3422 753/228/3423
f 471/122/120 614/121/119 470/530/663
f 657/552/813 453/1070/2732 1008/1060/2571
f 450/554/1537 452/875/1539 566/25/3424
f 883/556/705 310/380/418 228/817/3425
f 77/26/1546 339/877/1548 842/919/3426
f 77/26/3427 566/25/3048 449/876/2405
f 442/351/3275 765/213/3428 766/559/3276
f 82/881/3429 767/880/3429 86/427/3430
f 144/148/3431 441/150/3432 999/455/3433
f 213/65/215 84/212/214 1011/1061/3434
f 433/293/2670 434/758/2672 576/294/3435
f 728/691/988 1013/690/987 774/566/3436
f 87/205/205 88/27/3437 985/32/206
f 692/446/526 777/570/3438 428/883/2661
f 778/815/2664 428/883/2662 426/202/2590
f 28/111/106 278/110/105 1014/1000/2654
f 734/444/3439 1017/884/3440 555/445/3441
f 1018/1079/3442 1016/1066/3443 1017/884/3440
f 734/444/3439 1018/1079/3442 1017/884/3440
f 1016/1066/3444 28/111/2655 1019/1067/2657
f 250/99/3445 382/160/3446 90/463/3447
f 16/196/3448 1021/886/3449 1020/1086/3450
f 17/816/3451 16/196/3448 1020/1086/3450
f 785/929/3452 784/583/2634 1023/1065/2633
f 788/585/783 417/299/2625 801/889/3453
f 100/298/1591 95/95/1139 101/755/1138
f 417/299/307 100/298/306 101/755/3454
f 794/1064/2621 102/1063/2618 792/624/3455
f 413/894/3456 414/185/3457 248/970/3458
f 801/889/1592 684/890/1594 800/893/3459
f 804/600/800 406/573/2586 631/333/801
f 1026/836/3460 680/574/761 406/573/760
f 404/1062/2585 114/175/3461 264/329/399
f 586/604/2565 398/603/2569 397/605/2566
f 397/605/3462 564/1059/3463 585/606/3464
f 118/419/3465 1007/307/3466 756/237/3467
f 391/611/830 60/73/68 389/612/831
f 252/1003/2088 123/39/2548 126/41/3468
f 123/39/3334 809/1004/2558 125/40/3469
f 388/164/3332 810/796/3470 129/797/2543
f 811/987/1956 132/615/3471 813/614/846
f 655/986/1954 133/411/1253 654/618/839
f 682/1002/3472 812/861/2987 1029/1058/3473
f 531/619/844 813/614/846 1029/1058/3474
f 381/161/158 380/314/2526 383/162/159
f 382/160/3446 383/162/3475 90/463/3447
f 590/409/463 379/621/3476 265/747/1647
f 376/627/869 1030/586/784 1079/584/781
f 136/154/867 376/627/869 1078/1057/2524
f 946/783/3477 372/1056/3478 187/104/3479
f 246/629/1219 946/783/1221 139/317/2506
f 423/396/440 371/1055/3480 270/397/441
f 571/899/1649 572/900/3054 367/793/1650
f 182/788/3481 144/148/3482 999/455/3483
f 148/402/3484 145/145/3485 150/46/3485
f 959/1053/2492 1032/497/2903 818/1052/2493
f 146/902/2491 818/1052/2493 365/146/3486
f 364/399/3487 820/404/3488 819/549/3489
f 364/399/3490 363/221/3491 820/404/3492
f 820/404/3488 454/550/3493 819/549/3489
f 135/158/1377 151/143/2482 821/835/1378
f 151/143/3494 154/48/1671 821/835/1670
f 592/637/896 156/79/3495 159/106/897
f 142/803/1297 157/51/2474 186/792/3496
f 368/406/1296 157/51/2474 142/803/1297
f 357/52/3497 988/844/3498 158/53/3499
f 1077/641/3500 1032/497/3501 1031/642/3502
f 521/250/252 825/644/3503 520/251/253
f 1033/909/2444 165/647/2443 952/140/3504
f 373/1051/3099 1033/909/3505 266/650/3506
f 351/652/3507 829/654/925 673/742/1696
f 349/195/195 352/911/3508 1076/1048/2440
f 349/195/195 350/1078/3342 352/911/3508
f 1034/977/2429 347/1007/2431 835/915/3509
f 835/915/3126 347/1007/3510 836/965/3127
f 431/1068/3511 31/913/3512 1037/656/2427
f 430/354/2426 431/1068/3511 1037/656/2427
f 834/1046/3513 1018/1079/3514 734/444/3515
f 839/390/934 838/134/933 343/136/3516
f 344/135/3517 599/660/3517 1040/917/3518
f 339/877/3519 843/1045/3520 957/805/3521
f 624/368/684 844/1044/3522 759/542/685
f 977/829/3523 845/1043/2389 1055/322/3524
f 977/829/3523 205/764/2387 845/1043/2389
f 332/666/953 334/393/955 743/422/3525
f 330/112/107 331/129/127 285/113/108
f 328/126/124 603/923/3526 329/127/125
f 19/394/3315 1042/1041/3527 601/964/1834
f 14/925/1733 13/1082/3270 951/957/3528
f 625/572/754 322/677/3529 702/468/755
f 607/684/2325 921/740/2324 920/685/3530
f 863/682/977 419/581/976 785/929/3531
f 868/709/3532 869/932/3532 1045/686/3532
f 871/689/986 610/934/1750 1013/690/987
f 872/692/2298 317/385/3533 316/564/2299
f 882/1030/2294 950/705/1014 1046/935/3534
f 857/679/2277 308/939/2279 958/807/3535
f 307/1026/3536 888/1029/3537 308/939/3538
f 308/939/3304 888/1029/3539 889/1025/2272
f 306/120/3540 471/122/661 984/526/658
f 891/708/1018 970/710/1020 175/707/1048
f 1051/945/1788 1050/947/3541 709/946/1789
f 1049/943/3542 25/944/3543 1050/947/3544
f 298/1020/3202 299/724/3204 27/723/3545
f 908/1021/3546 297/1019/3546 298/1020/3546
f 966/290/298 299/724/3547 528/1018/2952
f 294/376/410 175/707/3548 726/377/411
f 292/327/2207 916/735/1061 619/555/3549
f 915/734/3550 967/953/3551 916/735/3552
f 915/734/3553 171/826/1811 967/953/1812
f 316/564/2299 317/385/3533 770/562/3554
f 316/564/3555 770/562/2685 771/565/2687
f 668/388/1306 27/723/1308 622/1014/2201
f 948/958/3556 973/1087/3557 949/1080/3558
f 975/114/3559 1003/1010/3559 976/827/3560
f 975/114/2173 285/113/3561 284/1009/2174
f 671/392/3562 662/963/3562 284/1009/3562
f 272/108/3563 731/1072/3564 504/510/3563
f 979/868/3565 1058/904/3566 69/269/3565
f 361/903/1661 1058/904/1663 979/868/3567
f 142/803/1297 186/792/3496 185/746/3568
f 373/1051/3099 266/650/3506 982/968/1854
f 188/1005/3569 189/568/3569 629/786/3569
f 188/1005/3328 982/968/1854 189/568/1856
f 248/970/1881 195/191/191 796/190/190
f 109/892/1885 635/335/1884 928/838/3570
f 420/802/1293 639/653/1889 351/652/1294
f 781/577/3571 422/201/3572 1062/1088/3573
f 934/975/1894 955/999/3574 245/342/1895
f 32/914/2052 241/759/2051 1034/977/2434
f 240/291/299 575/839/1388 242/978/2049
f 763/997/3575 236/996/3576 235/151/3577
f 763/997/3578 235/151/1655 572/900/1654
f 75/88/82 400/87/81 585/606/3579
f 987/308/474 227/270/1173 807/172/820
f 501/846/2007 940/77/1182 939/768/1181
f 553/74/527 778/815/2000 209/607/3580
f 693/448/2376 1065/980/3581 331/129/127
f 960/779/1206 43/778/1205 11/1083/3582
f 942/71/3583 217/70/3583 214/924/3583
f 1065/980/1927 551/353/533 331/129/3584
f 207/442/3369 222/780/1210 651/781/1212
f 223/766/3585 206/355/3585 1082/357/3586
f 224/438/3260 225/905/2483 360/633/3587
f 241/759/3588 242/978/3589 1036/976/3590
f 243/29/3591 532/256/3592 199/93/3593
f 422/201/3594 641/339/3594 1062/1088/3594
f 1062/1088/3595 641/339/3596 642/341/3596
f 194/98/1330 682/1002/2527 382/160/1331
f 925/748/2118 97/34/28 96/33/27
f 268/745/3597 185/746/2692 767/880/2691
f 1058/904/3598 745/229/3599 69/269/3600
f 272/108/3601 269/787/2868 731/1072/2870
f 274/1006/3602 180/16/3603 179/470/3604
f 1073/321/3227 332/666/2381 627/820/1342
f 600/56/3605 280/55/3224 445/432/2704
f 600/56/3606 445/432/720 444/558/719
f 482/323/2814 283/367/3607 1005/369/516
f 1003/1010/3608 284/1009/3609 662/963/3610
f 948/958/2192 949/1080/3212 965/822/3211
f 175/707/3611 1053/502/3612 726/377/3613
f 299/724/2223 617/725/3614 910/727/2221
f 897/1024/2255 901/729/1778 899/715/1028
f 901/729/1778 295/952/1803 896/716/1029
f 669/855/2332 851/773/1196 670/674/3313
f 852/1037/3615 1044/255/3616 669/855/3617
f 951/957/3618 13/1082/3619 973/1087/3557
f 848/672/3620 324/669/957 326/670/959
f 330/112/1728 975/114/3621 329/127/1730
f 846/668/2370 603/923/2372 328/126/3622
f 845/1043/3623 1056/920/2171 1055/322/338
f 339/877/3519 957/805/3521 844/1044/3624
f 599/660/3625 346/791/1241 600/56/1243
f 1040/917/3626 765/213/3626 519/493/3626
f 833/657/3627 1038/916/3627 834/1046/3627
f 351/652/3628 673/742/2151 350/1078/3629
f 1032/497/3630 990/851/3631 1031/642/2456
f 990/851/3631 825/644/2457 1031/642/2456
f 818/1052/3632 1077/641/3633 365/146/3634
f 143/149/332 369/153/334 441/150/3635
f 138/316/3636 777/570/748 370/569/747
f 777/570/748 138/316/3636 427/318/3637
f 371/1055/3638 137/630/3639 138/316/3640
f 372/1056/3641 188/1005/3641 187/104/3641
f 581/155/863 814/408/865 374/156/3642
f 379/621/853 378/159/855 925/748/3643
f 812/861/2987 531/619/2986 1029/1058/3473
f 809/1004/2107 127/310/2109 125/40/3644
f 121/167/470 486/416/472 485/168/1492
f 395/173/3645 650/798/3646 260/362/3645
f 1011/1061/2583 403/421/484 404/1062/2585
f 404/1062/2585 403/421/484 114/175/3461
f 1026/836/3647 93/295/3648 680/574/3649
f 533/258/3650 682/1002/2082 583/896/2081
f 409/756/1143 646/94/1142 583/896/3651
f 413/894/3456 248/970/3458 410/180/3652
f 110/183/1618 413/894/1617 412/184/1622
f 638/186/185 198/360/1513 983/187/186
f 410/180/2077 796/190/2079 415/188/3653
f 791/590/3654 947/790/1598 683/423/1600
f 683/423/3655 931/302/3656 930/626/3657
f 98/35/2628 746/866/1509 579/525/655
f 95/95/89 98/35/3658 197/96/90
f 420/802/1293 783/578/773 1022/973/1888
f 421/198/198 1021/886/3659 16/196/196
f 1014/1000/2056 934/975/1894 933/974/1893
f 428/883/1573 429/30/24 425/203/1385
f 431/1068/2667 776/425/1570 31/913/3660
f 570/279/3661 763/997/3662 572/900/3663
f 1009/813/3664 568/216/3665 447/218/3666
f 1009/813/3667 447/218/3668 15/814/3669
f 78/273/710 937/275/3670 234/557/711
f 980/47/3671 457/548/3671 456/1069/3671
f 455/551/699 456/1069/2734 453/1070/2732
f 461/220/223 986/840/3672 363/221/224
f 470/530/2791 1006/534/2793 472/531/3673
f 476/524/3420 71/268/3419 748/521/3674
f 66/439/518 556/441/520 484/1071/3675
f 170/128/3676 499/243/3677 498/242/3678
f 59/512/1479 60/73/68 391/611/830
f 731/1072/3679 505/245/3680 506/246/3681
f 510/504/3682 552/847/3683 507/506/3684
f 725/864/3685 513/450/3686 1001/1073/3687
f 1001/1073/2888 694/19/13 550/771/1991
f 518/494/3688 547/454/3403 720/961/3402
f 523/488/1972 522/457/3689 212/72/1973
f 712/485/3690 323/1040/2356 19/394/2355
f 353/28/3691 534/469/3691 243/29/3691
f 243/29/3591 534/469/3692 532/256/3592
f 46/466/3389 698/459/3693 45/1085/3390
f 44/464/3388 47/458/3694 994/465/557
f 589/262/264 48/264/266 47/458/545
f 698/459/3695 48/264/3696 1070/985/3697
f 997/1076/3698 543/477/3699 526/254/3700
f 768/456/1270 769/64/3056 546/63/3701
f 552/847/3702 511/247/3703 730/848/3702
f 690/865/2843 1072/799/1282 494/240/3704
f 65/23/17 64/22/16 221/979/1923
f 67/440/3705 41/767/3705 556/441/3705
f 883/556/1516 228/817/1918 559/869/1517
f 564/1059/3463 75/88/3706 585/606/3464
f 233/90/3707 565/1075/2930 201/484/589
f 79/433/509 448/277/511 446/217/3351
f 83/560/1269 82/881/1563 86/427/3708
f 437/288/296 239/287/295 598/659/3709
f 781/577/3710 1062/1088/3710 1021/886/3710
f 578/194/1295 782/579/774 420/802/1293
f 578/194/3711 351/652/3628 350/1078/3629
f 101/755/1138 247/97/1140 110/183/3712
f 580/301/3713 743/422/3714 744/519/3715
f 415/188/3716 796/190/190 795/192/192
f 153/634/3717 361/903/3718 822/49/3719
f 162/645/2465 827/906/2466 593/646/3720
f 165/647/912 594/649/914 168/651/919
f 1073/321/3721 596/320/3722 332/666/3722
f 350/1078/3629 673/742/2151 831/589/2150
f 599/660/3625 600/56/1243 764/214/3723
f 978/830/1365 977/829/1364 1055/322/3724
f 671/392/1830 832/655/3725 663/962/1831
f 951/957/3618 973/1087/3557 948/958/3556
f 853/676/2963 922/954/3726 540/1013/2964
f 608/683/3168 288/887/3167 418/582/3727
f 610/934/3178 319/930/1742 320/739/2310
f 611/384/3728 303/115/3729 917/736/3729
f 666/382/2297 316/564/2299 574/207/3730
f 913/731/1054 882/1030/3731 914/732/1055
f 882/1030/3732 1046/935/1809 914/732/1808
f 889/1025/3733 890/938/3733 614/121/3733
f 969/378/3734 726/377/3735 727/503/3735
f 616/717/1030 707/482/586 711/483/588
f 620/209/1814 621/713/1813 301/561/3736
f 662/963/2860 663/962/3737 734/444/2861
f 282/541/3223 850/874/3222 964/873/3738
f 627/820/3739 743/422/3740 626/300/3739
f 183/61/3741 826/643/3742 761/546/3743
f 186/792/3744 81/280/1560 185/746/1559
f 193/784/3745 386/795/1520 754/819/1519
f 480/972/3243 135/158/155 637/157/154
f 242/978/1900 525/253/1902 1035/1038/3746
f 204/82/1715 228/817/3747 842/919/1716
f 211/812/3748 15/814/3749 961/1084/3750
f 215/66/56 656/68/58 12/811/3751
f 1083/1089/6 3/8/1 1098/7/6
f 1220/1090/3752 1084/1091/3753 4/1092/5
f 2/6/3 1218/1093/3754 1085/1094/3755
f 1086/1095/8 1087/1096/8 1/10/4
f 1090/1097/8 1091/1098/8 1092/610/8
f 1093/1099/6 1094/1100/6 1095/1101/6
f 1096/1102/6 1097/1103/6 6/9/6
f 2/6/3 1100/1104/6 1101/1105/6
f 1/10/4 1102/1106/8 1103/1107/8
f 4/1092/5 1232/1108/3756 1184/1109/3756
f 1105/1110/3756 1106/1111/3756 1252/1112/3756
f 1111/1113/6 1112/1114/6 1083/1089/6
f 1115/1115/6 1116/1116/6 1098/7/6
f 4/1092/5 1130/1117/3756 1122/1118/3756
f 2/6/3 1301/1119/7 1189/1120/7
f 4/1092/5 1184/1109/3756 1130/1117/3756
f 1098/7/6 1135/1121/6 1136/1122/6
f 1090/1097/8 1137/1123/8 1138/1124/8
f 7/1125/3757 1140/1126/3758 1110/1127/6
f 2/6/3 1145/1128/6 1146/1129/6
f 1150/1130/8 1151/1131/8 10/14/8
f 9/13/8 1152/1132/8 1153/1133/8
f 1159/1134/8 1160/1135/8 1158/1136/8
f 1165/1137/8 1166/1138/8 1131/1139/8
f 1083/1089/6 1167/1140/6 1168/1141/6
f 1227/1142/8 1171/1143/8 1172/1144/8
f 1083/1089/6 1112/1114/6 1147/1145/6
f 1215/1146/7 1238/1147/7 2/6/3
f 2/6/3 1085/1094/3755 7/1125/3757
f 1139/1148/6 1178/1149/6 1083/1089/6
f 4/1092/5 1084/1091/3753 1179/1150/3759
f 4/1092/5 3/8/1 1252/1112/3756
f 1230/1151/7 1185/1152/7 2/6/3
f 1186/1153/6 1187/1154/6 1083/1089/6
f 1185/1152/7 1125/1155/7 2/6/3
f 1182/1156/8 1192/1157/8 1131/1139/8
f 1196/1158/8 1197/1159/8 1114/1160/8
f 1110/1127/6 1140/1126/3758 1198/610/6
f 1199/1161/3760 1107/1162/3756 3/8/1
f 1/10/4 1141/1163/7 8/11/7
f 1252/1112/3756 1236/1164/3756 1237/1165/3756
f 1202/1166/8 1203/1167/8 1102/1106/8
f 1148/1168/6 1204/1169/6 1147/1145/6
f 1113/1170/8 1206/1171/8 1207/610/8
f 10/14/8 1151/1131/8 1208/610/8
f 1210/1172/8 1091/1098/8 1090/1097/8
f 4/1092/5 1212/1173/3756 1213/1174/3756
f 1158/1136/8 1160/1135/8 1086/1095/8
f 1161/1175/6 1219/1176/3761 3/8/1
f 1163/1177/3756 1220/1090/3752 4/1092/5
f 1158/1136/8 1086/1095/8 1/10/4
f 1291/1178/7 1217/1179/7 1/10/4
f 1291/1178/7 1157/1180/3762 1217/1179/7
f 1164/1181/3756 1221/1182/3756 1252/1112/3756
f 1156/1183/7 1215/1146/7 2/6/3
f 1/10/4 1123/1184/7 1214/1185/7
f 1131/1139/8 1155/1186/8 1222/1187/8
f 1131/1139/8 1222/1187/8 10/14/8
f 1113/1170/8 1210/1172/8 1090/1097/8
f 6/9/6 1154/1188/6 1209/1189/6
f 9/13/8 1153/1133/8 1224/1190/8
f 1149/1191/6 1226/1192/6 1096/1102/6
f 1149/1191/6 1096/1102/6 6/9/6
f 1104/1193/8 1206/1171/8 1113/1170/8
f 1083/1089/6 1147/1145/6 1186/1153/6
f 1202/1194/8 1102/1106/8 1/10/4
f 2/6/3 1144/1195/7 1230/1151/7
f 1252/1112/3756 1106/1111/3756 1231/1196/3756
f 1235/1197/7 1233/1198/7 1/10/4
f 1/10/4 1275/1199/7 1262/1200/7
f 1273/1201/3756 1234/1202/3756 4/1092/5
f 1142/1203/7 1274/1204/7 1/10/4
f 2/6/3 1238/1147/7 1300/1205/7
f 9/13/8 1239/1206/8 1108/1207/8
f 1240/1208/8 1239/1209/8 9/13/8
f 1178/1149/6 1241/1210/6 1083/1089/6
f 1104/1193/8 1196/1158/8 1114/1160/8
f 1090/1097/8 1227/1142/8 1182/1156/8
f 1098/7/6 1136/1122/6 1242/610/6
f 6/9/6 1244/1211/6 1243/1212/6
f 1245/1213/8 1195/1214/8 1194/1215/8
f 1245/1216/8 1194/1215/8 10/14/8
f 10/14/8 1194/1215/8 1246/1217/8
f 10/14/8 1247/1218/8 9/13/8
f 1098/7/6 1251/1219/6 1250/1220/6
f 5/12/2 1182/1156/8 10/14/8
f 1182/1156/8 1132/1221/8 1192/1157/8
f 1/10/4 1261/1222/7 1123/1184/7
f 3/8/1 1129/1223/3756 1253/1224/3756
f 3/8/1 1253/1224/3756 1252/1112/3756
f 1252/1112/3756 1128/1225/3756 1254/1226/3756
f 1127/1227/3756 1128/1225/3756 1252/1112/3756
f 1255/1228/7 1191/1229/7 1/10/4
f 1256/1230/8 1190/1231/8 1/10/4
f 4/1092/5 1259/1232/3756 1188/1233/3756
f 1083/1089/6 1258/1234/6 1257/1235/6
f 1/10/4 1103/1107/8 1260/1236/8
f 1/10/4 1233/1198/7 1255/1228/7
f 1228/1237/3756 1129/1223/3756 3/8/1
f 1/10/4 1262/1200/7 1261/1222/7
f 1227/1142/8 1263/1238/8 1182/1156/8
f 1263/1238/8 1183/1239/8 1182/1156/8
f 6/9/6 1097/1103/6 1264/1240/6
f 6/9/6 1264/1240/6 1098/7/6
f 1113/1170/8 1205/1241/8 1181/1242/8
f 1113/1170/8 1181/1242/8 1193/1243/8
f 5/12/2 4/1092/5 1113/1170/8
f 1133/1244/6 1180/1245/6 1083/1089/6
f 1101/1105/6 1249/1246/6 2/6/3
f 10/14/8 1088/1247/8 1266/1248/8
f 1267/1249/6 1135/1121/6 1098/7/6
f 1098/7/6 1089/1250/6 1267/610/6
f 1090/1097/8 1092/1251/8 1268/1252/8
f 1182/1156/8 5/12/2 1090/1097/8
f 4/1092/5 1179/1150/3759 1104/1193/8
f 1224/1190/8 1269/1253/8 1177/1254/8
f 1224/1190/8 1240/1208/8 9/13/8
f 3/8/1 1270/1255/3763 1199/1161/3760
f 1/10/4 1271/1256/7 1141/1163/7
f 1214/1185/7 1175/1257/7 1/10/4
f 1087/1258/7 1142/1203/7 1/10/4
f 1274/1204/7 1275/1199/7 1/10/4
f 1252/1112/3756 1237/1165/3756 1276/1259/3756
f 1107/1162/3756 1278/1260/3756 3/8/1
f 1/10/4 1108/1207/8 1279/1261/8
f 1108/1207/8 1109/1262/8 1279/1261/8
f 1110/1127/6 1173/1263/6 2/6/3
f 1114/1160/8 1280/1264/8 1104/1193/8
f 1090/1097/8 1281/1265/8 1171/1143/8
f 1090/1097/8 1171/1143/8 1227/1142/8
f 1098/7/6 1116/1116/6 1282/1266/6
f 6/9/6 1283/1267/6 1149/1191/6
f 6/9/6 1117/1268/6 1283/1267/6
f 10/14/8 1246/1217/8 1150/1130/8
f 9/13/8 1118/1269/8 1169/1270/8
f 2/6/3 1154/1188/6 6/9/6
f 2/6/3 1119/1271/6 1284/1272/6
f 2/6/3 1284/1272/6 1154/1188/6
f 1285/1273/6 1167/1274/6 1083/1089/6
f 1113/1170/8 1286/1275/8 1287/1276/8
f 1113/1170/8 1120/1277/8 1286/610/8
f 1098/7/6 1288/1278/6 1289/610/6
f 1098/7/6 1121/1279/6 1288/610/6
f 1182/1156/8 1131/1139/8 10/14/8
f 4/1092/5 1122/1118/3756 1212/1173/3756
f 1125/1155/7 1156/1183/7 2/6/3
f 1254/1226/3756 1164/1181/3756 1252/1112/3756
f 1158/1136/8 1292/1280/8 1293/610/8
f 2/6/3 1189/1120/7 1218/1093/3754
f 1188/1233/3756 1163/1177/3756 4/1092/5
f 3/8/1 1294/1281/6 1162/610/6
f 3/8/1 1126/1282/6 1294/610/6
f 1162/1283/6 1161/1175/6 3/8/1
f 1158/1136/8 1293/1284/8 1159/610/8
f 1290/1285/3756 1216/1286/3756 1252/1112/3756
f 1131/1139/8 1166/1287/8 1155/1186/8
f 1098/7/6 1295/1288/6 1211/1289/6
f 1098/7/6 1289/1290/6 1295/1288/6
f 1113/1170/8 1287/1276/8 1210/1172/8
f 1083/1089/6 1168/1141/6 1139/1148/6
f 9/13/8 1169/1270/8 1152/610/8
f 1098/7/6 1282/1266/6 1170/1291/6
f 1098/7/6 1133/1244/6 1083/1089/6
f 1173/1263/6 1145/1128/6 2/6/3
f 1/10/4 1279/1261/8 1202/610/8
f 1277/1292/7 1229/1293/7 2/6/3
f 2/6/3 8/11/7 1144/1195/7
f 1252/1112/3756 1276/1259/3756 1232/1108/3756
f 1252/1112/3756 1232/1108/3756 4/1092/5
f 4/1092/5 1174/1294/3756 1143/1295/3756
f 1/10/4 1175/1257/7 1200/1296/7
f 1176/1297/3756 1236/1164/3756 1252/1112/3756
f 1252/1112/3756 1272/1298/3756 1105/1110/3756
f 1224/1190/8 1177/1254/8 1240/1208/8
f 9/13/8 1108/1207/8 1/10/4
f 7/1125/3757 1110/1127/6 2/6/3
f 1095/1101/6 1178/1149/6 1139/1148/6
f 1113/1170/8 4/1092/5 1104/1193/8
f 1104/1193/8 1179/1150/3759 1196/1158/8
f 1268/1252/8 1137/1123/8 1090/1097/8
f 1223/1299/6 1244/1211/6 6/9/6
f 10/14/8 1266/1248/8 1245/610/8
f 1225/1300/8 1296/1301/8 1247/1218/8
f 10/14/8 1225/1300/8 1247/1218/8
f 1101/1105/6 1297/1302/6 1249/1246/6
f 1133/1244/6 1134/1303/6 1180/1245/6
f 1090/1097/8 5/12/2 1113/1170/8
f 1181/1242/8 1298/1304/8 1193/1243/8
f 1098/7/6 1264/1240/6 1251/610/6
f 1182/1156/8 1183/1239/8 1132/1221/8
f 1/10/4 1260/1236/8 1256/610/8
f 1083/1089/6 1187/1154/6 1258/610/6
f 1083/1089/6 1257/1235/6 3/8/1
f 1257/1235/6 1126/1282/6 3/8/1
f 1/10/4 1190/1231/8 1158/1136/8
f 1/10/4 1191/1229/7 1291/1178/7
f 1252/1112/3756 1253/1224/3756 1290/1285/3756
f 1261/1222/7 1124/1305/7 1123/1184/7
f 1250/1220/6 1121/1279/6 1098/7/6
f 1193/1243/8 1120/1277/8 1113/1170/8
f 1083/1089/6 1180/1245/6 1285/1273/6
f 1249/1246/6 1119/1271/6 2/6/3
f 1247/1218/8 1248/1306/8 9/13/8
f 1118/1269/8 9/13/8 1248/1306/8
f 1243/1212/6 1117/1268/6 6/9/6
f 1242/1307/6 1115/1115/6 1098/7/6
f 1090/1097/8 1299/1308/8 1281/1265/8
f 1090/1097/8 1138/1124/8 1299/610/8
f 1083/1089/6 1241/1210/6 1111/610/6
f 2/6/3 1300/1205/7 1277/1292/7
f 1/10/4 1200/1296/7 1235/1197/7
f 1142/1203/7 1201/1309/7 1274/1204/7
f 4/1092/5 1234/1202/3756 1174/1294/3756
f 4/1092/5 1143/1295/3756 1259/1232/3756
f 1252/1112/3756 1231/1196/3756 1127/1227/3756
f 1229/1293/7 1301/1119/7 2/6/3
f 1278/1260/3756 1228/1237/3756 3/8/1
f 2/6/3 1146/1129/6 1100/1104/6
f 1147/1145/6 1204/1169/6 1186/1153/6
f 1113/1170/8 1207/1310/8 1205/1241/8
f 1098/7/6 1099/1311/6 1133/1244/6
f 1098/7/6 1170/1291/6 1099/1311/6
f 10/14/8 1265/1312/8 1225/1300/8
f 10/14/8 1208/1313/8 1265/1312/8
f 6/9/6 1209/1189/6 1302/610/6
f 6/9/6 1302/1314/6 1223/1299/6
f 1139/1148/6 1093/1099/6 1095/1101/6
f 1211/1289/6 1089/1250/6 1098/7/6
f 1222/1187/8 1088/1247/8 10/14/8
f 4/1092/5 1213/1174/3756 1273/1201/3756
f 1252/1112/3756 1216/1286/3756 1272/1298/3756
f 1252/1112/3756 1221/1182/3756 1176/1297/3756
f 1217/1179/7 1271/1256/7 1/10/4
f 3/8/1 1219/1176/3761 1270/1255/3763
