# WaveFront *.obj file (generated by Autodesk ATF)

mtllib Water_Tile_V1.mtl

g Body3

v 0.744000 2.262000 0.024000
v 0.744000 2.262000 -0.002000
v 0.838000 2.302000 0.023250
v 0.838000 2.302000 -0.002000
v 0.934000 2.334000 0.024000
v 0.934000 2.334000 -0.002000
v 1.034000 2.356000 0.023250
v 1.034000 2.356000 -0.002000
v 1.134000 2.370000 0.024000
v 1.134000 2.370000 -0.002000
v 1.236000 2.374000 0.023250
v 1.236000 2.374000 -0.002000
v 1.234000 2.286000 -0.002750
v 1.234000 2.284000 0.012000
v 1.234000 2.286000 0.024000
v 1.236000 2.200000 0.024000
v 1.236000 2.200000 -0.002000
v 1.234000 2.140000 0.012000
v 1.228000 2.084000 -0.002000
v 1.228000 2.084000 0.024000
v 1.122000 2.134000 0.012000
v 1.114000 2.136000 -0.002000
v 1.012000 2.178000 0.012000
v 0.996000 2.184000 -0.002000
v 0.880000 2.222000 0.012000
v 0.872000 2.226000 -0.002000
v 0.872000 2.226000 0.024000
v 0.996000 2.184000 0.024000
v 1.114000 2.136000 0.024000
v 1.338000 2.370000 0.024000
v 1.338000 2.370000 -0.002000
v 1.440000 2.356000 0.023250
v 1.440000 2.356000 -0.002000
v 1.538000 2.334000 0.024000
v 1.538000 2.334000 -0.002000
v 1.636000 2.302000 0.023250
v 1.636000 2.302000 -0.002000
v 1.730000 2.262000 0.024000
v 1.730000 2.262000 -0.002000
v 1.602000 2.226000 -0.002000
v 1.594000 2.224000 0.012000
v 1.602000 2.226000 0.024000
v 1.478000 2.184000 0.024000
v 1.464000 2.178000 0.012000
v 1.358000 2.136000 0.024000
v 1.352000 2.134000 0.012000
v 1.244000 2.084000 0.024000
v 1.244000 2.084000 -0.002000
v 1.358000 2.136000 -0.002000
v 1.478000 2.184000 -0.002000
v 1.240000 2.140000 0.012000
v 1.238000 2.284000 0.012000
v 1.238000 2.286000 -0.002000
v 1.238000 2.286000 0.024000
v 2.262000 1.730000 0.024000
v 2.262000 1.730000 -0.002000
v 2.302000 1.636000 0.023250
v 2.302000 1.636000 -0.002000
v 2.334000 1.538000 0.024000
v 2.334000 1.538000 -0.002000
v 2.356000 1.440000 0.023250
v 2.356000 1.440000 -0.002000
v 2.370000 1.338000 0.024000
v 2.370000 1.338000 -0.002000
v 2.374000 1.236000 0.023250
v 2.374000 1.236000 -0.002000
v 2.286000 1.238000 -0.002750
v 2.284000 1.238000 0.012000
v 2.286000 1.238000 0.024000
v 2.200000 1.236000 0.024000
v 2.200000 1.236000 -0.002000
v 2.140000 1.240000 0.012000
v 2.084000 1.244000 -0.002000
v 2.084000 1.244000 0.024000
v 2.134000 1.350000 0.012000
v 2.136000 1.358000 -0.002000
v 2.178000 1.460000 0.012000
v 2.184000 1.478000 -0.002000
v 2.222000 1.592000 0.012000
v 2.226000 1.602000 -0.002000
v 2.226000 1.602000 0.024000
v 2.184000 1.478000 0.024000
v 2.136000 1.358000 0.024000
v 2.370000 1.134000 0.024000
v 2.370000 1.134000 -0.002000
v 2.356000 1.034000 0.023250
v 2.356000 1.034000 -0.002000
v 2.334000 0.934000 0.024000
v 2.334000 0.934000 -0.002000
v 2.302000 0.838000 0.023250
v 2.302000 0.838000 -0.002000
v 2.262000 0.744000 0.024000
v 2.262000 0.744000 -0.002000
v 2.226000 0.872000 -0.002000
v 2.224000 0.880000 0.012000
v 2.226000 0.872000 0.024000
v 2.184000 0.996000 0.024000
v 2.178000 1.010000 0.012000
v 2.136000 1.114000 0.024000
v 2.134000 1.122000 0.012000
v 2.084000 1.228000 0.024000
v 2.084000 1.228000 -0.002000
v 2.136000 1.114000 -0.002000
v 2.184000 0.996000 -0.002000
v 2.140000 1.234000 0.012000
v 2.284000 1.234000 0.012000
v 2.286000 1.234000 -0.002000
v 2.286000 1.234000 0.024000
v 2.126000 0.526000 0.024000
v 2.126000 0.526000 -0.002000
v 2.070000 0.462000 0.023250
v 2.070000 0.462000 -0.002000
v 2.012000 0.402000 0.024000
v 2.012000 0.402000 -0.002000
v 1.948000 0.348000 0.023250
v 1.948000 0.348000 -0.002000
v 1.848000 0.414000 -0.002000
v 1.840000 0.420000 0.012000
v 1.848000 0.414000 0.024000
v 1.756000 0.482000 0.024000
v 1.740000 0.494000 0.012000
v 1.670000 0.548000 0.024000
v 1.662000 0.556000 0.012000
v 1.592000 0.616000 0.024000
v 1.592000 0.616000 -0.002000
v 1.670000 0.548000 -0.002000
v 1.756000 0.482000 -0.002000
v 1.664000 0.676000 0.012000
v 1.664000 0.678000 -0.002000
v 1.730000 0.740000 0.012000
v 1.732000 0.742000 -0.002000
v 1.796000 0.810000 0.012000
v 1.796000 0.810000 -0.002000
v 1.856000 0.882000 -0.002000
v 1.856000 0.882000 0.024000
v 1.796000 0.810000 0.024000
v 1.732000 0.742000 0.024000
v 1.664000 0.678000 0.024000
v 1.918000 0.812000 0.012000
v 1.924000 0.802000 -0.002000
v 1.978000 0.734000 0.012000
v 1.992000 0.718000 -0.002000
v 2.052000 0.634000 0.012000
v 2.058000 0.624000 -0.002000
v 2.058000 0.624000 0.024000
v 1.992000 0.718000 0.024000
v 1.924000 0.802000 0.024000
v 0.526000 0.348000 0.024000
v 0.526000 0.348000 -0.002000
v 0.594000 0.296000 0.023250
v 0.594000 0.296000 -0.002000
v 0.668000 0.250000 0.024000
v 0.668000 0.250000 -0.002000
v 0.744000 0.210000 0.023250
v 0.744000 0.210000 -0.002000
v 0.600000 0.176000 0.012000
v 0.590000 0.174000 -0.002000
v 0.452000 0.146000 0.012000
v 0.432000 0.142000 -0.002000
v 0.278000 0.118000 0.012000
v 0.268000 0.118000 -0.002000
v 0.098000 0.098000 -0.002000
v 0.098000 0.098000 0.024000
v 0.268000 0.118000 0.023250
v 0.432000 0.142000 0.024000
v 0.590000 0.174000 0.024000
v 0.214000 0.160000 -0.002000
v 0.220000 0.164000 0.012000
v 0.214000 0.160000 0.024000
v 0.324000 0.222000 0.024000
v 0.336000 0.230000 0.012000
v 0.428000 0.286000 0.024000
v 0.434000 0.290000 0.012000
v 0.428000 0.286000 -0.002000
v 0.324000 0.222000 -0.002000
v 0.210000 0.744000 0.024000
v 0.210000 0.744000 -0.002000
v 0.250000 0.668000 0.023250
v 0.250000 0.668000 -0.002000
v 0.296000 0.594000 0.024000
v 0.296000 0.594000 -0.002000
v 0.348000 0.526000 0.023250
v 0.348000 0.526000 -0.002000
v 0.290000 0.434000 0.012000
v 0.286000 0.428000 -0.002000
v 0.232000 0.338000 0.012000
v 0.222000 0.324000 -0.002000
v 0.164000 0.222000 0.012000
v 0.160000 0.214000 -0.002000
v 0.160000 0.214000 0.024000
v 0.222000 0.324000 0.024000
v 0.286000 0.428000 0.024000
v 0.118000 0.268000 -0.002750
v 0.118000 0.278000 0.012000
v 0.118000 0.268000 0.024000
v 0.142000 0.432000 0.024000
v 0.146000 0.450000 0.012000
v 0.174000 0.590000 0.024000
v 0.176000 0.600000 0.012000
v 0.174000 0.590000 -0.002000
v 0.142000 0.432000 -0.002000
v 0.414000 0.624000 -0.002750
v 0.420000 0.634000 0.012000
v 0.414000 0.624000 0.024000
v 0.482000 0.718000 0.024000
v 0.494000 0.734000 0.012000
v 0.548000 0.802000 0.024000
v 0.556000 0.810000 0.012000
v 0.616000 0.882000 0.024000
v 0.616000 0.882000 -0.002000
v 0.548000 0.802000 -0.002000
v 0.482000 0.718000 -0.002000
v 0.676000 0.810000 0.012000
v 0.678000 0.810000 -0.002000
v 0.740000 0.742000 0.012000
v 0.742000 0.742000 -0.002000
v 0.810000 0.678000 0.012000
v 0.810000 0.678000 -0.002000
v 0.882000 0.616000 -0.002000
v 0.882000 0.616000 0.024000
v 0.810000 0.678000 0.024000
v 0.742000 0.742000 0.024000
v 0.678000 0.810000 0.024000
v 0.812000 0.556000 0.012000
v 0.802000 0.548000 -0.002000
v 0.734000 0.496000 0.012000
v 0.718000 0.482000 -0.002000
v 0.634000 0.422000 0.012000
v 0.624000 0.414000 -0.002000
v 0.624000 0.414000 0.023250
v 0.718000 0.482000 0.024000
v 0.802000 0.548000 0.024000
v 0.462000 0.402000 0.024000
v 0.462000 0.402000 -0.002000
v 0.402000 0.462000 0.023250
v 0.401250 0.462000 -0.002000
v 0.098000 1.236000 -0.002000
v 0.186000 1.234000 -0.002000
v 0.097250 1.236000 0.024000
v 0.190000 1.234000 0.012000
v 0.186000 1.234000 0.024000
v 0.272000 1.236000 0.024000
v 0.272000 1.236000 -0.002000
v 0.332000 1.234000 0.012000
v 0.388000 1.228000 -0.002000
v 0.388000 1.228000 0.024000
v 0.340000 1.122000 0.012000
v 0.336000 1.114000 -0.002000
v 0.296000 1.012000 0.012000
v 0.290000 0.996000 -0.002000
v 0.250000 0.880000 0.012000
v 0.248000 0.872000 -0.002000
v 0.248000 0.872000 0.023250
v 0.290000 0.996000 0.024000
v 0.336000 1.114000 0.024000
v 0.170000 0.838000 0.024000
v 0.170000 0.838000 -0.002000
v 0.138000 0.934000 0.023250
v 0.138000 0.934000 -0.002000
v 0.116000 1.034000 0.024000
v 0.116000 1.034000 -0.002000
v 0.102000 1.134000 0.023250
v 0.102000 1.134000 -0.002000
v 0.558000 0.958000 0.012000
v 0.556000 0.962000 -0.002000
v 0.502000 1.040000 0.012000
v 0.498000 1.046000 -0.002000
v 0.448000 1.132000 0.012000
v 0.446000 1.136000 -0.002000
v 0.396000 1.228000 -0.002000
v 0.396000 1.228000 0.024000
v 0.446000 1.136000 0.023250
v 0.498000 1.046000 0.024000
v 0.556000 0.962000 0.024000
v 0.462000 1.220000 -0.002750
v 0.468000 1.220000 0.012000
v 0.462000 1.220000 0.024000
v 0.524000 1.210000 0.024000
v 0.538000 1.208000 0.012000
v 0.586000 1.198000 0.024000
v 0.606000 1.192000 0.012000
v 0.644000 1.182000 0.024000
v 0.668000 1.174000 0.012000
v 0.698000 1.164000 0.024000
v 0.718000 1.158000 0.012000
v 0.752000 1.144000 0.024000
v 0.764000 1.140000 0.012000
v 0.802000 1.122000 0.024000
v 0.808000 1.118000 0.012000
v 0.850000 1.096000 0.024000
v 0.850000 1.096000 -0.002000
v 0.802000 1.122000 -0.002000
v 0.752000 1.144000 -0.002000
v 0.698000 1.164000 -0.002000
v 0.644000 1.182000 -0.002000
v 0.586000 1.198000 -0.002000
v 0.524000 1.210000 -0.002000
v 0.798000 1.056000 0.012000
v 0.792000 1.050000 -0.002000
v 0.744000 1.010000 0.012000
v 0.732000 1.000000 -0.002000
v 0.680000 0.950000 0.012000
v 0.674000 0.944000 -0.002000
v 0.674000 0.944000 0.024000
v 0.732000 1.000000 0.024000
v 0.792000 1.050000 0.024000
v 1.096000 0.850000 -0.002000
v 1.122000 0.802000 -0.002000
v 1.096000 0.850000 0.024000
v 1.138000 0.768000 0.012000
v 1.122000 0.802000 0.024000
v 1.144000 0.752000 0.024000
v 1.164000 0.698000 0.024000
v 1.172000 0.678000 0.012000
v 1.182000 0.644000 0.024000
v 1.190000 0.612000 0.012000
v 1.198000 0.586000 0.024000
v 1.206000 0.544000 0.012000
v 1.210000 0.524000 0.024000
v 1.218000 0.472000 0.012000
v 1.220000 0.462000 0.024000
v 1.228000 0.396000 -0.002000
v 1.228000 0.396000 0.024000
v 1.144000 0.752000 -0.002000
v 1.164000 0.698000 -0.002000
v 1.182000 0.644000 -0.002000
v 1.198000 0.586000 -0.002000
v 1.210000 0.524000 -0.002000
v 1.220000 0.462000 -0.002000
v 1.136000 0.446000 -0.002750
v 1.132000 0.446000 0.012000
v 1.136000 0.446000 0.024000
v 1.046000 0.498000 0.024000
v 1.042000 0.502000 0.012000
v 0.962000 0.556000 0.024000
v 0.960000 0.558000 0.012000
v 0.962000 0.556000 -0.002000
v 1.046000 0.498000 -0.002000
v 0.944000 0.674000 -0.002000
v 0.948000 0.680000 0.012000
v 0.944000 0.674000 0.024000
v 1.000000 0.732000 0.024000
v 1.010000 0.744000 0.012000
v 1.050000 0.792000 0.024000
v 1.056000 0.796000 0.012000
v 1.050000 0.792000 -0.002000
v 1.000000 0.732000 -0.002000
v 0.898000 1.128000 -0.002750
v 0.902000 1.130000 0.012000
v 0.898000 1.128000 0.024000
v 0.946000 1.156000 0.024000
v 0.952000 1.160000 0.012000
v 0.994000 1.182000 0.024000
v 1.004000 1.186000 0.012000
v 1.044000 1.200000 0.024000
v 1.056000 1.206000 0.012000
v 1.092000 1.216000 0.024000
v 1.100000 1.218000 0.012000
v 1.140000 1.228000 0.024000
v 1.146000 1.228000 0.012000
v 1.188000 1.234000 0.024000
v 1.192000 1.234000 0.012000
v 1.236000 1.236000 0.024000
v 1.236000 1.236000 -0.002000
v 1.188000 1.234000 -0.002000
v 1.140000 1.228000 -0.002000
v 1.092000 1.216000 -0.002000
v 1.044000 1.200000 -0.002000
v 0.994000 1.182000 -0.002000
v 0.946000 1.156000 -0.002000
v 1.234000 1.196000 0.012000
v 1.234000 1.188000 -0.002000
v 1.230000 1.154000 0.012000
v 1.228000 1.140000 -0.002000
v 1.222000 1.112000 0.012000
v 1.216000 1.092000 -0.002000
v 1.210000 1.070000 0.012000
v 1.200000 1.044000 -0.002000
v 1.190000 1.016000 0.012000
v 1.182000 0.994000 -0.002000
v 1.164000 0.960000 0.012000
v 1.156000 0.946000 -0.002000
v 1.132000 0.906000 0.012000
v 1.128000 0.898000 -0.002000
v 1.128000 0.898000 0.023250
v 1.156000 0.946000 0.024000
v 1.182000 0.994000 0.024000
v 1.200000 1.044000 0.024000
v 1.216000 1.092000 0.024000
v 1.228000 1.140000 0.024000
v 1.234000 1.188000 0.024000
v 1.072000 0.888000 -0.002750
v 1.072000 0.888000 0.024000
v 1.048000 0.922000 0.012000
v 1.046000 0.924000 0.024000
v 1.018000 0.958000 0.024000
v 0.992000 0.986000 0.012000
v 0.988000 0.988000 0.024000
v 0.960000 1.016000 0.012000
v 0.958000 1.018000 0.024000
v 0.926000 1.044000 0.012000
v 0.924000 1.046000 0.024000
v 0.888000 1.072000 0.012000
v 0.888000 1.072000 0.024000
v 1.046000 0.924000 -0.002000
v 1.018000 0.958000 -0.002000
v 0.988000 0.988000 -0.002000
v 0.958000 1.018000 -0.002000
v 0.924000 1.046000 -0.002000
v 0.888000 1.072000 -0.002000
v 1.378000 0.850000 -0.002000
v 1.344000 0.898000 -0.002000
v 1.378000 0.850000 0.024000
v 1.342000 0.902000 0.012000
v 1.344000 0.898000 0.024000
v 1.316000 0.946000 0.024000
v 1.312000 0.952000 0.012000
v 1.292000 0.994000 0.024000
v 1.288000 1.004000 0.012000
v 1.272000 1.044000 0.024000
v 1.268000 1.056000 0.012000
v 1.256000 1.092000 0.024000
v 1.254000 1.100000 0.012000
v 1.246000 1.140000 0.024000
v 1.244000 1.146000 0.012000
v 1.238000 1.188000 0.024000
v 1.238000 1.192000 0.012000
v 1.238000 1.188000 -0.002000
v 1.246000 1.140000 -0.002000
v 1.256000 1.092000 -0.002000
v 1.272000 1.044000 -0.002000
v 1.292000 0.994000 -0.002000
v 1.316000 0.946000 -0.002000
v 1.278000 1.234000 0.012000
v 1.284000 1.234000 -0.002000
v 1.320000 1.230000 0.012000
v 1.334000 1.228000 -0.002000
v 1.360000 1.222000 0.012000
v 1.382000 1.216000 -0.002000
v 1.402000 1.210000 0.012000
v 1.430000 1.200000 -0.002000
v 1.458000 1.190000 0.012000
v 1.478000 1.182000 -0.002000
v 1.512000 1.164000 0.012000
v 1.526000 1.156000 -0.002000
v 1.568000 1.132000 0.012000
v 1.574000 1.128000 -0.002000
v 1.624000 1.096000 -0.002000
v 1.624000 1.096000 0.024000
v 1.574000 1.128000 0.024000
v 1.526000 1.156000 0.024000
v 1.478000 1.182000 0.024000
v 1.430000 1.200000 0.024000
v 1.382000 1.216000 0.024000
v 1.334000 1.228000 0.024000
v 1.284000 1.234000 0.024000
v 1.586000 1.072000 -0.002000
v 1.586000 1.072000 0.024000
v 1.552000 1.048000 0.012000
v 1.550000 1.046000 0.024000
v 1.516000 1.018000 0.024000
v 1.488000 0.992000 0.012000
v 1.484000 0.988000 0.024000
v 1.456000 0.960000 0.012000
v 1.454000 0.958000 0.024000
v 1.428000 0.926000 0.012000
v 1.426000 0.924000 0.024000
v 1.402000 0.888000 0.012000
v 1.400000 0.888000 0.024000
v 1.550000 1.046000 -0.002000
v 1.516000 1.018000 -0.002000
v 1.484000 0.988000 -0.002000
v 1.454000 0.958000 -0.002000
v 1.426000 0.924000 -0.002000
v 1.400000 0.888000 -0.002000
v 1.378000 1.624000 -0.002000
v 1.400000 1.586000 -0.002000
v 1.378000 1.624000 0.024000
v 1.400000 1.586000 0.024000
v 1.426000 1.552000 0.012000
v 1.426000 1.550000 0.024000
v 1.454000 1.516000 0.024000
v 1.480000 1.488000 0.012000
v 1.484000 1.484000 0.024000
v 1.514000 1.456000 0.012000
v 1.516000 1.454000 0.024000
v 1.548000 1.428000 0.012000
v 1.550000 1.426000 0.024000
v 1.584000 1.402000 0.012000
v 1.586000 1.400000 0.024000
v 1.624000 1.378000 -0.002000
v 1.624000 1.378000 0.024000
v 1.426000 1.550000 -0.002000
v 1.454000 1.516000 -0.002000
v 1.484000 1.484000 -0.002000
v 1.516000 1.454000 -0.002000
v 1.550000 1.426000 -0.002000
v 1.586000 1.400000 -0.002000
v 1.574000 1.344000 -0.002000
v 1.572000 1.342000 0.012000
v 1.574000 1.344000 0.024000
v 1.526000 1.316000 0.024000
v 1.520000 1.312000 0.012000
v 1.478000 1.292000 0.024000
v 1.468000 1.288000 0.012000
v 1.430000 1.272000 0.024000
v 1.418000 1.268000 0.012000
v 1.382000 1.256000 0.024000
v 1.372000 1.254000 0.012000
v 1.334000 1.246000 0.024000
v 1.326000 1.244000 0.012000
v 1.284000 1.238000 0.024000
v 1.282000 1.238000 0.012000
v 1.284000 1.238000 -0.002000
v 1.334000 1.246000 -0.002000
v 1.382000 1.256000 -0.002000
v 1.430000 1.272000 -0.002000
v 1.478000 1.292000 -0.002000
v 1.526000 1.316000 -0.002000
v 1.238000 1.278000 0.012000
v 1.238000 1.284000 -0.002000
v 1.244000 1.320000 0.012000
v 1.246000 1.334000 -0.002000
v 1.252000 1.360000 0.012000
v 1.256000 1.382000 -0.002000
v 1.262000 1.402000 0.012000
v 1.272000 1.430000 -0.002000
v 1.282000 1.458000 0.012000
v 1.292000 1.478000 -0.002000
v 1.308000 1.512000 0.012000
v 1.316000 1.526000 -0.002000
v 1.340000 1.568000 0.012000
v 1.344000 1.574000 -0.002000
v 1.344000 1.574000 0.024000
v 1.316000 1.526000 0.024000
v 1.292000 1.478000 0.024000
v 1.272000 1.430000 0.024000
v 1.256000 1.382000 0.024000
v 1.246000 1.334000 0.024000
v 1.238000 1.284000 0.024000
v 0.850000 1.378000 -0.002000
v 0.888000 1.400000 -0.002000
v 0.850000 1.378000 0.024000
v 0.888000 1.400000 0.024000
v 0.922000 1.426000 0.012000
v 0.924000 1.426000 0.024000
v 0.958000 1.454000 0.024000
v 0.986000 1.480000 0.012000
v 0.988000 1.484000 0.024000
v 1.016000 1.514000 0.012000
v 1.018000 1.516000 0.024000
v 1.044000 1.548000 0.012000
v 1.046000 1.550000 0.024000
v 1.072000 1.584000 0.012000
v 1.072000 1.586000 0.024000
v 1.096000 1.624000 -0.002000
v 1.096000 1.624000 0.024000
v 0.924000 1.426000 -0.002000
v 0.958000 1.454000 -0.002000
v 0.988000 1.484000 -0.002000
v 1.018000 1.516000 -0.002000
v 1.046000 1.550000 -0.002000
v 1.072000 1.586000 -0.002000
v 1.128000 1.574000 -0.002000
v 1.130000 1.572000 0.012000
v 1.128000 1.574000 0.024000
v 1.156000 1.526000 0.024000
v 1.160000 1.520000 0.012000
v 1.182000 1.478000 0.024000
v 1.186000 1.468000 0.012000
v 1.200000 1.430000 0.024000
v 1.206000 1.418000 0.012000
v 1.216000 1.382000 0.024000
v 1.218000 1.372000 0.012000
v 1.228000 1.334000 0.024000
v 1.228000 1.326000 0.012000
v 1.234000 1.284000 0.024000
v 1.234000 1.282000 0.012000
v 1.234000 1.284000 -0.002000
v 1.228000 1.334000 -0.002000
v 1.216000 1.382000 -0.002000
v 1.200000 1.430000 -0.002000
v 1.182000 1.478000 -0.002000
v 1.156000 1.526000 -0.002000
v 1.196000 1.238000 0.012000
v 1.188000 1.238000 -0.002000
v 1.154000 1.244000 0.012000
v 1.140000 1.246000 -0.002000
v 1.112000 1.252000 0.012000
v 1.092000 1.256000 -0.002000
v 1.070000 1.262000 0.012000
v 1.044000 1.272000 -0.002000
v 1.016000 1.282000 0.012000
v 0.994000 1.292000 -0.002000
v 0.960000 1.308000 0.012000
v 0.946000 1.316000 -0.002000
v 0.906000 1.340000 0.012000
v 0.898000 1.344000 -0.002000
v 0.898000 1.344000 0.024000
v 0.946000 1.316000 0.024000
v 0.994000 1.292000 0.024000
v 1.044000 1.272000 0.024000
v 1.092000 1.256000 0.024000
v 1.140000 1.246000 0.024000
v 1.188000 1.238000 0.024000
v 0.802000 1.352000 -0.002750
v 0.768000 1.336000 0.012000
v 0.802000 1.352000 0.024000
v 0.752000 1.328000 0.024000
v 0.698000 1.308000 0.024000
v 0.678000 1.302000 0.012000
v 0.644000 1.290000 0.024000
v 0.612000 1.282000 0.012000
v 0.586000 1.276000 0.024000
v 0.544000 1.266000 0.012000
v 0.524000 1.264000 0.024000
v 0.472000 1.254000 0.012000
v 0.462000 1.252000 0.024000
v 0.396000 1.244000 -0.002000
v 0.396000 1.244000 0.024000
v 0.752000 1.328000 -0.002000
v 0.698000 1.308000 -0.002000
v 0.644000 1.290000 -0.002000
v 0.586000 1.276000 -0.002000
v 0.524000 1.264000 -0.002000
v 0.462000 1.252000 -0.002000
v 0.446000 1.338000 -0.002750
v 0.446000 1.340000 0.012000
v 0.446000 1.338000 0.024000
v 0.498000 1.426000 0.024000
v 0.502000 1.432000 0.012000
v 0.556000 1.510000 0.024000
v 0.558000 1.514000 0.012000
v 0.616000 1.592000 0.024000
v 0.616000 1.592000 -0.002000
v 0.556000 1.510000 -0.002000
v 0.498000 1.426000 -0.002000
v 0.674000 1.530000 -0.002750
v 0.680000 1.524000 0.012000
v 0.674000 1.530000 0.024000
v 0.732000 1.472000 0.024000
v 0.744000 1.464000 0.012000
v 0.792000 1.422000 0.024000
v 0.796000 1.418000 0.012000
v 0.792000 1.422000 -0.002000
v 0.732000 1.472000 -0.002000
v 0.102000 1.338000 0.024000
v 0.102000 1.338000 -0.002000
v 0.116000 1.440000 0.023250
v 0.116000 1.440000 -0.002000
v 0.138000 1.538000 0.024000
v 0.138000 1.538000 -0.002000
v 0.170000 1.636000 0.023250
v 0.170000 1.636000 -0.002000
v 0.210000 1.730000 0.024000
v 0.210000 1.730000 -0.002000
v 0.248000 1.602000 -0.002000
v 0.250000 1.594000 0.012000
v 0.248000 1.602000 0.024000
v 0.290000 1.478000 0.024000
v 0.294000 1.464000 0.012000
v 0.336000 1.358000 0.024000
v 0.340000 1.352000 0.012000
v 0.388000 1.244000 0.024000
v 0.388000 1.243250 -0.002000
v 0.336000 1.358000 -0.002000
v 0.290000 1.478000 -0.002000
v 0.332000 1.240000 0.012000
v 0.190000 1.238000 0.012000
v 0.186000 1.238000 -0.002000
v 0.186000 1.238000 0.024000
v 0.526000 2.126000 -0.002000
v 0.624000 2.058000 -0.002000
v 0.526000 2.126000 0.024000
v 0.634000 2.052000 0.012000
v 0.624000 2.058000 0.024000
v 0.718000 1.992000 0.024000
v 0.734000 1.980000 0.012000
v 0.802000 1.924000 0.024000
v 0.810000 1.918000 0.012000
v 0.882000 1.856000 0.024000
v 0.882000 1.856000 -0.002000
v 0.802000 1.924000 -0.002000
v 0.718000 1.992000 -0.002000
v 0.810000 1.796000 0.012000
v 0.810000 1.796000 -0.002000
v 0.742000 1.732000 0.011250
v 0.742000 1.732000 -0.002000
v 0.678000 1.664000 0.012000
v 0.678000 1.664000 -0.002000
v 0.678000 1.664000 0.024000
v 0.742000 1.732000 0.024000
v 0.810000 1.796000 0.024000
v 0.556000 1.662000 0.012000
v 0.548000 1.670000 -0.002000
v 0.496000 1.738000 0.012000
v 0.482000 1.756000 -0.002000
v 0.422000 1.838000 0.012000
v 0.414000 1.848000 -0.002000
v 0.348000 1.948000 -0.002000
v 0.348000 1.948000 0.024000
v 0.414000 1.848000 0.024000
v 0.482000 1.756000 0.024000
v 0.548000 1.670000 0.024000
v 0.402000 2.012000 0.023250
v 0.402000 2.012000 -0.002000
v 0.462000 2.070000 0.024000
v 0.461250 2.070000 -0.002000
v 0.296000 1.878000 0.024000
v 0.296000 1.878000 -0.002000
v 0.250000 1.806000 0.023250
v 0.250000 1.806000 -0.002000
v 0.176000 1.872000 0.012000
v 0.174000 1.882000 -0.002000
v 0.146000 2.020000 0.012000
v 0.142000 2.040000 -0.002000
v 0.118000 2.194000 0.012000
v 0.118000 2.206000 -0.002000
v 0.098000 2.374000 -0.002000
v 0.098000 2.374000 0.024000
v 0.118000 2.206000 0.024000
v 0.142000 2.040000 0.024000
v 0.174000 1.882000 0.024000
v 0.160000 2.260000 -0.002750
v 0.164000 2.252000 0.012000
v 0.160000 2.260000 0.024000
v 0.222000 2.150000 0.024000
v 0.230000 2.136000 0.012000
v 0.286000 2.046000 0.024000
v 0.290000 2.040000 0.012000
v 0.286000 2.046000 -0.002000
v 0.222000 2.150000 -0.002000
v 0.268000 2.356000 -0.002000
v 0.278000 2.354000 0.012000
v 0.268000 2.356000 0.024000
v 0.432000 2.330000 0.024000
v 0.450000 2.328000 0.012000
v 0.590000 2.300000 0.024000
v 0.600000 2.298000 0.012000
v 0.590000 2.300000 -0.002000
v 0.432000 2.330000 -0.002000
v 0.668000 2.222000 0.024000
v 0.668000 2.222000 -0.002000
v 0.594000 2.176000 0.023250
v 0.594000 2.176000 -0.002000
v 0.434000 2.184000 0.012000
v 0.428000 2.188000 -0.002000
v 0.338000 2.242000 0.012000
v 0.324000 2.250000 -0.002000
v 0.222000 2.308000 0.012000
v 0.214000 2.312000 -0.002000
v 0.214000 2.312000 0.023250
v 0.324000 2.250000 0.024000
v 0.428000 2.188000 0.024000
v 0.958000 1.916000 0.012000
v 0.962000 1.918000 -0.002000
v 1.040000 1.970000 0.012000
v 1.046000 1.974000 -0.002000
v 1.132000 2.026000 0.012000
v 1.136000 2.028000 -0.002000
v 1.228000 2.076000 -0.002000
v 1.228000 2.076000 0.024000
v 1.136000 2.028000 0.023250
v 1.046000 1.974000 0.024000
v 0.962000 1.918000 0.024000
v 1.220000 2.012000 -0.002750
v 1.220000 2.004000 0.012000
v 1.220000 2.012000 0.024000
v 1.210000 1.948000 0.024000
v 1.208000 1.934000 0.012000
v 1.198000 1.888000 0.024000
v 1.192000 1.868000 0.012000
v 1.182000 1.830000 0.024000
v 1.174000 1.804000 0.012000
v 1.164000 1.774000 0.024000
v 1.158000 1.756000 0.012000
v 1.144000 1.722000 0.024000
v 1.140000 1.710000 0.012000
v 1.122000 1.670000 0.024000
v 1.118000 1.666000 0.012000
v 1.122000 1.670000 -0.002000
v 1.144000 1.722000 -0.002000
v 1.164000 1.774000 -0.002000
v 1.182000 1.830000 -0.002000
v 1.198000 1.888000 -0.002000
v 1.210000 1.948000 -0.002000
v 1.056000 1.676000 0.012000
v 1.050000 1.682000 -0.002000
v 1.010000 1.728000 0.012000
v 1.000000 1.740000 -0.002000
v 0.950000 1.792000 0.012000
v 0.944000 1.798000 -0.002000
v 0.944000 1.798000 0.024000
v 1.000000 1.740000 0.024000
v 1.050000 1.682000 0.024000
v 1.592000 1.856000 0.024000
v 1.592000 1.856000 -0.002000
v 1.662000 1.918000 0.012000
v 1.670000 1.924000 -0.002000
v 1.738000 1.978000 0.012000
v 1.756000 1.992000 -0.002000
v 1.838000 2.052000 0.012000
v 1.848000 2.058000 -0.002000
v 1.948000 2.126000 -0.002000
v 1.948000 2.126000 0.024000
v 1.848000 2.058000 0.024000
v 1.756000 1.992000 0.024000
v 1.670000 1.924000 0.024000
v 2.012000 2.070000 0.023250
v 2.012000 2.070000 -0.002000
v 2.070000 2.012000 0.024000
v 2.070000 2.012000 -0.002000
v 2.126000 1.948000 0.023250
v 2.126000 1.948000 -0.002000
v 2.058000 1.848000 -0.002000
v 2.052000 1.840000 0.012000
v 2.058000 1.848000 0.024000
v 1.992000 1.756000 0.024000
v 1.980000 1.740000 0.012000
v 1.924000 1.670000 0.024000
v 1.918000 1.662000 0.012000
v 1.856000 1.592000 0.024000
v 1.856000 1.592000 -0.002000
v 1.924000 1.670000 -0.002000
v 1.992000 1.756000 -0.002000
v 1.796000 1.664000 0.012000
v 1.796000 1.664000 -0.002000
v 1.732000 1.730000 0.011250
v 1.732000 1.732000 -0.002000
v 1.664000 1.796000 0.012000
v 1.664000 1.796000 -0.002000
v 1.664000 1.796000 0.024000
v 1.732000 1.732000 0.024000
v 1.796000 1.664000 0.024000
v 1.244000 2.076000 -0.002000
v 1.338000 2.028000 -0.002000
v 1.243250 2.076000 0.024000
v 1.340000 2.026000 0.012000
v 1.338000 2.028000 0.024000
v 1.426000 1.974000 0.024000
v 1.432000 1.972000 0.012000
v 1.510000 1.918000 0.024000
v 1.514000 1.916000 0.012000
v 1.510000 1.918000 -0.002000
v 1.426000 1.974000 -0.002000
v 1.530000 1.798000 -0.002000
v 1.524000 1.794000 0.012000
v 1.530000 1.798000 0.024000
v 1.472000 1.740000 0.024000
v 1.464000 1.730000 0.012000
v 1.422000 1.682000 0.024000
v 1.418000 1.676000 0.012000
v 1.422000 1.682000 -0.002000
v 1.472000 1.740000 -0.002000
v 1.352000 1.670000 -0.002750
v 1.336000 1.706000 0.012000
v 1.352000 1.670000 0.024000
v 1.328000 1.722000 0.024000
v 1.308000 1.774000 0.024000
v 1.302000 1.796000 0.012000
v 1.290000 1.830000 0.024000
v 1.282000 1.860000 0.012000
v 1.276000 1.888000 0.024000
v 1.266000 1.930000 0.012000
v 1.264000 1.948000 0.024000
v 1.254000 2.002000 0.012000
v 1.252000 2.012000 0.024000
v 1.328000 1.722000 -0.002000
v 1.308000 1.774000 -0.002000
v 1.290000 1.830000 -0.002000
v 1.276000 1.888000 -0.002000
v 1.264000 1.948000 -0.002000
v 1.252000 2.012000 -0.002000
v 1.916000 1.514000 0.012000
v 1.918000 1.510000 -0.002000
v 1.970000 1.434000 0.012000
v 1.974000 1.426000 -0.002000
v 2.026000 1.342000 0.012000
v 2.028000 1.338000 -0.002000
v 2.076000 1.244000 -0.002000
v 2.076000 1.244000 0.024000
v 2.028000 1.338000 0.023250
v 1.974000 1.426000 0.024000
v 1.918000 1.510000 0.024000
v 2.012000 1.252000 -0.002750
v 2.004000 1.254000 0.012000
v 2.012000 1.252000 0.024000
v 1.948000 1.264000 0.024000
v 1.934000 1.266000 0.012000
v 1.888000 1.276000 0.024000
v 1.868000 1.280000 0.012000
v 1.830000 1.290000 0.024000
v 1.804000 1.298000 0.012000
v 1.774000 1.308000 0.024000
v 1.756000 1.316000 0.012000
v 1.722000 1.328000 0.024000
v 1.710000 1.334000 0.012000
v 1.670000 1.352000 0.024000
v 1.666000 1.354000 0.012000
v 1.669250 1.352000 -0.002000
v 1.722000 1.328000 -0.002000
v 1.774000 1.308000 -0.002000
v 1.830000 1.290000 -0.002000
v 1.888000 1.276000 -0.002000
v 1.948000 1.264000 -0.002000
v 1.676000 1.418000 0.012000
v 1.682000 1.422000 -0.002000
v 1.728000 1.462000 0.012000
v 1.740000 1.472000 -0.002000
v 1.792000 1.524000 0.012000
v 1.798000 1.530000 -0.002000
v 1.798000 1.530000 0.024000
v 1.740000 1.472000 0.024000
v 1.682000 1.422000 0.024000
v 2.374000 2.374000 -0.002000
v 2.356000 2.206000 -0.002000
v 2.373250 2.374000 0.024000
v 2.354000 2.196000 0.012000
v 2.356000 2.206000 0.024000
v 2.330000 2.040000 0.024000
v 2.328000 2.022000 0.012000
v 2.300000 1.882000 0.024000
v 2.298000 1.874000 0.012000
v 2.300000 1.882000 -0.002000
v 2.330000 2.040000 -0.002000
v 2.222000 1.806000 0.024000
v 2.222000 1.806000 -0.002000
v 2.176000 1.878000 0.023250
v 2.175250 1.878000 -0.002000
v 2.184000 2.038000 0.012000
v 2.188000 2.046000 -0.002000
v 2.242000 2.136000 0.012000
v 2.250000 2.150000 -0.002000
v 2.308000 2.252000 0.012000
v 2.312000 2.260000 -0.002000
v 2.312000 2.260000 0.024000
v 2.250000 2.150000 0.024000
v 2.188000 2.046000 0.024000
v 2.260000 2.312000 -0.002000
v 2.252000 2.308000 0.012000
v 2.260000 2.312000 0.024000
v 2.150000 2.250000 0.024000
v 2.136000 2.242000 0.012000
v 2.046000 2.188000 0.024000
v 2.040000 2.184000 0.012000
v 2.046000 2.188000 -0.002000
v 2.150000 2.250000 -0.002000
v 1.878000 2.176000 0.024000
v 1.878000 2.176000 -0.002000
v 1.806000 2.222000 0.023250
v 1.806000 2.222000 -0.002000
v 1.872000 2.298000 0.012000
v 1.882000 2.300000 -0.002000
v 2.020000 2.326000 0.012000
v 2.040000 2.330000 -0.002000
v 2.194000 2.354000 0.012000
v 2.206000 2.356000 -0.002000
v 2.206000 2.356000 0.024000
v 2.040000 2.330000 0.024000
v 1.882000 2.300000 0.024000
v 1.798000 0.944000 -0.002000
v 1.794000 0.948000 0.012000
v 1.798000 0.944000 0.024000
v 1.740000 1.000000 0.024000
v 1.730000 1.010000 0.012000
v 1.682000 1.050000 0.024000
v 1.676000 1.056000 0.012000
v 1.682000 1.050000 -0.002000
v 1.740000 1.000000 -0.002000
v 1.670000 1.122000 -0.002750
v 1.706000 1.138000 0.012000
v 1.670000 1.122000 0.024000
v 1.722000 1.144000 0.024000
v 1.774000 1.164000 0.024000
v 1.796000 1.172000 0.012000
v 1.830000 1.182000 0.024000
v 1.860000 1.190000 0.012000
v 1.888000 1.198000 0.024000
v 1.930000 1.206000 0.012000
v 1.948000 1.210000 0.024000
v 2.002000 1.218000 0.012000
v 2.012000 1.220000 0.024000
v 2.075250 1.228000 -0.002000
v 2.076000 1.228000 0.024000
v 1.722000 1.144000 -0.002000
v 1.774000 1.164000 -0.002000
v 1.830000 1.182000 -0.002000
v 1.888000 1.198000 -0.002000
v 1.948000 1.210000 -0.002000
v 2.012000 1.220000 -0.002000
v 2.028000 1.136000 -0.002000
v 2.026000 1.132000 0.012000
v 2.028000 1.136000 0.024000
v 1.974000 1.046000 0.024000
v 1.972000 1.042000 0.012000
v 1.918000 0.962000 0.024000
v 1.916000 0.960000 0.012000
v 1.918000 0.962000 -0.002000
v 1.974000 1.046000 -0.002000
v 1.514000 0.558000 0.012000
v 1.510000 0.556000 -0.002000
v 1.434000 0.502000 0.012000
v 1.426000 0.498000 -0.002000
v 1.342000 0.448000 0.012000
v 1.338000 0.446000 -0.002000
v 1.244000 0.396000 -0.002000
v 1.244000 0.396000 0.024000
v 1.338000 0.446000 0.023250
v 1.426000 0.498000 0.024000
v 1.510000 0.556000 0.024000
v 1.252000 0.462000 -0.002750
v 1.254000 0.468000 0.012000
v 1.252000 0.462000 0.024000
v 1.264000 0.524000 0.024000
v 1.266000 0.538000 0.012000
v 1.276000 0.586000 0.024000
v 1.280000 0.606000 0.012000
v 1.290000 0.644000 0.024000
v 1.298000 0.668000 0.012000
v 1.308000 0.698000 0.024000
v 1.316000 0.718000 0.012000
v 1.328000 0.752000 0.024000
v 1.334000 0.764000 0.012000
v 1.352000 0.802000 0.024000
v 1.354000 0.808000 0.012000
v 1.352000 0.802000 -0.002000
v 1.328000 0.752000 -0.002000
v 1.308000 0.698000 -0.002000
v 1.290000 0.644000 -0.002000
v 1.276000 0.586000 -0.002000
v 1.264000 0.524000 -0.002000
v 1.418000 0.798000 0.012000
v 1.422000 0.792000 -0.002000
v 1.462000 0.744000 0.012000
v 1.472000 0.732000 -0.002000
v 1.524000 0.680000 0.012000
v 1.530000 0.674000 -0.002000
v 1.530000 0.674000 0.024000
v 1.472000 0.732000 0.024000
v 1.422000 0.792000 0.024000
v 1.236000 0.098000 0.024000
v 1.236000 0.098000 -0.002000
v 1.134000 0.102000 0.024000
v 1.134000 0.102000 -0.002000
v 1.034000 0.116000 0.023250
v 1.034000 0.116000 -0.002000
v 0.934000 0.138000 0.024000
v 0.934000 0.138000 -0.002000
v 0.838000 0.170000 0.023250
v 0.837250 0.170000 -0.002000
v 0.872000 0.248000 -0.002750
v 0.880000 0.250000 0.012000
v 0.872000 0.248000 0.024000
v 0.996000 0.290000 0.024000
v 1.010000 0.294000 0.012000
v 1.114000 0.336000 0.024000
v 1.122000 0.340000 0.012000
v 1.228000 0.388000 0.024000
v 1.227250 0.388000 -0.002000
v 1.114000 0.336000 -0.002000
v 0.996000 0.290000 -0.002000
v 1.234000 0.332000 0.012000
v 1.236000 0.272000 -0.002000
v 1.236000 0.272000 0.024000
v 1.234000 0.190000 0.012000
v 1.234000 0.186000 -0.002000
v 1.234000 0.186000 0.023250
v 1.730000 0.210000 0.024000
v 1.730000 0.210000 -0.002000
v 1.636000 0.170000 0.023250
v 1.636000 0.170000 -0.002000
v 1.538000 0.138000 0.024000
v 1.538000 0.138000 -0.002000
v 1.440000 0.116000 0.023250
v 1.440000 0.116000 -0.002000
v 1.338000 0.102000 0.024000
v 1.337250 0.102000 -0.002000
v 1.238000 0.186000 -0.002750
v 1.238000 0.190000 0.012000
v 1.238000 0.186000 0.024000
v 1.240000 0.332000 0.012000
v 1.244000 0.388000 -0.002000
v 1.244000 0.388000 0.024000
v 1.350000 0.340000 0.012000
v 1.358000 0.336000 -0.002000
v 1.460000 0.296000 0.012000
v 1.478000 0.290000 -0.002000
v 1.592000 0.250000 0.012000
v 1.602000 0.248000 -0.002000
v 1.602000 0.248000 0.024000
v 1.478000 0.290000 0.024000
v 1.358000 0.336000 0.024000
v 1.806000 0.250000 0.024000
v 1.806000 0.250000 -0.002000
v 1.878000 0.296000 0.023250
v 1.877250 0.296000 -0.002000
v 2.038000 0.290000 0.012000
v 2.046000 0.286000 -0.002000
v 2.136000 0.232000 0.012000
v 2.150000 0.222000 -0.002000
v 2.252000 0.164000 0.012000
v 2.260000 0.160000 -0.002000
v 2.374000 0.098000 -0.002000
v 2.374000 0.098000 0.024000
v 2.260000 0.160000 0.023250
v 2.150000 0.222000 0.024000
v 2.046000 0.286000 0.024000
v 2.206000 0.118000 -0.002000
v 2.196000 0.118000 0.012000
v 2.206000 0.118000 0.024000
v 2.040000 0.142000 0.024000
v 2.022000 0.146000 0.012000
v 1.882000 0.174000 0.024000
v 1.874000 0.176000 0.012000
v 1.882000 0.174000 -0.002000
v 2.040000 0.142000 -0.002000
v 2.176000 0.594000 0.024000
v 2.176000 0.594000 -0.002000
v 2.222000 0.668000 0.023250
v 2.222000 0.668000 -0.002000
v 2.298000 0.600000 0.012000
v 2.300000 0.590000 -0.002000
v 2.326000 0.452000 0.012000
v 2.330000 0.432000 -0.002000
v 2.354000 0.278000 0.012000
v 2.356000 0.268000 -0.002000
v 2.356000 0.268000 0.024000
v 2.330000 0.432000 0.024000
v 2.300000 0.590000 0.024000
v 2.312000 0.214000 -0.002750
v 2.308000 0.220000 0.012000
v 2.312000 0.214000 0.024000
v 2.250000 0.324000 0.024000
v 2.242000 0.336000 0.012000
v 2.188000 0.428000 0.024000
v 2.184000 0.434000 0.012000
v 2.188000 0.428000 -0.002000
v 2.250000 0.324000 -0.002000
v -0.002000 0.662000 0.212000
v -0.002000 1.900000 0.212000
v 0.000000 2.474000 0.198000
v 1.418000 2.038000 0.498000
v 1.378000 2.114000 0.498000
v 1.352000 2.044000 0.498000
v 0.102000 1.558000 0.498000
v 0.164000 1.560000 0.498000
v 0.130000 1.624000 0.498000
v 0.030000 1.506000 0.498000
v 0.016000 1.596000 0.498000
v 0.460000 1.176000 0.498000
v 0.480000 1.094000 0.498000
v 0.552000 1.160000 0.498000
v 0.612000 2.376000 0.498000
v 0.552000 2.342000 0.498000
v 0.632000 2.306000 0.498000
v 1.286000 2.308000 0.498000
v 1.236000 2.246000 0.498000
v 1.310000 2.244000 0.498000
v 0.006000 0.102000 0.498000
v 0.052000 0.068000 0.498000
v 0.058000 0.146000 0.498000
v 2.474000 0.000000 0.200000
v 2.474000 2.474000 0.200000
v 1.052000 0.906000 0.498000
v 1.026000 0.982000 0.498000
v 0.988000 0.922000 0.498000
v -0.002000 0.000000 0.200000
v 0.734000 0.000000 0.208000
v 1.972000 0.000000 0.208000
v 1.762000 2.374000 0.498000
v 1.804000 2.454000 0.498000
v 1.712000 2.422000 0.498000
v 1.694000 2.318000 0.498000
v 1.754000 2.304000 0.498000
v 1.590000 1.956000 0.498000
v 1.522000 1.942000 0.498000
v 1.540000 1.874000 0.498000
v 2.028000 0.232000 0.498000
v 2.064000 0.164000 0.498000
v 2.098000 0.222000 0.498000
v 1.938000 2.366000 0.498000
v 1.880000 2.310000 0.498000
v 1.942000 2.290000 0.498000
v 0.324000 0.242000 0.498000
v 0.268000 0.174000 0.498000
v 0.344000 0.164000 0.498000
v 1.358000 0.014000 0.498000
v 1.340000 0.000000 0.498000
v 1.442000 0.014000 0.498000
v 2.138000 1.486000 0.498000
v 2.082000 1.434000 0.498000
v 2.156000 1.426000 0.498000
v 0.236000 1.302000 0.498000
v 0.212000 1.238000 0.498000
v 0.282000 1.260000 0.498000
v 0.002000 0.222000 0.498000
v 0.000000 0.100000 0.498000
v 0.014000 0.178000 0.498000
v 0.656000 1.372000 0.498000
v 0.654000 1.292000 0.498000
v 0.714000 1.334000 0.498000
v 0.772000 2.474000 0.236000
v 2.010000 2.474000 0.236000
v 2.452000 0.758000 0.498000
v 2.404000 0.732000 0.498000
v 2.448000 0.692000 0.498000
v 2.144000 0.690000 0.498000
v 2.102000 0.770000 0.498000
v 2.058000 0.718000 0.498000
v 1.342000 0.232000 0.498000
v 1.396000 0.208000 0.498000
v 1.374000 0.286000 0.498000
v 0.044000 0.954000 0.498000
v 0.084000 0.992000 0.498000
v 0.016000 1.032000 0.498000
v 1.320000 0.412000 0.498000
v 1.338000 0.472000 0.498000
v 1.260000 0.444000 0.498000
v 1.336000 0.342000 0.498000
v 1.272000 0.362000 0.498000
v 1.294000 0.272000 0.498000
v 0.738000 1.418000 0.498000
v 0.748000 1.494000 0.498000
v 0.678000 1.466000 0.498000
v 1.484000 0.568000 0.498000
v 1.476000 0.498000 0.498000
v 1.544000 0.510000 0.498000
v 0.248000 1.964000 0.498000
v 0.178000 1.976000 0.498000
v 0.194000 1.906000 0.498000
v 0.744000 2.442000 0.498000
v 0.794000 2.392000 0.498000
v 0.814000 2.456000 0.498000
v 2.474000 0.198000 0.498000
v 2.474000 0.096000 0.498000
v 2.474000 0.406000 0.498000
v 0.932000 1.528000 0.498000
v 0.936000 1.452000 0.498000
v 1.016000 1.506000 0.498000
v 2.296000 1.652000 0.498000
v 2.338000 1.696000 0.498000
v 2.264000 1.718000 0.498000
v 2.472000 1.354000 0.498000
v 2.474000 1.492000 0.498000
v 2.448000 1.428000 0.498000
v 2.474000 1.770000 0.498000
v 2.460000 1.618000 0.498000
v 0.644000 2.088000 0.498000
v 0.538000 2.048000 0.498000
v 0.580000 2.002000 0.498000
v 1.346000 0.162000 0.498000
v 1.330000 0.070000 0.498000
v 1.410000 0.126000 0.498000
v 1.826000 0.422000 0.498000
v 1.790000 0.360000 0.498000
v 1.854000 0.342000 0.498000
v 0.584000 1.828000 0.498000
v 0.586000 1.896000 0.498000
v 0.536000 1.868000 0.498000
v 0.124000 2.100000 0.498000
v 0.122000 2.012000 0.498000
v 0.174000 2.062000 0.498000
v 2.460000 1.782000 0.498000
v 2.474000 1.856000 0.498000
v 0.624000 1.428000 0.498000
v 0.576000 1.382000 0.498000
v 0.616000 0.472000 0.498000
v 0.606000 0.544000 0.498000
v 0.548000 0.528000 0.498000
v 1.138000 0.096000 0.498000
v 1.110000 0.144000 0.498000
v 1.058000 0.074000 0.498000
v 2.276000 2.470000 0.498000
v 2.202000 2.460000 0.498000
v 2.280000 2.446000 0.498000
v 0.006000 0.504000 0.498000
v 0.004000 0.404000 0.498000
v 0.022000 0.450000 0.498000
v 0.618000 1.502000 0.498000
v 0.566000 1.446000 0.498000
v 2.042000 2.452000 0.498000
v 2.082000 2.408000 0.498000
v 2.080000 2.474000 0.498000
v 1.168000 0.178000 0.498000
v 1.222000 0.136000 0.498000
v 1.228000 0.230000 0.498000
v 1.288000 0.124000 0.498000
v 1.240000 0.072000 0.498000
v 0.318000 2.304000 0.498000
v 0.392000 2.344000 0.498000
v 0.332000 2.382000 0.498000
v 1.644000 2.006000 0.498000
v 1.708000 1.996000 0.498000
v 1.648000 2.066000 0.498000
v 1.352000 2.292000 0.498000
v 0.166000 1.412000 0.498000
v 0.240000 1.370000 0.498000
v 0.230000 1.460000 0.498000
v 0.272000 1.190000 0.498000
v 1.458000 2.236000 0.498000
v 1.426000 2.180000 0.498000
v 1.490000 2.176000 0.498000
v 0.468000 2.312000 0.498000
v 0.394000 2.286000 0.498000
v 0.438000 2.238000 0.498000
v 0.894000 1.628000 0.498000
v 0.920000 1.714000 0.498000
v 0.838000 1.684000 0.498000
v 2.286000 0.768000 0.498000
v 2.354000 0.770000 0.498000
v 2.304000 0.840000 0.498000
v 1.212000 2.000000 0.498000
v 1.216000 2.076000 0.498000
v 1.148000 2.060000 0.498000
v 2.468000 0.348000 0.498000
v 0.328000 1.140000 0.498000
v 0.396000 1.108000 0.498000
v 0.382000 1.196000 0.498000
v 0.682000 2.462000 0.498000
v 0.684000 2.474000 0.498000
v 2.144000 1.614000 0.498000
v 2.210000 1.576000 0.498000
v 2.224000 1.640000 0.498000
v 2.356000 2.424000 0.498000
v 2.400000 2.378000 0.498000
v 2.414000 2.466000 0.498000
v 2.298000 0.510000 0.498000
v 2.232000 0.490000 0.498000
v 2.276000 0.462000 0.498000
v 2.408000 2.474000 0.498000
v 0.756000 1.796000 0.498000
v 0.696000 1.800000 0.498000
v 0.742000 1.740000 0.498000
v 1.200000 1.698000 0.498000
v 1.150000 1.778000 0.498000
v 1.124000 1.664000 0.498000
v 1.570000 1.796000 0.498000
v 1.644000 1.798000 0.498000
v 1.620000 1.874000 0.498000
v 1.290000 0.196000 0.498000
v 0.022000 2.332000 0.498000
v 0.076000 2.284000 0.498000
v 0.062000 2.380000 0.498000
v 2.364000 2.262000 0.498000
v 2.304000 2.304000 0.498000
v 2.310000 2.224000 0.498000
v 1.236000 2.474000 0.498000
v 1.630000 2.474000 0.498000
v 1.856000 2.474000 0.498000
v 2.250000 1.916000 0.498000
v 2.270000 1.852000 0.498000
v 2.318000 1.942000 0.498000
v 0.386000 0.698000 0.498000
v 0.380000 0.616000 0.498000
v 0.438000 0.636000 0.498000
v 2.172000 1.070000 0.498000
v 2.104000 1.030000 0.498000
v 2.156000 0.990000 0.498000
v 1.336000 2.364000 0.498000
v 2.322000 1.520000 0.498000
v 2.290000 1.442000 0.498000
v 2.368000 1.460000 0.498000
v 2.412000 0.582000 0.498000
v 2.474000 0.618000 0.498000
v 2.392000 0.668000 0.498000
v 2.364000 2.078000 0.498000
v 2.418000 2.044000 0.498000
v 2.412000 2.126000 0.498000
v 0.926000 2.232000 0.498000
v 0.996000 2.234000 0.498000
v 0.950000 2.288000 0.498000
v 0.264000 1.102000 0.498000
v 0.202000 1.074000 0.498000
v 0.272000 1.018000 0.498000
v 0.000000 0.564000 0.498000
v 2.390000 0.816000 0.498000
v 0.196000 2.414000 0.498000
v 0.208000 2.460000 0.498000
v 0.132000 2.472000 0.498000
v 2.474000 1.594000 0.210000
v 1.468000 0.000000 0.218000
v 2.474000 0.458000 0.210000
v 2.388000 1.374000 0.498000
v 1.074000 1.756000 0.498000
v 1.066000 1.680000 0.498000
v 0.742000 2.372000 0.498000
v 0.814000 2.338000 0.498000
v 2.090000 1.694000 0.498000
v 2.172000 1.704000 0.498000
v 0.700000 0.284000 0.498000
v 0.768000 0.244000 0.498000
v 0.760000 0.320000 0.498000
v 1.852000 0.830000 0.498000
v 1.768000 0.800000 0.498000
v 1.850000 0.754000 0.498000
v 1.546000 2.474000 0.274000
v 0.200000 1.148000 0.498000
v 0.142000 1.188000 0.498000
v 0.142000 1.106000 0.498000
v 2.474000 0.918000 0.222000
v 1.200000 2.194000 0.498000
v 1.158000 2.260000 0.498000
v 1.126000 2.192000 0.498000
v 1.080000 1.828000 0.498000
v 1.154000 1.868000 0.498000
v 1.174000 2.348000 0.498000
v 1.260000 2.366000 0.498000
v 1.224000 2.414000 0.498000
v 1.846000 1.920000 0.498000
v 1.918000 1.946000 0.498000
v 1.846000 1.996000 0.498000
v 0.622000 0.402000 0.498000
v 0.548000 0.446000 0.498000
v 2.184000 2.126000 0.498000
v 2.236000 2.144000 0.498000
v 2.156000 2.182000 0.498000
v 0.762000 0.778000 0.498000
v 0.814000 0.748000 0.498000
v 0.810000 0.824000 0.498000
v 2.334000 0.718000 0.498000
v 0.754000 2.302000 0.498000
v 0.692000 2.268000 0.498000
v 0.772000 2.230000 0.498000
v 2.310000 2.032000 0.498000
v 2.380000 2.002000 0.498000
v 2.234000 2.402000 0.498000
v 2.150000 2.386000 0.498000
v 2.236000 2.340000 0.498000
v 1.034000 0.000000 0.498000
v 0.726000 0.000000 0.498000
v 0.618000 0.000000 0.498000
v 2.254000 2.276000 0.498000
v 0.378000 0.774000 0.498000
v 0.296000 0.788000 0.498000
v 0.330000 0.734000 0.498000
v 2.370000 0.250000 0.498000
v 2.420000 0.304000 0.498000
v 2.346000 0.330000 0.498000
v 0.572000 1.094000 0.498000
v 0.550000 1.026000 0.498000
v 2.110000 1.768000 0.498000
v 0.000000 0.808000 0.498000
v 0.002000 0.676000 0.498000
v 0.016000 0.792000 0.498000
v 0.778000 1.270000 0.498000
v 0.702000 1.250000 0.498000
v 0.752000 1.200000 0.498000
v 0.310000 1.708000 0.498000
v 0.308000 1.646000 0.498000
v 0.384000 1.702000 0.498000
v 0.836000 1.858000 0.498000
v 0.900000 1.886000 0.498000
v 0.820000 1.926000 0.498000
v 0.750000 0.716000 0.498000
v 0.686000 0.736000 0.498000
v 0.536000 0.284000 0.498000
v 0.498000 0.196000 0.498000
v 0.568000 0.240000 0.498000
v 0.884000 0.534000 0.498000
v 0.888000 0.604000 0.498000
v 0.822000 0.544000 0.498000
v 0.368000 1.402000 0.498000
v 0.288000 1.424000 0.498000
v 0.306000 1.332000 0.498000
v 0.172000 1.496000 0.498000
v 1.626000 2.300000 0.498000
v 1.690000 2.244000 0.498000
v 0.864000 0.698000 0.498000
v 0.794000 0.682000 0.498000
v 0.826000 0.622000 0.498000
v 1.258000 0.638000 0.498000
v 1.192000 0.646000 0.498000
v 1.226000 0.568000 0.498000
v 2.394000 0.528000 0.498000
v 2.474000 0.538000 0.498000
v 1.034000 0.230000 0.498000
v 1.080000 0.294000 0.498000
v 0.994000 0.298000 0.498000
v 1.692000 2.166000 0.498000
v 1.766000 2.122000 0.498000
v 1.762000 2.212000 0.498000
v 1.112000 1.990000 0.498000
v 1.054000 2.042000 0.498000
v 1.848000 2.372000 0.498000
v 1.894000 2.410000 0.498000
v 0.420000 0.052000 0.498000
v 0.470000 0.076000 0.498000
v 0.430000 0.138000 0.498000
v 0.004000 1.296000 0.498000
v 0.058000 1.338000 0.498000
v 0.000000 1.356000 0.498000
v 1.668000 2.368000 0.498000
v 0.838000 0.302000 0.498000
v 0.924000 0.294000 0.498000
v 0.880000 0.350000 0.498000
v 0.970000 2.422000 0.498000
v 0.880000 2.406000 0.498000
v 0.976000 2.348000 0.498000
v 2.320000 2.368000 0.498000
v 2.380000 2.320000 0.498000
v 0.494000 2.392000 0.498000
v 0.450000 2.428000 0.498000
v 0.446000 2.364000 0.498000
v 2.468000 1.916000 0.498000
v 2.424000 1.822000 0.498000
v 1.490000 1.800000 0.498000
v 2.174000 0.214000 0.498000
v 2.146000 0.284000 0.498000
v 2.320000 2.464000 0.498000
v 2.408000 1.604000 0.498000
v 2.406000 1.684000 0.498000
v 2.350000 1.616000 0.498000
v 0.790000 2.154000 0.498000
v 0.798000 2.078000 0.498000
v 0.880000 2.122000 0.498000
v 1.708000 2.090000 0.498000
v 1.632000 2.132000 0.498000
v 2.210000 1.390000 0.498000
v 2.256000 1.356000 0.498000
v 0.244000 0.104000 0.498000
v 0.194000 0.128000 0.498000
v 0.882000 2.044000 0.498000
v 0.940000 1.998000 0.498000
v 0.976000 2.090000 0.498000
v 0.000000 1.856000 0.498000
v 0.000000 1.236000 0.498000
v 0.000000 1.666000 0.498000
v 1.072000 2.260000 0.498000
v 1.034000 2.178000 0.498000
v 1.096000 0.972000 0.498000
v 0.302000 0.116000 0.498000
v 0.358000 0.060000 0.498000
v 1.316000 0.586000 0.498000
v 2.454000 0.830000 0.498000
v 2.408000 0.892000 0.498000
v 2.106000 0.890000 0.498000
v 2.120000 0.840000 0.498000
v 2.140000 0.928000 0.498000
v 2.390000 1.756000 0.498000
v 2.360000 1.816000 0.498000
v 2.398000 2.210000 0.498000
v 1.716000 1.336000 0.498000
v 1.640000 1.340000 0.498000
v 1.704000 1.278000 0.498000
v 1.374000 1.336000 0.498000
v 1.446000 1.340000 0.498000
v 1.388000 1.394000 0.498000
v 0.504000 1.976000 0.498000
v 0.918000 1.144000 0.498000
v 0.934000 1.060000 0.498000
v 1.004000 1.128000 0.498000
v 0.060000 0.000000 0.498000
v 0.202000 0.000000 0.498000
v 0.120000 0.002000 0.498000
v 0.742000 1.584000 0.498000
v 0.816000 1.612000 0.498000
v 0.752000 1.668000 0.498000
v 1.388000 1.214000 0.498000
v 1.386000 1.146000 0.498000
v 1.464000 1.200000 0.498000
v 1.384000 1.280000 0.498000
v 1.310000 1.224000 0.498000
v 1.542000 1.174000 0.498000
v 1.620000 1.198000 0.498000
v 1.542000 1.250000 0.498000
v 1.868000 1.238000 0.498000
v 1.780000 1.222000 0.498000
v 1.848000 1.162000 0.498000
v 1.540000 1.028000 0.498000
v 1.542000 1.102000 0.498000
v 1.462000 1.056000 0.498000
v 1.688000 0.770000 0.498000
v 1.686000 0.846000 0.498000
v 1.606000 0.798000 0.498000
v 1.084000 1.258000 0.498000
v 1.084000 1.330000 0.498000
v 1.006000 1.274000 0.498000
v 1.082000 1.188000 0.498000
v 1.160000 1.246000 0.498000
v 0.936000 1.304000 0.498000
v 0.858000 1.284000 0.498000
v 0.928000 1.226000 0.498000
v 0.176000 0.564000 0.498000
v 0.102000 0.564000 0.498000
v 0.144000 0.492000 0.498000
v 1.398000 1.460000 0.498000
v 1.412000 1.542000 0.498000
v 1.326000 1.494000 0.498000
v 1.536000 1.512000 0.498000
v 1.470000 1.484000 0.498000
v 1.540000 1.434000 0.498000
v 1.086000 1.052000 0.498000
v 1.272000 1.658000 0.498000
v 1.278000 1.574000 0.498000
v 1.348000 1.642000 0.498000
v 1.168000 0.886000 0.498000
v 1.158000 0.810000 0.498000
v 1.226000 0.872000 0.498000
v 1.244000 1.370000 0.498000
v 1.248000 1.438000 0.498000
v 1.164000 1.384000 0.498000
v 1.238000 1.302000 0.498000
v 1.312000 1.354000 0.498000
v 1.230000 1.100000 0.498000
v 1.226000 1.028000 0.498000
v 1.306000 1.088000 0.498000
v 1.232000 1.168000 0.498000
v 1.156000 1.110000 0.498000
v 2.392000 0.126000 0.498000
v 2.346000 0.154000 0.498000
v 2.334000 0.070000 0.498000
v 1.382000 0.916000 0.498000
v 1.380000 1.000000 0.498000
v 1.300000 0.938000 0.498000
v 1.848000 1.526000 0.498000
v 1.780000 1.504000 0.498000
v 1.844000 1.464000 0.498000
v 1.696000 1.482000 0.498000
v 1.668000 1.562000 0.498000
v 1.610000 1.494000 0.498000
v 1.796000 1.640000 0.498000
v 1.824000 1.580000 0.498000
v 1.862000 1.656000 0.498000
v 1.542000 2.000000 0.498000
v 1.162000 0.958000 0.498000
v 1.224000 0.954000 0.498000
v 0.780000 1.000000 0.498000
v 0.810000 0.916000 0.498000
v 0.866000 0.988000 0.498000
v 0.016000 1.368000 0.498000
v 0.016000 1.424000 0.498000
v 1.778000 1.362000 0.498000
v 1.700000 1.400000 0.498000
v 1.848000 1.396000 0.498000
v 1.856000 1.320000 0.498000
v 1.928000 1.384000 0.498000
v 1.926000 0.804000 0.498000
v 2.002000 1.530000 0.498000
v 1.970000 1.596000 0.498000
v 1.918000 1.520000 0.498000
v 0.710000 1.124000 0.498000
v 0.776000 1.078000 0.498000
v 0.782000 1.150000 0.498000
v 0.646000 1.096000 0.498000
v 0.628000 1.156000 0.498000
v 0.468000 0.936000 0.498000
v 0.498000 0.876000 0.498000
v 0.536000 0.950000 0.498000
v 0.472000 1.004000 0.498000
v 0.404000 0.962000 0.498000
v 1.830000 1.102000 0.498000
v 1.844000 1.044000 0.498000
v 1.896000 1.098000 0.498000
v 1.698000 1.072000 0.498000
v 1.768000 1.086000 0.498000
v 1.696000 1.142000 0.498000
v 2.238000 0.078000 0.498000
v 2.212000 0.148000 0.498000
v 2.162000 0.084000 0.498000
v 1.986000 1.016000 0.498000
v 1.930000 0.952000 0.498000
v 1.990000 0.934000 0.498000
v 2.394000 1.090000 0.498000
v 2.334000 1.040000 0.498000
v 2.392000 1.014000 0.498000
v 1.394000 0.638000 0.498000
v 1.410000 0.556000 0.498000
v 1.438000 0.600000 0.498000
v 0.798000 1.360000 0.498000
v 1.854000 0.676000 0.498000
v 1.860000 0.590000 0.498000
v 1.934000 0.650000 0.498000
v 0.092000 1.764000 0.498000
v 0.072000 1.828000 0.498000
v 0.008000 1.760000 0.498000
v 0.630000 1.696000 0.498000
v 0.630000 1.782000 0.498000
v 0.582000 1.734000 0.498000
v 1.218000 1.834000 0.498000
v 0.116000 1.928000 0.498000
v 0.068000 1.878000 0.498000
v 0.152000 1.834000 0.498000
v 0.248000 0.262000 0.498000
v 0.302000 0.332000 0.498000
v 1.150000 1.936000 0.498000
v 1.966000 2.232000 0.498000
v 1.910000 2.160000 0.498000
v 1.998000 2.168000 0.498000
v 1.732000 1.926000 0.498000
v 1.780000 1.882000 0.498000
v 1.788000 1.962000 0.498000
v 0.702000 0.592000 0.498000
v 0.718000 0.662000 0.498000
v 0.642000 0.610000 0.498000
v 1.472000 1.608000 0.498000
v 1.410000 1.634000 0.498000
v 2.024000 0.626000 0.498000
v 1.998000 0.706000 0.498000
v 2.336000 0.900000 0.498000
v 1.932000 0.326000 0.498000
v 2.004000 0.306000 0.498000
v 1.978000 0.398000 0.498000
v 2.344000 2.468000 0.498000
v 1.998000 1.974000 0.498000
v 1.982000 1.888000 0.498000
v 2.394000 1.530000 0.498000
v 2.168000 0.432000 0.498000
v 2.160000 0.510000 0.498000
v 2.098000 0.448000 0.498000
v 2.138000 1.346000 0.498000
v 2.194000 1.294000 0.498000
v 1.742000 0.508000 0.498000
v 1.722000 0.606000 0.498000
v 1.686000 0.538000 0.498000
v 0.556000 0.356000 0.498000
v 2.040000 2.040000 0.498000
v 1.986000 2.050000 0.498000
v 2.116000 2.122000 0.498000
v 2.174000 2.070000 0.498000
v 0.494000 0.330000 0.498000
v 0.432000 0.360000 0.498000
v 0.452000 0.276000 0.498000
v 0.574000 0.668000 0.498000
v 0.592000 0.732000 0.498000
v 0.524000 0.730000 0.498000
v 2.016000 1.228000 0.498000
v 2.010000 1.294000 0.498000
v 1.944000 1.232000 0.498000
v 0.176000 1.298000 0.498000
v 0.184000 1.350000 0.498000
v 0.770000 1.882000 0.498000
v 1.630000 0.728000 0.498000
v 0.436000 1.262000 0.498000
v 0.526000 1.242000 0.498000
v 1.898000 2.242000 0.498000
v 0.496000 0.584000 0.498000
v 0.430000 0.574000 0.498000
v 0.988000 2.014000 0.498000
v 1.414000 0.488000 0.498000
v 1.430000 0.378000 0.498000
v 0.116000 0.900000 0.498000
v 1.532000 2.228000 0.498000
v 1.568000 2.174000 0.498000
v 0.676000 0.014000 0.498000
v 0.744000 0.064000 0.498000
v 0.696000 0.110000 0.498000
v 0.924000 0.084000 0.498000
v 0.978000 0.168000 0.498000
v 0.894000 0.172000 0.498000
v 0.394000 2.404000 0.498000
v 0.342000 2.452000 0.498000
v 0.076000 1.220000 0.498000
v 0.000000 1.184000 0.498000
v 0.552000 2.198000 0.498000
v 0.544000 2.122000 0.498000
v 0.614000 2.156000 0.498000
v 1.786000 0.636000 0.498000
v 1.706000 0.688000 0.498000
v 2.328000 0.968000 0.498000
v 2.276000 0.988000 0.498000
v 2.256000 0.898000 0.498000
v 1.714000 0.388000 0.498000
v 1.666000 0.336000 0.498000
v 1.732000 0.316000 0.498000
v 0.458000 2.018000 0.498000
v 0.380000 1.998000 0.498000
v 0.444000 1.938000 0.498000
v 0.436000 1.858000 0.498000
v 0.444000 1.774000 0.498000
v 0.500000 1.818000 0.498000
v 0.316000 0.014000 0.498000
v 0.270000 0.046000 0.498000
v 0.284000 0.004000 0.498000
v 0.404000 1.542000 0.498000
v 0.476000 1.518000 0.498000
v 0.484000 1.582000 0.498000
v 2.164000 2.004000 0.498000
v 2.206000 1.952000 0.498000
v 2.224000 2.026000 0.498000
v 0.214000 0.788000 0.498000
v 0.256000 0.862000 0.498000
v 2.348000 0.478000 0.498000
v 2.302000 0.412000 0.498000
v 2.376000 0.408000 0.498000
v 0.874000 1.772000 0.498000
v 0.742000 0.870000 0.498000
v 1.022000 0.674000 0.498000
v 0.932000 0.680000 0.498000
v 0.970000 0.602000 0.498000
v 0.468000 2.098000 0.498000
v 0.484000 2.188000 0.498000
v 0.406000 2.164000 0.498000
v 1.450000 0.702000 0.498000
v 1.470000 0.642000 0.498000
v 1.356000 0.524000 0.498000
v 1.280000 0.510000 0.498000
v 2.072000 0.292000 0.498000
v 0.676000 1.554000 0.498000
v 0.618000 1.614000 0.498000
v 1.108000 2.318000 0.498000
v 0.224000 2.018000 0.498000
v 0.076000 0.010000 0.498000
v 1.246000 2.126000 0.498000
v 1.274000 2.054000 0.498000
v 0.560000 1.682000 0.498000
v 0.488000 1.656000 0.498000
v 0.546000 1.614000 0.498000
v 1.006000 0.510000 0.498000
v 1.098000 0.498000 0.498000
v 1.060000 0.586000 0.498000
v 1.620000 2.414000 0.498000
v 0.100000 0.430000 0.498000
v 0.054000 0.388000 0.498000
v 0.104000 0.366000 0.498000
v 2.340000 1.244000 0.498000
v 2.376000 1.156000 0.498000
v 2.406000 1.236000 0.498000
v 0.760000 2.470000 0.498000
v 0.832000 2.474000 0.498000
v 0.168000 0.848000 0.498000
v 1.444000 0.070000 0.498000
v 1.386000 0.052000 0.498000
v 2.442000 1.986000 0.498000
v 2.396000 1.930000 0.498000
v 2.474000 1.954000 0.498000
v 1.116000 0.904000 0.498000
v 2.130000 1.150000 0.498000
v 2.094000 1.222000 0.498000
v 2.048000 1.168000 0.498000
v 0.844000 1.512000 0.498000
v 0.798000 1.556000 0.498000
v 0.052000 0.628000 0.498000
v 0.080000 0.712000 0.498000
v 0.000000 0.618000 0.498000
v 2.346000 2.162000 0.498000
v 1.458000 1.886000 0.498000
v 1.470000 1.976000 0.498000
v 0.424000 1.464000 0.498000
v 0.498000 1.460000 0.498000
v 0.622000 1.952000 0.498000
v 0.644000 1.880000 0.498000
v 0.696000 1.910000 0.498000
v 1.522000 0.820000 0.498000
v 1.440000 0.864000 0.498000
v 1.446000 0.776000 0.498000
v 2.454000 1.540000 0.498000
v 0.366000 0.392000 0.498000
v 0.292000 0.420000 0.498000
v 0.194000 0.062000 0.498000
v 1.550000 0.304000 0.498000
v 1.576000 0.220000 0.498000
v 1.618000 0.280000 0.498000
v 1.890000 1.788000 0.498000
v 1.832000 1.834000 0.498000
v 1.820000 1.758000 0.498000
v 0.146000 1.754000 0.498000
v 0.114000 1.702000 0.498000
v 0.170000 1.692000 0.498000
v 0.708000 1.050000 0.498000
v 0.686000 0.994000 0.498000
v 0.186000 2.284000 0.498000
v 0.128000 2.326000 0.498000
v 0.140000 2.258000 0.498000
v 1.400000 1.968000 0.498000
v 2.018000 2.382000 0.498000
v 0.948000 0.976000 0.498000
v 0.928000 0.886000 0.498000
v 1.984000 1.168000 0.498000
v 0.130000 0.648000 0.498000
v 1.050000 2.340000 0.498000
v 1.030000 1.726000 0.498000
v 1.012000 1.792000 0.498000
v 0.978000 1.730000 0.498000
v 0.556000 1.528000 0.498000
v 1.460000 0.182000 0.498000
v 1.474000 0.118000 0.498000
v 1.528000 0.170000 0.498000
v 0.226000 2.150000 0.498000
v 0.286000 2.174000 0.498000
v 0.214000 2.220000 0.498000
v 1.794000 0.550000 0.498000
v 0.140000 0.778000 0.498000
v 0.080000 0.804000 0.498000
v 0.034000 0.746000 0.498000
v 2.036000 1.056000 0.498000
v 2.038000 0.986000 0.498000
v 0.326000 1.222000 0.498000
v 0.848000 2.278000 0.498000
v 0.893250 2.334000 0.498000
v 1.384000 0.434000 0.498000
v 1.370000 0.388000 0.498000
v 0.734000 2.122000 0.498000
v 0.730000 2.058000 0.498000
v 1.082000 1.120000 0.498000
v 1.698000 1.210000 0.498000
v 2.004000 0.780000 0.498000
v 1.998000 0.866000 0.498000
v 0.522000 0.000000 0.498000
v 1.268000 1.798000 0.498000
v 1.272000 1.734000 0.498000
v 1.332000 1.800000 0.498000
v 1.530000 0.100000 0.498000
v 1.538000 0.036000 0.498000
v 2.188000 0.344000 0.498000
v 2.260000 0.344000 0.498000
v 2.228000 0.414000 0.498000
v 1.640000 1.638000 0.498000
v 1.718000 1.630000 0.498000
v 1.276000 2.182000 0.498000
v 1.312000 2.116000 0.498000
v 0.744000 0.942000 0.498000
v 2.188000 0.006000 0.498000
v 2.092000 0.002000 0.498000
v 2.276000 0.000000 0.498000
v 1.620000 1.054000 0.498000
v 0.736000 0.012000 0.498000
v 0.824000 0.016000 0.498000
v 0.000000 2.258000 0.498000
v 0.024000 2.264000 0.498000
v 0.066000 2.080000 0.498000
v 0.010000 2.062000 0.498000
v 0.062000 2.006000 0.498000
v 1.022000 1.864000 0.498000
v 1.236000 1.236000 0.498000
v 0.432000 0.890000 0.498000
v 0.460000 0.798000 0.498000
v 1.404000 2.310000 0.498000
v 0.264000 0.708000 0.498000
v 0.398000 0.010000 0.498000
v 0.862000 2.200000 0.498000
v 1.766000 2.032000 0.498000
v 0.490000 1.894000 0.498000
v 1.318000 0.678000 0.498000
v 1.382000 0.724000 0.498000
v 2.082000 2.322000 0.498000
v 2.002000 2.306000 0.498000
v 2.048000 2.242000 0.498000
v 1.156000 0.256000 0.498000
v 2.474000 1.236000 0.498000
v 2.472000 0.680000 0.498000
v 0.218000 0.636000 0.498000
v 0.172000 0.718000 0.498000
v 0.826000 0.182000 0.498000
v 0.820000 0.240000 0.498000
v 1.990000 1.460000 0.498000
v 2.056000 1.488000 0.498000
v 0.156000 0.978000 0.498000
v 0.212000 0.992000 0.498000
v 0.150000 1.040000 0.498000
v 0.452000 1.700000 0.498000
v 1.526000 0.428000 0.498000
v 0.276000 2.426000 0.498000
v 2.322000 0.664000 0.498000
v 2.274000 0.620000 0.498000
v 2.338000 0.606000 0.498000
v 0.008000 0.948000 0.498000
v 0.000000 0.900000 0.498000
v 0.054000 0.892000 0.498000
v 2.472000 0.966000 0.498000
v 2.472000 1.118000 0.498000
v 1.188000 0.484000 0.498000
v 1.140000 0.418000 0.498000
v 0.062000 1.710000 0.498000
v 0.072000 1.646000 0.498000
v 1.446000 2.104000 0.498000
v 2.118000 0.360000 0.498000
v 1.554000 2.462000 0.498000
v 1.550000 2.416000 0.498000
v 1.230000 0.788000 0.498000
v 1.340000 2.472000 0.498000
v 1.498000 2.458000 0.498000
v 2.474000 0.000000 0.498000
v 1.856000 0.000000 0.498000
v 1.762000 0.426000 0.498000
v 1.796000 0.480000 0.498000
v 0.948000 2.176000 0.498000
v 1.882000 0.066000 0.498000
v 1.922000 0.020000 0.498000
v 0.420000 2.472000 0.498000
v 2.002000 1.380000 0.498000
v 0.630000 1.034000 0.498000
v 1.296000 1.876000 0.498000
v 0.068000 0.224000 0.498000
v 0.072000 0.298000 0.498000
v 0.014000 0.286000 0.498000
v 1.114000 0.658000 0.498000
v 0.946000 0.360000 0.498000
v 1.026000 0.362000 0.498000
v 0.978000 0.428000 0.498000
v 1.172000 2.466000 0.498000
v 0.770000 0.148000 0.498000
v 0.846000 0.122000 0.498000
v 1.076000 1.608000 0.498000
v 1.014000 1.574000 0.498000
v 1.084000 1.544000 0.498000
v 2.030000 0.470000 0.498000
v 1.952000 0.484000 0.498000
v 1.152000 0.328000 0.498000
v 1.406000 1.716000 0.498000
v 1.866000 0.498000 0.498000
v 1.898000 0.412000 0.498000
v 1.178000 2.130000 0.498000
v 0.124000 1.342000 0.498000
v 0.000000 2.474000 0.498000
v 1.966000 1.806000 0.498000
v 2.050000 1.828000 0.498000
v 1.000000 0.864000 0.498000
v 1.808000 1.698000 0.498000
v 1.754000 1.676000 0.498000
v 1.246000 1.508000 0.498000
v 1.684000 0.924000 0.498000
v 1.774000 0.948000 0.498000
v 1.696000 1.000000 0.498000
v 0.618000 2.474000 0.497250
v 1.930000 0.878000 0.498000
v 0.678000 1.190000 0.498000
v 1.236000 0.000000 0.498000
v 0.812000 1.802000 0.498000
v 2.474000 2.474000 0.498000
v 1.086000 1.402000 0.498000
v 1.384000 1.074000 0.498000
v 2.244000 2.084000 0.498000
v 1.578000 2.102000 0.498000
v 1.510000 2.110000 0.498000
v 2.014000 0.548000 0.498000
v 1.852000 0.976000 0.498000
v 1.852000 0.904000 0.498000
v 1.702000 0.042000 0.498000
v 1.660000 0.114000 0.498000
v 1.644000 0.030000 0.498000
v -0.000750 0.000000 0.498000
v 2.098000 0.964000 0.498000
v 1.032000 1.978000 0.498000
v 0.978000 1.926000 0.498000
v 1.474000 1.548000 0.498000
v 1.700000 1.776000 0.498000
v 1.648000 1.720000 0.498000
v 0.540000 0.804000 0.498000
v 1.100000 0.362000 0.498000
v 1.934000 1.664000 0.498000
v 2.008000 1.680000 0.498000
v 1.094000 1.482000 0.498000
v 1.016000 1.432000 0.498000
v 0.076000 1.394000 0.498000
v 0.352000 0.474000 0.498000
v 1.974000 0.010000 0.498000
v 1.996000 0.056000 0.498000
v 0.204000 1.760000 0.498000
v 1.594000 0.142000 0.498000
v 1.592000 0.080000 0.498000
v 1.966000 2.470000 0.498000
v 2.092000 0.638000 0.498000
v 2.154000 0.598000 0.498000
v 0.724000 1.854000 0.498000
v 0.424000 0.444000 0.498000
v 2.152000 1.928000 0.498000
v 1.810000 2.326000 0.498000
v 0.358000 1.772000 0.498000
v 0.280000 1.766000 0.498000
v 1.612000 0.450000 0.498000
v 1.348000 2.180000 0.498000
v 0.128000 0.096000 0.498000
v 0.146000 0.190000 0.498000
v 2.400000 0.186000 0.498000
v 2.322000 0.206000 0.498000
v 0.696000 0.448000 0.498000
v 0.688000 0.360000 0.498000
v 1.640000 0.196000 0.498000
v 2.092000 1.538000 0.498000
v 2.164000 1.542000 0.498000
v 2.310000 1.108000 0.498000
v 2.326000 1.392000 0.498000
v 2.048000 0.916000 0.498000
v 2.064000 0.848000 0.498000
v 1.304000 2.458000 0.498000
v 0.330000 0.676000 0.498000
v 2.262000 1.056000 0.498000
v 2.228000 1.140000 0.498000
v 0.154000 2.180000 0.498000
v 0.108000 2.218000 0.498000
v 2.118000 0.024000 0.498000
v 0.566000 2.430000 0.498000
v 1.216000 1.772000 0.498000
v 0.056000 2.220000 0.498000
v 1.764000 0.250000 0.498000
v 1.812000 0.294000 0.498000
v 0.516000 1.398000 0.498000
v 0.016000 0.962000 0.498000
v 0.996000 1.654000 0.498000
v 2.474000 2.400000 0.497250
v 0.820000 1.448000 0.498000
v 0.882000 1.468000 0.498000
v 0.136000 1.260000 0.498000
v 1.854000 0.236000 0.498000
v 1.888000 0.280000 0.498000
v 1.946000 0.232000 0.498000
v 0.946000 0.234000 0.498000
v 0.872000 0.232000 0.498000
v 0.188000 0.248000 0.498000
v 0.206000 0.312000 0.498000
v 0.130000 0.268000 0.498000
v 0.246000 1.680000 0.498000
v 0.632000 0.100000 0.498000
v 2.262000 0.690000 0.498000
v 1.940000 0.088000 0.498000
v 1.882000 0.122000 0.498000
v 2.188000 0.914000 0.498000
v 0.336000 0.552000 0.498000
v 0.286000 0.490000 0.498000
v 0.854000 0.464000 0.498000
v 0.930000 0.468000 0.498000
v 0.554000 1.778000 0.498000
v 0.512000 1.732000 0.498000
v 0.992000 0.092000 0.498000
v 0.958000 0.020000 0.498000
v 1.012000 0.024000 0.498000
v 0.806000 0.076000 0.498000
v 2.474000 2.264000 0.498000
v 2.470000 2.070000 0.498000
v 0.152000 0.336000 0.498000
v 0.332000 0.948000 0.498000
v 0.338000 1.002000 0.498000
v 0.404000 0.214000 0.498000
v 1.294000 0.014000 0.498000
v 0.356000 0.860000 0.498000
v 0.378000 0.912000 0.498000
v 0.924000 0.760000 0.498000
v 0.938000 0.820000 0.498000
v 0.874000 0.776000 0.498000
v 0.690000 1.726000 0.498000
v 0.514000 2.264000 0.498000
v 1.624000 0.000000 0.498000
v 0.704000 1.988000 0.498000
v 0.796000 2.000000 0.498000
v 1.590000 2.036000 0.498000
v 1.538000 2.062000 0.498000
v 0.556000 0.124000 0.498000
v 0.592000 0.058000 0.498000
v 1.582000 2.360000 0.498000
v 1.556000 2.294000 0.498000
v 2.278000 1.580000 0.498000
v 1.756000 0.002000 0.498000
v 2.296000 1.194000 0.498000
v 2.230000 1.224000 0.498000
v 0.744000 1.944000 0.498000
v 1.104000 2.376000 0.498000
v 1.162000 2.410000 0.498000
v 2.206000 1.780000 0.498000
v 2.202000 1.874000 0.498000
v 2.138000 1.848000 0.498000
v 2.214000 0.014000 0.498000
v 0.302000 1.836000 0.498000
v 0.376000 1.844000 0.498000
v 0.324000 1.898000 0.498000
v 1.966000 1.090000 0.498000
v 1.916000 1.030000 0.498000
v 0.398000 1.028000 0.498000
v 0.332000 1.058000 0.498000
v 2.458000 2.332000 0.498000
v 0.636000 0.676000 0.498000
v 1.756000 0.060000 0.498000
v 1.816000 0.046000 0.498000
v 1.816000 0.098000 0.498000
v 2.454000 0.434000 0.498000
v 2.432000 0.368000 0.498000
v 2.286000 0.136000 0.498000
v 1.590000 1.690000 0.498000
v 1.526000 1.714000 0.498000
v 1.546000 1.638000 0.498000
v 1.202000 1.614000 0.498000
v 1.138000 1.576000 0.498000
v 1.212000 1.556000 0.498000
v 0.442000 1.326000 0.498000
v 0.452000 1.386000 0.498000
v 0.390000 1.332000 0.498000
v 1.438000 0.264000 0.498000
v 1.506000 0.242000 0.498000
v 1.534000 0.956000 0.498000
v 1.526000 0.888000 0.498000
v 1.600000 0.926000 0.498000
v 0.206000 0.924000 0.498000
v 0.296000 2.010000 0.498000
v 0.622000 0.308000 0.498000
v 1.468000 1.670000 0.498000
v 2.056000 0.016000 0.498000
v 2.002000 0.000000 0.498000
v 1.388000 2.240000 0.498000
v 1.488000 2.290000 0.498000
v 1.372000 1.884000 0.498000
v 1.334000 1.936000 0.498000
v 1.408000 1.796000 0.498000
v 0.000000 1.478000 0.498000
v 0.326000 2.066000 0.498000
v 0.236000 2.080000 0.498000
v 0.178000 2.122000 0.498000
v 1.170000 1.456000 0.498000
v 1.164000 1.522000 0.498000
v 0.278000 2.120000 0.498000
v 0.342000 2.142000 0.498000
v 2.082000 1.104000 0.498000
v 0.004000 1.084000 0.498000
v 2.220000 0.266000 0.498000
v 2.290000 0.266000 0.498000
v 1.086000 2.116000 0.498000
v 0.298000 0.618000 0.498000
v 0.888000 1.962000 0.498000
v 2.018000 1.120000 0.498000
v 1.348000 1.570000 0.498000
v 0.400000 1.628000 0.498000
v 0.334000 1.566000 0.498000
v 0.216000 0.470000 0.498000
v 0.258000 0.550000 0.498000
v 2.286000 0.562000 0.498000
v 1.374000 2.416000 0.498000
v 1.238000 1.932000 0.498000
v 1.936000 1.306000 0.498000
v 2.262000 1.284000 0.498000
v 2.322000 1.326000 0.498000
v 2.256000 0.196000 0.498000
v 2.470000 0.114000 0.498000
v 2.450000 0.242000 0.498000
v 2.454000 1.712000 0.498000
v 0.880000 1.378000 0.498000
v 0.952000 1.378000 0.498000
v 1.376000 0.820000 0.498000
v 1.302000 0.852000 0.498000
v 0.628000 0.234000 0.498000
v 1.302000 1.016000 0.498000
v 1.658000 2.460000 0.498000
v 1.046000 0.148000 0.498000
v 1.142000 0.006000 0.498000
v 1.940000 0.566000 0.498000
v 1.618000 1.414000 0.498000
v 1.542000 1.340000 0.498000
v 0.938000 0.542000 0.498000
v 0.364000 1.270000 0.498000
v 1.744000 0.114000 0.498000
v 0.644000 2.018000 0.498000
v 0.226000 1.832000 0.498000
v 2.456000 2.244000 0.498000
v 2.424000 2.278000 0.498000
v 0.916000 2.462000 0.498000
v 1.772000 0.722000 0.498000
v 1.914000 1.452000 0.498000
v 0.902000 0.018000 0.498000
v 1.516000 2.348000 0.498000
v 1.480000 2.398000 0.498000
v 1.458000 2.336000 0.498000
v 1.704000 1.858000 0.498000
v 1.668000 1.940000 0.498000
v 0.702000 2.188000 0.498000
v 0.350000 2.224000 0.498000
v 1.310000 1.990000 0.498000
v 1.604000 0.870000 0.498000
v 1.184000 0.048000 0.498000
v 1.828000 2.266000 0.498000
v 0.017250 0.352000 0.498000
v 2.462000 2.122000 0.498000
v 2.462000 2.182000 0.498000
v 0.754000 0.384000 0.498000
v 0.786000 0.458000 0.498000
v 0.226000 0.372000 0.498000
v 0.164000 0.404000 0.498000
v 0.852000 1.066000 0.498000
v 0.838000 1.134000 0.498000
v 2.050000 1.610000 0.498000
v 0.660000 0.880000 0.498000
v 0.706000 0.808000 0.498000
v 1.946000 2.096000 0.498000
v 1.850000 2.080000 0.498000
v 1.922000 2.022000 0.498000
v 1.306000 0.768000 0.498000
v 0.394000 2.082000 0.498000
v 1.748000 1.566000 0.498000
v 1.602000 1.750000 0.498000
v 2.456000 0.150000 0.498000
v 0.616000 1.230000 0.498000
v 2.130000 2.252000 0.498000
v 2.166000 2.312000 0.498000
v 2.136000 0.154000 0.498000
v 2.082000 0.092000 0.498000
v 0.414000 0.518000 0.498000
v 0.482000 0.508000 0.498000
v 1.340000 1.724000 0.498000
v 2.458000 1.186000 0.498000
v 1.688000 0.260000 0.498000
v 1.748000 1.734000 0.498000
v 1.696000 1.690000 0.498000
v 1.622000 1.272000 0.498000
v 1.460000 0.980000 0.498000
v 1.460000 0.924000 0.498000
v 0.700000 0.198000 0.498000
v 1.004000 1.202000 0.498000
v 0.902000 0.406000 0.498000
v 0.826000 0.384000 0.498000
v 1.568000 0.582000 0.498000
v 1.534000 0.632000 0.498000
v 1.784000 2.474000 0.498000
v 0.510000 0.662000 0.498000
v 0.446000 0.718000 0.498000
v 0.066000 1.280000 0.498000
v 0.346000 1.482000 0.498000
v 1.464000 1.274000 0.498000
v 1.308000 1.158000 0.498000
v 1.164000 1.316000 0.498000
v 1.084000 0.748000 0.498000
v 1.028000 2.402000 0.498000
v 0.500000 1.322000 0.498000
v 2.050000 0.380000 0.498000
v 0.626000 2.236000 0.498000
v 0.014000 2.192000 0.498000
v 1.722000 2.466000 0.498000
v 0.766000 0.610000 0.498000
v 0.736000 0.532000 0.498000
v 0.664000 0.520000 0.498000
v 1.836000 2.176000 0.498000
v 2.216000 0.564000 0.498000
v 1.686000 0.470000 0.498000
v 1.014000 1.052000 0.498000
v 1.804000 0.172000 0.498000
v 1.888000 0.186000 0.498000
v 0.988000 0.744000 0.498000
v 1.906000 1.866000 0.498000
v 1.882000 1.720000 0.498000
v 1.466000 1.406000 0.498000
v 1.158000 1.178000 0.498000
v 2.132000 2.454000 0.498000
v 0.618000 0.962000 0.498000
v 0.844000 1.204000 0.498000
v 2.068000 1.908000 0.498000
v 1.784000 1.290000 0.498000
v 0.220000 1.552000 0.498000
v 0.274000 1.554000 0.498000
v 0.258000 1.604000 0.498000
v 1.616000 2.220000 0.498000
v 0.382000 0.302000 0.498000
v 1.620000 1.126000 0.498000
v 2.398000 1.298000 0.498000
v 1.464000 1.128000 0.498000
v 0.272000 0.932000 0.498000
v 2.278000 2.178000 0.498000
v 2.300000 2.118000 0.498000
v 1.092000 0.838000 0.498000
v 1.030000 0.800000 0.498000
v 1.146000 0.572000 0.498000
v 1.010000 2.290000 0.498000
v 1.770000 0.876000 0.498000
v 2.030000 1.752000 0.498000
v 2.208000 0.736000 0.498000
v 2.212000 0.636000 0.498000
v 2.322000 0.008000 0.498000
v 2.266000 0.016000 0.498000
v 0.064000 0.496000 0.498000
v 0.006000 0.560000 0.498000
v 1.774000 1.020000 0.498000
v 0.014000 1.984000 0.498000
v 0.040000 1.944000 0.498000
v 1.062000 1.918000 0.498000
v 2.218000 0.988000 0.498000
v 1.616000 0.982000 0.498000
v 0.588000 1.306000 0.498000
v 1.010000 1.348000 0.498000
v 0.066000 1.148000 0.498000
v 0.076000 1.062000 0.498000
v 0.682000 2.396000 0.498000
v 0.634000 2.424000 0.498000
v 0.860000 0.056000 0.498000
v 1.060000 0.432000 0.498000
v 1.512000 0.694000 0.498000
v 1.172000 0.724000 0.498000
v 0.134000 0.024000 0.498000
v 0.568000 0.600000 0.498000
v 1.928000 0.728000 0.498000
v 1.770000 1.434000 0.498000
v 1.770000 1.154000 0.498000
v 0.324000 1.954000 0.498000
v 0.378000 1.916000 0.498000
v 0.276000 2.466000 0.498000
v 0.266000 1.902000 0.498000
v 1.484000 0.310000 0.498000
v 1.646000 0.396000 0.498000
v 1.588000 0.364000 0.498000
v 0.018000 0.856000 0.498000
v 1.320000 1.420000 0.498000
v 0.880000 0.922000 0.498000
v 1.712000 0.178000 0.498000
v 1.526000 1.578000 0.498000
v 0.000000 2.410000 0.498000
v 0.576000 0.886000 0.498000
v 0.630000 0.808000 0.498000
v 1.208000 0.392000 0.498000
v 1.310000 1.290000 0.498000
v 2.088000 0.540000 0.498000
v 0.472000 0.018000 0.498000
v 2.086000 1.986000 0.498000
v 2.102000 2.058000 0.498000
v 0.278000 1.500000 0.498000
v 1.922000 1.164000 0.498000
v 1.896000 1.588000 0.498000
v 1.158000 1.042000 0.498000
v 0.494000 2.456000 0.498000
v 1.622000 0.520000 0.498000
v 1.646000 0.590000 0.498000
v 2.076000 2.180000 0.498000
v 2.032000 2.106000 0.498000
v 2.358000 1.874000 0.498000
v 2.224000 1.490000 0.498000
v 1.508000 0.752000 0.498000
v 2.058000 1.352000 0.498000
v 0.866000 1.570000 0.498000
v 1.954000 1.732000 0.498000
v 0.874000 0.852000 0.498000
v 1.414000 2.372000 0.498000
v 1.222000 0.304000 0.498000
v 1.210000 2.300000 0.498000
v 0.578000 2.276000 0.498000
v 1.128000 2.474000 0.498000
v 1.088000 2.452000 0.498000
v 1.480000 2.046000 0.498000
v 1.566000 0.748000 0.498000
v 1.428000 2.452000 0.498000
v 1.592000 1.576000 0.498000
v 0.016000 1.676000 0.498000
v 2.260000 1.978000 0.498000
v 2.012000 0.116000 0.498000
v 2.000000 0.176000 0.498000
v 1.950000 0.148000 0.498000
v 2.166000 1.212000 0.498000
v 0.084000 2.162000 0.498000
v 0.022000 2.118000 0.498000
v 0.488000 0.410000 0.498000
v 2.458000 1.294000 0.498000
v 0.098000 1.462000 0.498000
v 0.798000 1.742000 0.498000
v 0.026000 1.104000 0.498000
v 0.494000 0.124000 0.498000
v 2.276000 1.788000 0.498000
v 1.764000 1.802000 0.498000
v 0.244000 2.290000 0.498000
v 1.666000 0.648000 0.498000
v 1.590000 0.666000 0.498000
v 0.282000 2.230000 0.498000
v 2.136000 1.272000 0.498000
v 1.456000 1.746000 0.498000
v 2.344000 0.548000 0.498000
v 0.962000 1.840000 0.498000
v 0.950000 1.782000 0.498000
v 0.546000 1.938000 0.498000
v 2.080000 1.294000 0.498000
v 0.210000 0.012000 0.498000
v 2.328000 1.756000 0.498000
v 0.686000 1.642000 0.498000
v 0.634000 0.160000 0.498000
v 1.246000 0.710000 0.498000
v 1.922000 0.000000 0.498000
v 2.411250 0.476000 0.498000
v 0.940000 1.590000 0.498000
v 2.220000 2.230000 0.498000
v 0.262000 2.362000 0.498000
v 1.498000 0.362000 0.498000
v 0.208000 0.192000 0.498000
v 1.000000 2.458000 0.498000
v 1.026000 2.466000 0.498000
v 2.453250 2.072000 0.498000
v 0.190000 1.614000 0.498000
v 2.456000 2.392000 0.498000
v 0.690000 2.336000 0.498000
v 1.102000 0.204000 0.498000
v 0.126000 2.400000 0.498000
v 2.246000 0.810000 0.498000
v 2.184000 0.818000 0.498000
v 0.000000 1.934000 0.498000
v 0.570000 0.182000 0.498000
v 2.400000 0.014000 0.498000
v 2.438000 0.068000 0.498000
v 0.690000 0.936000 0.498000
v 0.058000 2.468000 0.498000
v 0.190000 2.348000 0.498000
v 0.562000 2.472000 0.498000
v 0.520000 0.060000 0.498000
v 2.386000 0.948000 0.498000
v 2.452000 1.056000 0.498000
v 2.464000 0.294000 0.498000
v 2.386000 0.000000 0.498000
v 1.235250 2.200000 0.012000
v 0.743250 2.262000 0.012000
v 1.235250 2.374000 0.012000
v 1.729250 2.262000 0.012000
v 2.373250 1.236000 0.012000
v 2.199250 1.236000 0.012000
v 2.261250 1.730000 0.012000
v 2.261250 0.744000 0.012000
v 1.947250 0.348000 0.012000
v 1.591250 0.616000 0.012000
v 1.855250 0.882000 0.012000
v 2.125250 0.526000 0.012000
v 0.743250 0.210000 0.012000
v 0.525250 0.348000 0.012000
v 0.347250 0.526000 0.012000
v 0.098000 0.098000 0.012000
v 0.209250 0.744000 0.012000
v 0.615250 0.882000 0.012000
v 0.881250 0.616000 0.012000
v 0.271250 1.236000 0.012000
v 0.849250 1.096000 0.012000
v 1.095250 0.850000 0.012000
v 1.236000 1.236000 0.004000
v 1.235250 1.236000 0.012000
v 1.236000 1.236000 0.018000
v 1.378000 0.850000 0.012000
v 1.624000 1.096000 0.012000
v 1.624000 1.378000 0.012000
v 1.378000 1.624000 0.012000
v 1.096000 1.624000 0.012000
v 0.850000 1.378000 0.012000
v 0.615250 1.592000 0.012000
v 0.098000 1.235250 0.012000
v 0.209250 1.730000 0.012000
v 0.525250 2.126000 0.012000
v 0.881250 1.856000 0.012000
v 0.347250 1.948000 0.012000
v 0.098000 2.374000 0.012000
v 1.947250 2.126000 0.012000
v 2.125250 1.948000 0.012000
v 1.855250 1.592000 0.012000
v 1.591250 1.856000 0.012000
v 2.374000 2.374000 0.012000
v 1.235250 0.272000 0.012000
v 1.235250 0.098000 0.012000
v 1.729250 0.210000 0.012000
v 2.374000 0.098000 0.012000
usemtl Steel_-_Satin
f 1 2 3
f 3 2 4
f 3 4 5
f 5 4 6
f 5 6 7
f 7 6 8
f 7 8 9
f 9 8 10
f 9 10 11
f 12 2487 10
f 12 13 11
f 11 13 14
f 11 14 15
f 15 14 16
f 17 2485 14
f 17 14 13
f 16 17 18
f 18 17 19
f 18 19 20
f 20 16 18
f 20 19 21
f 21 19 22
f 21 22 23
f 23 22 24
f 23 24 25
f 25 24 26
f 25 26 2
f 2486 1 27
f 2 27 25
f 27 28 25
f 25 28 23
f 28 29 23
f 23 29 21
f 29 20 21
f 20 29 16
f 16 29 28
f 16 28 15
f 15 28 7
f 15 7 9
f 7 28 5
f 5 28 27
f 5 27 3
f 3 27 1
f 9 11 15
f 2487 12 30
f 30 12 31
f 30 31 32
f 32 31 33
f 32 33 34
f 34 33 35
f 34 35 36
f 36 35 37
f 36 37 38
f 38 37 39
f 2488 39 40
f 38 40 41
f 38 41 42
f 42 41 43
f 43 41 44
f 43 44 45
f 45 44 46
f 45 46 47
f 47 46 48
f 48 46 49
f 49 46 44
f 49 44 50
f 50 44 41
f 50 41 40
f 47 48 51
f 51 48 17
f 51 17 16
f 16 47 51
f 2485 17 52
f 52 17 53
f 52 53 12
f 11 54 12
f 12 54 52
f 54 16 52
f 54 43 16
f 16 43 45
f 16 45 47
f 11 30 54
f 54 30 32
f 54 32 43
f 43 32 34
f 43 34 42
f 42 34 36
f 42 36 38
f 55 56 57
f 57 56 58
f 57 58 59
f 59 58 60
f 59 60 61
f 61 60 62
f 61 62 63
f 63 62 64
f 63 64 65
f 66 2489 64
f 66 67 65
f 65 67 68
f 65 68 69
f 69 68 70
f 71 2490 68
f 71 68 67
f 70 71 72
f 72 71 73
f 72 73 74
f 74 70 72
f 74 73 75
f 75 73 76
f 75 76 77
f 77 76 78
f 77 78 79
f 79 78 80
f 79 80 56
f 2491 55 81
f 56 81 79
f 81 82 79
f 79 82 77
f 82 83 77
f 77 83 75
f 83 74 75
f 74 83 70
f 70 83 82
f 70 82 69
f 69 82 61
f 69 61 63
f 61 82 59
f 59 82 81
f 59 81 57
f 57 81 55
f 63 65 69
f 2489 66 84
f 84 66 85
f 84 85 86
f 86 85 87
f 86 87 88
f 88 87 89
f 88 89 90
f 90 89 91
f 90 91 92
f 92 91 93
f 2492 93 94
f 92 94 95
f 92 95 96
f 96 95 97
f 97 95 98
f 97 98 99
f 99 98 100
f 99 100 101
f 101 100 102
f 102 100 103
f 103 100 98
f 103 98 104
f 104 98 95
f 104 95 94
f 101 102 105
f 105 102 71
f 105 71 70
f 70 101 105
f 2490 71 106
f 106 71 107
f 106 107 66
f 65 108 66
f 66 108 106
f 108 70 106
f 108 97 70
f 70 97 99
f 70 99 101
f 65 84 108
f 108 84 86
f 108 86 97
f 97 86 88
f 97 88 96
f 96 88 90
f 96 90 92
f 109 110 111
f 111 110 112
f 111 112 113
f 113 112 114
f 113 114 115
f 115 114 116
f 2493 116 117
f 115 117 118
f 115 118 119
f 119 118 120
f 120 118 121
f 120 121 122
f 122 121 123
f 122 123 124
f 124 123 125
f 125 123 126
f 126 123 121
f 126 121 127
f 127 121 118
f 127 118 117
f 2494 125 128
f 128 125 129
f 128 129 130
f 130 129 131
f 130 131 132
f 132 131 133
f 132 133 134
f 134 2495 132
f 132 135 136
f 132 136 137
f 132 137 130
f 130 137 138
f 130 138 128
f 128 138 124
f 135 134 139
f 139 134 140
f 139 140 141
f 141 140 142
f 141 142 143
f 143 142 144
f 143 144 110
f 2496 109 145
f 110 145 143
f 145 146 143
f 143 146 141
f 146 147 141
f 141 147 139
f 147 135 139
f 135 147 136
f 136 147 146
f 136 146 137
f 137 146 120
f 137 120 138
f 138 120 122
f 138 122 124
f 146 145 120
f 120 145 119
f 119 145 111
f 119 111 113
f 145 109 111
f 113 115 119
f 148 149 150
f 150 149 151
f 150 151 152
f 152 151 153
f 152 153 154
f 154 153 155
f 2497 155 156
f 156 155 157
f 156 157 158
f 158 157 159
f 158 159 160
f 160 159 161
f 160 161 162
f 163 164 162
f 162 164 160
f 164 165 160
f 160 165 158
f 165 166 158
f 158 166 156
f 166 154 156
f 2500 162 167
f 163 167 168
f 163 168 169
f 169 168 170
f 170 168 171
f 170 171 172
f 172 171 173
f 172 173 148
f 2498 148 173
f 149 173 174
f 174 173 171
f 174 171 175
f 175 171 168
f 175 168 167
f 163 169 164
f 164 169 165
f 165 169 170
f 165 170 166
f 166 170 172
f 166 172 152
f 152 172 150
f 150 172 148
f 152 154 166
f 176 177 178
f 178 177 179
f 178 179 180
f 180 179 181
f 180 181 182
f 182 181 183
f 2499 183 184
f 184 183 185
f 184 185 186
f 186 185 187
f 186 187 188
f 188 187 189
f 188 189 162
f 162 2500 190
f 162 190 188
f 190 191 188
f 188 191 186
f 191 192 186
f 186 192 184
f 192 182 184
f 162 193 163
f 163 193 194
f 163 194 195
f 195 194 196
f 196 194 197
f 196 197 198
f 198 197 199
f 198 199 176
f 2501 176 199
f 177 199 200
f 200 199 197
f 200 197 201
f 201 197 194
f 201 194 193
f 163 195 190
f 190 195 196
f 190 196 191
f 191 196 198
f 191 198 192
f 192 198 178
f 192 178 180
f 198 176 178
f 180 182 192
f 183 202 182
f 182 202 203
f 182 203 204
f 204 203 205
f 205 203 206
f 205 206 207
f 207 206 208
f 207 208 209
f 209 208 210
f 210 208 211
f 211 208 206
f 211 206 212
f 212 206 203
f 212 203 202
f 2502 210 213
f 213 210 214
f 213 214 215
f 215 214 216
f 215 216 217
f 217 216 218
f 217 218 219
f 219 2503 217
f 217 220 221
f 217 221 222
f 217 222 215
f 215 222 223
f 215 223 213
f 213 223 209
f 220 219 224
f 224 219 225
f 224 225 226
f 226 225 227
f 226 227 228
f 228 227 229
f 228 229 149
f 148 230 149
f 149 230 228
f 230 231 228
f 228 231 226
f 231 232 226
f 226 232 224
f 232 220 224
f 148 2498 233
f 233 149 234
f 233 234 235
f 235 234 236
f 235 236 182
f 183 2499 236
f 148 233 230
f 230 233 235
f 230 235 204
f 204 235 182
f 230 204 231
f 231 204 205
f 231 205 222
f 222 205 223
f 223 205 207
f 223 207 209
f 222 221 231
f 231 221 232
f 232 221 220
f 237 238 239
f 239 238 240
f 239 240 241
f 241 240 242
f 243 2504 240
f 243 240 238
f 242 243 244
f 244 243 245
f 244 245 246
f 246 242 244
f 246 245 247
f 247 245 248
f 247 248 249
f 249 248 250
f 249 250 251
f 251 250 252
f 251 252 177
f 176 253 177
f 177 253 251
f 253 254 251
f 251 254 249
f 254 255 249
f 249 255 247
f 255 246 247
f 176 2501 256
f 256 177 257
f 256 257 258
f 258 257 259
f 258 259 260
f 260 259 261
f 260 261 262
f 262 261 263
f 262 263 239
f 2517 239 263
f 176 256 253
f 253 256 258
f 253 258 254
f 254 258 260
f 254 260 241
f 241 260 262
f 241 262 239
f 241 242 254
f 254 242 255
f 255 242 246
f 209 210 264
f 264 210 265
f 264 265 266
f 266 265 267
f 266 267 268
f 268 267 269
f 268 269 270
f 271 272 270
f 270 272 268
f 272 273 268
f 268 273 266
f 273 274 266
f 266 274 264
f 274 209 264
f 270 275 271
f 271 275 276
f 271 276 277
f 277 276 278
f 278 276 279
f 278 279 280
f 280 279 281
f 280 281 282
f 282 281 283
f 282 283 284
f 284 283 285
f 284 285 286
f 286 285 287
f 286 287 288
f 288 287 289
f 288 289 290
f 291 2505 289
f 291 289 292
f 292 289 287
f 292 287 293
f 293 287 285
f 293 285 294
f 294 285 283
f 294 283 295
f 295 283 281
f 295 281 296
f 296 281 279
f 296 279 297
f 297 279 276
f 297 276 275
f 2505 291 298
f 298 291 299
f 298 299 300
f 300 299 301
f 300 301 302
f 302 301 303
f 302 303 210
f 210 2502 304
f 210 304 302
f 304 305 302
f 302 305 300
f 305 306 300
f 300 306 298
f 306 290 298
f 290 306 288
f 288 306 286
f 286 306 305
f 286 305 284
f 284 305 273
f 284 273 282
f 282 273 280
f 280 273 272
f 280 272 278
f 278 272 277
f 277 272 271
f 273 305 274
f 274 305 304
f 274 304 209
f 309 2506 308
f 309 308 310
f 309 310 311
f 311 310 312
f 312 310 313
f 313 310 314
f 313 314 315
f 315 314 316
f 315 316 317
f 317 316 318
f 317 318 319
f 319 318 320
f 319 320 321
f 321 320 322
f 321 322 323
f 308 324 310
f 310 324 325
f 310 325 314
f 314 325 326
f 314 326 316
f 316 326 327
f 316 327 318
f 318 327 328
f 318 328 320
f 320 328 329
f 320 329 322
f 322 330 323
f 323 330 331
f 323 331 332
f 332 331 333
f 333 331 334
f 333 334 335
f 335 334 336
f 335 336 220
f 220 336 219
f 219 336 337
f 337 336 334
f 337 334 338
f 338 334 331
f 338 331 330
f 2503 219 339
f 220 339 340
f 220 340 341
f 341 340 342
f 342 340 343
f 342 343 344
f 344 343 345
f 344 345 309
f 2506 309 345
f 307 345 346
f 346 345 343
f 346 343 347
f 347 343 340
f 347 340 339
f 220 341 335
f 335 341 342
f 335 342 333
f 333 342 313
f 333 313 315
f 313 342 312
f 312 342 344
f 312 344 311
f 311 344 309
f 315 317 333
f 333 317 332
f 332 317 319
f 332 319 321
f 321 323 332
f 291 348 290
f 290 348 349
f 290 349 350
f 350 349 351
f 351 349 352
f 351 352 353
f 353 352 354
f 353 354 355
f 355 354 356
f 355 356 357
f 357 356 358
f 357 358 359
f 359 358 360
f 359 360 361
f 361 360 362
f 361 362 363
f 364 2509 362
f 364 362 365
f 365 362 360
f 365 360 366
f 366 360 358
f 366 358 367
f 367 358 356
f 367 356 368
f 368 356 354
f 368 354 369
f 369 354 352
f 369 352 370
f 370 352 349
f 370 349 348
f 2508 364 371
f 371 364 372
f 371 372 373
f 373 372 374
f 373 374 375
f 375 374 376
f 375 376 377
f 377 376 378
f 377 378 379
f 379 378 380
f 379 380 381
f 381 380 382
f 381 382 383
f 383 382 384
f 383 384 307
f 309 385 307
f 307 385 383
f 385 386 383
f 383 386 381
f 386 387 381
f 381 387 379
f 387 388 379
f 379 388 377
f 388 389 377
f 377 389 375
f 389 390 375
f 375 390 373
f 390 391 373
f 373 391 371
f 391 363 371
f 307 392 309
f 309 392 393
f 393 392 394
f 393 394 395
f 395 394 396
f 396 394 397
f 396 397 398
f 398 397 399
f 398 399 400
f 400 399 401
f 400 401 402
f 402 401 403
f 402 403 404
f 404 403 291
f 404 291 290
f 392 405 394
f 394 405 406
f 394 406 397
f 397 406 407
f 397 407 399
f 399 407 408
f 399 408 401
f 401 408 409
f 401 409 403
f 403 409 410
f 403 410 291
f 309 393 385
f 385 393 395
f 385 395 386
f 386 395 396
f 386 396 387
f 387 396 398
f 387 398 388
f 388 398 355
f 388 355 389
f 389 355 357
f 389 357 390
f 390 357 359
f 390 359 391
f 391 359 361
f 391 361 363
f 355 398 353
f 353 398 400
f 353 400 351
f 351 400 402
f 351 402 350
f 350 402 404
f 350 404 290
f 413 2510 412
f 413 412 414
f 413 414 415
f 415 414 416
f 416 414 417
f 416 417 418
f 418 417 419
f 418 419 420
f 420 419 421
f 420 421 422
f 422 421 423
f 422 423 424
f 424 423 425
f 424 425 426
f 426 425 427
f 426 427 363
f 364 2508 427
f 364 427 428
f 428 427 425
f 428 425 429
f 429 425 423
f 429 423 430
f 430 423 421
f 430 421 431
f 431 421 419
f 431 419 432
f 432 419 417
f 432 417 433
f 433 417 414
f 433 414 412
f 2509 364 434
f 434 364 435
f 434 435 436
f 436 435 437
f 436 437 438
f 438 437 439
f 438 439 440
f 440 439 441
f 440 441 442
f 442 441 443
f 442 443 444
f 444 443 445
f 444 445 446
f 446 445 447
f 446 447 448
f 448 2511 450
f 448 450 446
f 450 451 446
f 446 451 444
f 451 452 444
f 444 452 442
f 452 453 442
f 442 453 440
f 453 454 440
f 440 454 438
f 454 455 438
f 438 455 436
f 455 456 436
f 436 456 434
f 456 363 434
f 2511 448 457
f 449 457 458
f 458 457 459
f 458 459 460
f 460 459 461
f 461 459 462
f 461 462 463
f 463 462 464
f 463 464 465
f 465 464 466
f 465 466 467
f 467 466 468
f 467 468 469
f 469 468 411
f 2510 413 469
f 457 470 459
f 459 470 471
f 459 471 462
f 462 471 472
f 462 472 464
f 464 472 473
f 464 473 466
f 466 473 474
f 466 474 468
f 468 474 475
f 468 475 411
f 449 458 450
f 450 458 460
f 450 460 451
f 451 460 461
f 451 461 452
f 452 461 463
f 452 463 453
f 453 463 420
f 453 420 422
f 420 463 418
f 418 463 465
f 418 465 416
f 416 465 467
f 416 467 415
f 415 467 469
f 415 469 413
f 453 422 454
f 454 422 424
f 454 424 455
f 455 424 426
f 455 426 456
f 456 426 363
f 478 2513 477
f 478 477 479
f 479 477 480
f 479 480 481
f 481 480 482
f 482 480 483
f 482 483 484
f 484 483 485
f 484 485 486
f 486 485 487
f 486 487 488
f 488 487 489
f 488 489 490
f 490 489 491
f 491 2512 490
f 477 493 480
f 480 493 494
f 480 494 483
f 483 494 495
f 483 495 485
f 485 495 496
f 485 496 487
f 487 496 497
f 487 497 489
f 489 497 498
f 489 498 491
f 2512 491 499
f 492 499 500
f 492 500 501
f 501 500 502
f 502 500 503
f 502 503 504
f 504 503 505
f 504 505 506
f 506 505 507
f 506 507 508
f 508 507 509
f 508 509 510
f 510 509 511
f 510 511 512
f 512 511 513
f 512 513 363
f 364 2507 513
f 364 513 514
f 514 513 511
f 514 511 515
f 515 511 509
f 515 509 516
f 516 509 507
f 516 507 517
f 517 507 505
f 517 505 518
f 518 505 503
f 518 503 519
f 519 503 500
f 519 500 499
f 2507 364 520
f 520 364 521
f 520 521 522
f 522 521 523
f 522 523 524
f 524 523 525
f 524 525 526
f 526 525 527
f 526 527 528
f 528 527 529
f 528 529 530
f 530 529 531
f 530 531 532
f 532 531 533
f 532 533 476
f 2513 478 534
f 476 534 532
f 534 535 532
f 532 535 530
f 535 536 530
f 530 536 528
f 536 537 528
f 528 537 526
f 537 538 526
f 526 538 524
f 538 539 524
f 524 539 522
f 539 540 522
f 522 540 520
f 540 363 520
f 363 540 512
f 512 540 510
f 510 540 539
f 510 539 508
f 508 539 538
f 508 538 506
f 506 538 537
f 506 537 484
f 484 537 536
f 484 536 482
f 482 536 535
f 482 535 481
f 481 535 534
f 481 534 479
f 479 534 478
f 506 484 504
f 504 484 486
f 504 486 502
f 502 486 488
f 502 488 501
f 501 488 490
f 501 490 492
f 543 2515 542
f 543 542 544
f 544 542 545
f 544 545 546
f 546 545 547
f 547 545 548
f 547 548 549
f 549 548 550
f 549 550 551
f 551 550 552
f 551 552 553
f 553 552 554
f 553 554 555
f 555 554 556
f 556 2514 555
f 542 558 545
f 545 558 559
f 545 559 548
f 548 559 560
f 548 560 550
f 550 560 561
f 550 561 552
f 552 561 562
f 552 562 554
f 554 562 563
f 554 563 556
f 2514 556 564
f 557 564 565
f 557 565 566
f 566 565 567
f 567 565 568
f 567 568 569
f 569 568 570
f 569 570 571
f 571 570 572
f 571 572 573
f 573 572 574
f 573 574 575
f 575 574 576
f 575 576 577
f 577 576 578
f 577 578 363
f 363 578 364
f 364 578 579
f 579 578 576
f 579 576 580
f 580 576 574
f 580 574 581
f 581 574 572
f 581 572 582
f 582 572 570
f 582 570 583
f 583 570 568
f 583 568 584
f 584 568 565
f 584 565 564
f 363 364 585
f 585 364 586
f 585 586 587
f 587 586 588
f 587 588 589
f 589 588 590
f 589 590 591
f 591 590 592
f 591 592 593
f 593 592 594
f 593 594 595
f 595 594 596
f 595 596 597
f 597 596 598
f 597 598 541
f 2515 543 599
f 541 599 597
f 599 600 597
f 597 600 595
f 600 601 595
f 595 601 593
f 601 602 593
f 593 602 591
f 602 603 591
f 591 603 589
f 603 604 589
f 589 604 587
f 604 605 587
f 587 605 585
f 605 363 585
f 363 605 577
f 577 605 604
f 577 604 575
f 575 604 603
f 575 603 573
f 573 603 602
f 573 602 571
f 571 602 549
f 571 549 569
f 569 549 551
f 569 551 567
f 567 551 553
f 567 553 566
f 566 553 555
f 566 555 557
f 602 601 549
f 549 601 547
f 547 601 600
f 547 600 546
f 546 600 599
f 546 599 544
f 544 599 543
f 541 606 543
f 543 606 607
f 543 607 608
f 608 607 609
f 609 607 610
f 610 607 611
f 610 611 612
f 612 611 613
f 612 613 614
f 614 613 615
f 614 615 616
f 616 615 617
f 616 617 618
f 618 617 619
f 618 619 620
f 606 621 607
f 607 621 622
f 607 622 611
f 611 622 623
f 611 623 613
f 613 623 624
f 613 624 615
f 615 624 625
f 615 625 617
f 617 625 626
f 617 626 619
f 619 627 620
f 620 627 628
f 620 628 629
f 629 628 630
f 630 628 631
f 630 631 632
f 632 631 633
f 632 633 634
f 635 2516 633
f 635 633 636
f 636 633 631
f 636 631 637
f 637 631 628
f 637 628 627
f 635 638 634
f 634 638 639
f 634 639 640
f 640 639 641
f 641 639 642
f 641 642 643
f 643 642 644
f 643 644 543
f 543 644 541
f 541 644 645
f 645 644 642
f 645 642 646
f 646 642 639
f 646 639 638
f 634 640 632
f 632 640 641
f 632 641 630
f 630 641 610
f 630 610 612
f 610 641 609
f 609 641 643
f 609 643 608
f 608 643 543
f 612 614 630
f 630 614 629
f 629 614 616
f 629 616 618
f 618 620 629
f 239 2517 647
f 647 237 648
f 647 648 649
f 649 648 650
f 649 650 651
f 651 650 652
f 651 652 653
f 653 652 654
f 653 654 655
f 655 654 656
f 2518 656 657
f 655 657 658
f 655 658 659
f 659 658 660
f 660 658 661
f 660 661 662
f 662 661 663
f 662 663 664
f 664 663 665
f 665 663 666
f 666 663 661
f 666 661 667
f 667 661 658
f 667 658 657
f 664 665 668
f 668 665 243
f 668 243 242
f 242 664 668
f 2504 243 669
f 669 243 670
f 669 670 237
f 239 671 237
f 237 671 669
f 671 242 669
f 671 660 242
f 242 660 662
f 242 662 664
f 239 647 671
f 671 647 649
f 671 649 660
f 660 649 651
f 660 651 659
f 659 651 653
f 659 653 655
f 674 2519 673
f 674 673 675
f 674 675 676
f 676 675 677
f 677 675 678
f 677 678 679
f 679 678 680
f 679 680 681
f 681 680 682
f 682 680 683
f 683 680 678
f 683 678 684
f 684 678 675
f 684 675 673
f 2520 682 685
f 685 682 686
f 685 686 687
f 687 686 688
f 687 688 689
f 689 688 690
f 689 690 635
f 635 634 689
f 689 634 691
f 689 691 692
f 689 692 687
f 687 692 693
f 687 693 685
f 685 693 681
f 2516 635 694
f 694 635 695
f 694 695 696
f 696 695 697
f 696 697 698
f 698 697 699
f 698 699 700
f 700 2521 702
f 700 702 698
f 702 703 698
f 698 703 696
f 703 704 696
f 696 704 694
f 704 634 694
f 701 700 705
f 705 700 706
f 705 706 707
f 707 706 708
f 707 708 674
f 674 708 672
f 701 705 702
f 702 705 676
f 702 676 677
f 705 707 676
f 676 707 674
f 679 693 677
f 677 693 692
f 677 692 703
f 703 692 691
f 703 691 704
f 704 691 634
f 679 681 693
f 703 702 677
f 2521 700 709
f 709 700 710
f 709 710 711
f 711 710 712
f 711 712 655
f 656 2518 712
f 655 656 713
f 713 656 714
f 713 714 715
f 715 714 716
f 715 716 717
f 717 716 718
f 717 718 719
f 719 2522 721
f 719 721 717
f 721 722 717
f 717 722 715
f 722 723 715
f 715 723 713
f 723 655 713
f 719 724 720
f 720 724 725
f 720 725 726
f 726 725 727
f 727 725 728
f 727 728 729
f 729 728 730
f 729 730 701
f 701 730 700
f 700 730 731
f 731 730 728
f 731 728 732
f 732 728 725
f 732 725 724
f 720 726 721
f 721 726 722
f 722 726 727
f 722 727 723
f 723 727 729
f 723 729 711
f 711 729 709
f 709 729 701
f 711 655 723
f 2522 719 733
f 720 733 734
f 720 734 735
f 735 734 736
f 736 734 737
f 736 737 738
f 738 737 739
f 738 739 1
f 1 739 2
f 2 739 740
f 740 739 737
f 740 737 741
f 741 737 734
f 741 734 733
f 1 2486 742
f 742 2 743
f 742 743 744
f 744 743 745
f 744 745 674
f 2519 674 745
f 674 672 746
f 746 672 747
f 746 747 748
f 748 747 749
f 748 749 750
f 750 749 751
f 750 751 719
f 720 752 719
f 719 752 750
f 752 753 750
f 750 753 748
f 753 754 748
f 748 754 746
f 754 674 746
f 674 754 744
f 744 754 742
f 742 754 738
f 742 738 1
f 754 753 738
f 738 753 736
f 736 753 752
f 736 752 735
f 735 752 720
f 681 682 755
f 755 682 756
f 755 756 757
f 757 756 758
f 757 758 759
f 759 758 760
f 759 760 761
f 762 763 761
f 761 763 759
f 763 764 759
f 759 764 757
f 764 765 757
f 757 765 755
f 765 681 755
f 761 766 762
f 762 766 767
f 762 767 768
f 768 767 769
f 769 767 770
f 769 770 771
f 771 770 772
f 771 772 773
f 773 772 774
f 773 774 775
f 775 774 776
f 775 776 777
f 777 776 778
f 777 778 779
f 779 778 780
f 779 780 557
f 557 780 556
f 556 780 781
f 781 780 778
f 781 778 782
f 782 778 776
f 782 776 783
f 783 776 774
f 783 774 784
f 784 774 772
f 784 772 785
f 785 772 770
f 785 770 786
f 786 770 767
f 786 767 766
f 557 556 787
f 787 556 788
f 787 788 789
f 789 788 790
f 789 790 791
f 791 790 792
f 791 792 682
f 682 2520 793
f 682 793 791
f 793 794 791
f 791 794 789
f 794 795 789
f 789 795 787
f 795 557 787
f 557 795 779
f 779 795 777
f 777 795 794
f 777 794 775
f 775 794 764
f 775 764 773
f 773 764 771
f 771 764 763
f 771 763 769
f 769 763 768
f 768 763 762
f 764 794 765
f 765 794 793
f 765 793 681
f 796 797 798
f 798 797 799
f 798 799 800
f 800 799 801
f 800 801 802
f 802 801 803
f 802 803 804
f 804 2523 806
f 804 806 802
f 806 807 802
f 802 807 800
f 807 808 800
f 800 808 798
f 808 796 798
f 805 804 809
f 809 804 810
f 809 810 811
f 811 810 812
f 811 812 813
f 813 812 814
f 2524 814 815
f 813 815 816
f 813 816 817
f 817 816 818
f 818 816 819
f 818 819 820
f 820 819 821
f 820 821 822
f 822 821 823
f 823 821 824
f 824 821 819
f 824 819 825
f 825 819 816
f 825 816 815
f 2525 823 826
f 826 823 827
f 826 827 828
f 828 827 829
f 828 829 830
f 830 829 831
f 830 831 797
f 2526 796 830
f 830 796 832
f 830 832 833
f 830 833 828
f 828 833 834
f 828 834 826
f 826 834 822
f 822 834 820
f 820 834 818
f 818 834 833
f 818 833 807
f 807 833 832
f 807 832 808
f 808 832 796
f 818 807 817
f 817 807 806
f 817 806 811
f 811 806 809
f 809 806 805
f 811 813 817
f 835 836 837
f 837 836 838
f 837 838 839
f 839 838 840
f 840 838 841
f 840 841 842
f 842 841 843
f 842 843 796
f 796 843 797
f 797 843 844
f 844 843 841
f 844 841 845
f 845 841 838
f 845 838 836
f 796 2526 846
f 796 846 847
f 796 847 848
f 848 847 849
f 849 847 850
f 849 850 851
f 851 850 852
f 851 852 478
f 478 852 476
f 476 852 853
f 853 852 850
f 853 850 854
f 854 850 847
f 854 847 846
f 476 855 478
f 478 855 856
f 478 856 857
f 857 856 858
f 858 856 859
f 859 856 860
f 859 860 861
f 861 860 862
f 861 862 863
f 863 862 864
f 863 864 865
f 865 864 866
f 865 866 867
f 867 866 835
f 867 835 837
f 855 868 856
f 856 868 869
f 856 869 860
f 860 869 870
f 860 870 862
f 862 870 871
f 862 871 864
f 864 871 872
f 864 872 866
f 866 872 873
f 866 873 835
f 478 857 851
f 851 857 858
f 851 858 849
f 849 858 859
f 849 859 840
f 840 859 861
f 840 861 863
f 840 863 839
f 839 863 865
f 839 865 867
f 867 837 839
f 840 842 849
f 849 842 848
f 848 842 796
f 822 823 874
f 874 823 875
f 874 875 876
f 876 875 877
f 876 877 878
f 878 877 879
f 878 879 880
f 881 882 880
f 880 882 878
f 882 883 878
f 878 883 876
f 883 884 876
f 876 884 874
f 884 822 874
f 880 885 881
f 881 885 886
f 881 886 887
f 887 886 888
f 888 886 889
f 888 889 890
f 890 889 891
f 890 891 892
f 892 891 893
f 892 893 894
f 894 893 895
f 894 895 896
f 896 895 897
f 896 897 898
f 898 897 899
f 898 899 492
f 492 899 491
f 491 899 900
f 900 899 897
f 900 897 901
f 901 897 895
f 901 895 902
f 902 895 893
f 902 893 903
f 903 893 891
f 903 891 904
f 904 891 889
f 904 889 905
f 905 889 886
f 905 886 885
f 492 491 906
f 906 491 907
f 906 907 908
f 908 907 909
f 908 909 910
f 910 909 911
f 910 911 823
f 823 2525 912
f 823 912 910
f 912 913 910
f 910 913 908
f 913 914 908
f 908 914 906
f 914 492 906
f 492 914 898
f 898 914 896
f 896 914 913
f 896 913 894
f 894 913 883
f 894 883 892
f 892 883 890
f 890 883 882
f 890 882 888
f 888 882 887
f 887 882 881
f 883 913 884
f 884 913 912
f 884 912 822
f 915 916 917
f 917 916 918
f 917 918 919
f 919 918 920
f 920 918 921
f 920 921 922
f 922 921 923
f 922 923 55
f 55 923 56
f 56 923 924
f 924 923 921
f 924 921 925
f 925 921 918
f 925 918 916
f 55 2491 926
f 926 56 927
f 926 927 928
f 928 927 929
f 928 929 813
f 814 2524 929
f 813 814 930
f 930 814 931
f 930 931 932
f 932 931 933
f 932 933 934
f 934 933 935
f 934 935 915
f 2527 917 936
f 915 936 934
f 936 937 934
f 934 937 932
f 937 938 932
f 932 938 930
f 938 813 930
f 813 938 928
f 928 938 926
f 926 938 922
f 926 922 55
f 938 937 922
f 922 937 920
f 920 937 936
f 920 936 919
f 919 936 917
f 917 2527 939
f 917 939 940
f 917 940 941
f 941 940 942
f 942 940 943
f 942 943 944
f 944 943 945
f 944 945 805
f 805 945 804
f 804 945 946
f 946 945 943
f 946 943 947
f 947 943 940
f 947 940 939
f 2523 804 948
f 948 804 949
f 948 949 950
f 950 949 951
f 950 951 38
f 39 2488 951
f 38 39 952
f 952 39 953
f 952 953 954
f 954 953 955
f 954 955 956
f 956 955 957
f 956 957 915
f 917 958 915
f 915 958 956
f 958 959 956
f 956 959 954
f 959 960 954
f 954 960 952
f 960 38 952
f 38 960 950
f 950 960 944
f 950 944 948
f 948 944 805
f 944 960 942
f 942 960 959
f 942 959 941
f 941 959 958
f 941 958 917
f 2495 134 961
f 135 961 962
f 135 962 963
f 963 962 964
f 964 962 965
f 964 965 966
f 966 965 967
f 966 967 449
f 449 967 448
f 448 967 968
f 968 967 965
f 968 965 969
f 969 965 962
f 969 962 961
f 448 970 449
f 449 970 971
f 449 971 972
f 972 971 973
f 973 971 974
f 974 971 975
f 974 975 976
f 976 975 977
f 976 977 978
f 978 977 979
f 978 979 980
f 980 979 981
f 980 981 982
f 982 981 983
f 982 983 984
f 970 985 971
f 971 985 986
f 971 986 975
f 975 986 987
f 975 987 977
f 977 987 988
f 977 988 979
f 979 988 989
f 979 989 981
f 981 989 990
f 981 990 983
f 983 991 984
f 984 991 992
f 984 992 993
f 993 992 994
f 994 992 995
f 994 995 996
f 996 995 997
f 996 997 135
f 135 997 134
f 134 997 998
f 998 997 995
f 998 995 999
f 999 995 992
f 999 992 991
f 984 993 982
f 982 993 980
f 980 993 978
f 978 993 994
f 978 994 976
f 976 994 974
f 974 994 964
f 974 964 973
f 973 964 966
f 973 966 972
f 972 966 449
f 994 996 964
f 964 996 963
f 963 996 135
f 124 125 1000
f 1000 125 1001
f 1000 1001 1002
f 1002 1001 1003
f 1002 1003 1004
f 1004 1003 1005
f 1004 1005 1006
f 1007 1008 1006
f 1006 1008 1004
f 1008 1009 1004
f 1004 1009 1002
f 1009 1010 1002
f 1002 1010 1000
f 1010 124 1000
f 1006 1011 1007
f 1007 1011 1012
f 1007 1012 1013
f 1013 1012 1014
f 1014 1012 1015
f 1014 1015 1016
f 1016 1015 1017
f 1016 1017 1018
f 1018 1017 1019
f 1018 1019 1020
f 1020 1019 1021
f 1020 1021 1022
f 1022 1021 1023
f 1022 1023 1024
f 1024 1023 1025
f 1024 1025 413
f 413 1025 411
f 411 1025 1026
f 1026 1025 1023
f 1026 1023 1027
f 1027 1023 1021
f 1027 1021 1028
f 1028 1021 1019
f 1028 1019 1029
f 1029 1019 1017
f 1029 1017 1030
f 1030 1017 1015
f 1030 1015 1031
f 1031 1015 1012
f 1031 1012 1011
f 413 411 1032
f 1032 411 1033
f 1032 1033 1034
f 1034 1033 1035
f 1034 1035 1036
f 1036 1035 1037
f 1036 1037 125
f 125 2494 1038
f 125 1038 1036
f 1038 1039 1036
f 1036 1039 1034
f 1039 1040 1034
f 1034 1040 1032
f 1040 413 1032
f 413 1040 1024
f 1024 1040 1022
f 1022 1040 1039
f 1022 1039 1020
f 1020 1039 1009
f 1020 1009 1018
f 1018 1009 1016
f 1016 1009 1008
f 1016 1008 1014
f 1014 1008 1013
f 1013 1008 1007
f 1009 1039 1010
f 1010 1039 1038
f 1010 1038 124
f 1041 2529 1043
f 1043 1042 1044
f 1043 1044 1045
f 1045 1044 1046
f 1045 1046 1047
f 1047 1046 1048
f 1047 1048 1049
f 1049 1048 1050
f 1049 1050 154
f 155 2497 1050
f 155 1051 154
f 154 1051 1052
f 154 1052 1053
f 1053 1052 1054
f 1054 1052 1055
f 1054 1055 1056
f 1056 1055 1057
f 1056 1057 1058
f 1058 1057 1059
f 1059 1057 1060
f 1060 1057 1055
f 1060 1055 1061
f 1061 1055 1052
f 1061 1052 1051
f 1058 1059 1062
f 1062 1059 1063
f 1063 2528 1062
f 1064 1058 1062
f 1064 1063 1065
f 1065 1063 1066
f 1065 1066 1042
f 1041 1067 1042
f 1042 1067 1065
f 1067 1064 1065
f 1067 1054 1064
f 1064 1054 1056
f 1064 1056 1058
f 1041 1043 1067
f 1067 1043 1045
f 1067 1045 1054
f 1054 1045 1047
f 1054 1047 1053
f 1053 1047 1049
f 1053 1049 154
f 1068 1069 1070
f 1070 1069 1071
f 1070 1071 1072
f 1072 1071 1073
f 1072 1073 1074
f 1074 1073 1075
f 1074 1075 1076
f 1076 1075 1077
f 1076 1077 1041
f 2529 1041 1077
f 1042 1078 1041
f 1041 1078 1079
f 1041 1079 1080
f 1080 1079 1064
f 1064 1079 1063
f 1063 1079 1078
f 2528 1063 1081
f 1081 1063 1082
f 1081 1082 1083
f 1083 1064 1081
f 1083 1082 1084
f 1084 1082 1085
f 1084 1085 1086
f 1086 1085 1087
f 1086 1087 1088
f 1088 1087 1089
f 1088 1089 1069
f 2530 1068 1090
f 1069 1090 1088
f 1090 1091 1088
f 1088 1091 1086
f 1091 1092 1086
f 1086 1092 1084
f 1092 1083 1084
f 1083 1092 1064
f 1064 1092 1091
f 1064 1091 1080
f 1080 1091 1074
f 1080 1074 1076
f 1074 1091 1072
f 1072 1091 1090
f 1072 1090 1070
f 1070 1090 1068
f 1076 1041 1080
f 1068 2530 1093
f 1093 1069 1094
f 1093 1094 1095
f 1095 1094 1096
f 1095 1096 115
f 116 2493 1096
f 115 116 1097
f 1097 116 1098
f 1097 1098 1099
f 1099 1098 1100
f 1099 1100 1101
f 1101 1100 1102
f 1101 1102 1103
f 1104 1105 1103
f 1103 1105 1101
f 1105 1106 1101
f 1101 1106 1099
f 1106 1107 1099
f 1099 1107 1097
f 1107 115 1097
f 2531 1103 1108
f 1104 1108 1109
f 1104 1109 1110
f 1110 1109 1111
f 1111 1109 1112
f 1111 1112 1113
f 1113 1112 1114
f 1113 1114 1068
f 1068 1114 1069
f 1069 1114 1115
f 1115 1114 1112
f 1115 1112 1116
f 1116 1112 1109
f 1116 1109 1108
f 1104 1110 1105
f 1105 1110 1111
f 1105 1111 1106
f 1106 1111 1113
f 1106 1113 1107
f 1107 1113 1093
f 1107 1093 1095
f 1113 1068 1093
f 1095 115 1107
f 109 2496 1117
f 1117 110 1118
f 1117 1118 1119
f 1119 1118 1120
f 1119 1120 92
f 93 2492 1120
f 92 93 1121
f 1121 93 1122
f 1121 1122 1123
f 1123 1122 1124
f 1123 1124 1125
f 1125 1124 1126
f 1125 1126 1103
f 1103 2531 1127
f 1103 1127 1125
f 1127 1128 1125
f 1125 1128 1123
f 1128 1129 1123
f 1123 1129 1121
f 1129 92 1121
f 1103 1130 1104
f 1104 1130 1131
f 1104 1131 1132
f 1132 1131 1133
f 1133 1131 1134
f 1133 1134 1135
f 1135 1134 1136
f 1135 1136 109
f 109 1136 110
f 110 1136 1137
f 1137 1136 1134
f 1137 1134 1138
f 1138 1134 1131
f 1138 1131 1130
f 1104 1132 1127
f 1127 1132 1128
f 1128 1132 1133
f 1128 1133 1129
f 1129 1133 1135
f 1129 1135 1119
f 1119 1135 1117
f 1117 1135 109
f 1119 92 1129
f 39 37 953
f 953 37 955
f 955 37 35
f 955 35 957
f 957 35 33
f 957 33 31
f 12 915 31
f 31 915 957
f 66 64 915
f 915 64 916
f 916 64 62
f 916 62 60
f 916 60 925
f 925 60 58
f 925 58 924
f 924 58 56
f 2 740 4
f 4 740 741
f 4 741 6
f 6 741 733
f 6 733 8
f 8 733 10
f 10 733 719
f 10 719 12
f 66 1103 85
f 85 1103 1126
f 85 1126 87
f 87 1126 89
f 89 1126 1124
f 89 1124 91
f 91 1124 1122
f 91 1122 93
f 1042 1077 1103
f 1103 1077 1108
f 1108 1077 1075
f 1108 1075 1073
f 1108 1073 1116
f 1116 1073 1071
f 1116 1071 1115
f 1115 1071 1069
f 237 263 162
f 162 263 193
f 193 263 261
f 193 261 259
f 193 259 201
f 201 259 257
f 201 257 200
f 200 257 177
f 155 1050 157
f 157 1050 159
f 159 1050 1048
f 159 1048 161
f 161 1048 1046
f 161 1046 1044
f 1042 162 1044
f 1044 162 161
f 656 654 714
f 714 654 716
f 716 654 652
f 716 652 718
f 718 652 650
f 718 650 648
f 237 719 648
f 648 719 718
f 56 80 927
f 927 80 815
f 927 815 929
f 929 815 814
f 815 80 825
f 825 80 78
f 825 78 877
f 877 78 76
f 877 76 879
f 879 76 880
f 880 76 73
f 880 73 983
f 983 73 102
f 983 102 103
f 73 71 102
f 104 999 103
f 103 999 991
f 103 991 983
f 999 104 142
f 142 104 94
f 142 94 144
f 144 94 1120
f 144 1120 1118
f 94 93 1120
f 1118 110 144
f 142 140 999
f 999 140 998
f 998 140 134
f 880 983 885
f 885 983 990
f 885 990 905
f 905 990 989
f 905 989 904
f 904 989 988
f 904 988 903
f 903 988 987
f 903 987 902
f 902 987 986
f 902 986 901
f 901 986 985
f 901 985 900
f 900 985 970
f 900 970 447
f 447 970 448
f 900 447 499
f 499 447 445
f 499 445 519
f 519 445 443
f 519 443 518
f 518 443 441
f 518 441 517
f 517 441 439
f 517 439 516
f 516 439 437
f 516 437 515
f 515 437 435
f 515 435 514
f 514 435 364
f 499 491 900
f 825 877 824
f 824 877 875
f 824 875 823
f 814 812 931
f 931 812 810
f 931 810 946
f 946 810 804
f 931 946 933
f 933 946 947
f 933 947 935
f 935 947 939
f 935 939 915
f 67 66 71
f 71 66 107
f 110 1137 112
f 112 1137 114
f 114 1137 1098
f 114 1098 116
f 1137 1138 1098
f 1098 1138 1100
f 1100 1138 1130
f 1100 1130 1102
f 1102 1130 1103
f 134 133 961
f 961 133 969
f 969 133 131
f 969 131 471
f 471 131 472
f 472 131 473
f 473 131 1035
f 473 1035 474
f 474 1035 1033
f 474 1033 475
f 475 1033 411
f 131 129 1035
f 1035 129 1037
f 1037 129 125
f 471 470 969
f 969 470 968
f 968 470 457
f 968 457 448
f 364 365 586
f 586 365 588
f 588 365 366
f 588 366 590
f 590 366 367
f 590 367 592
f 592 367 368
f 592 368 594
f 594 368 369
f 594 369 596
f 596 369 370
f 596 370 598
f 598 370 348
f 598 348 606
f 606 348 292
f 606 292 293
f 348 291 292
f 606 293 621
f 621 293 294
f 621 294 622
f 622 294 295
f 622 295 623
f 623 295 296
f 623 296 624
f 624 296 297
f 624 297 625
f 625 297 275
f 625 275 626
f 626 275 270
f 626 270 619
f 619 270 665
f 619 665 666
f 269 248 270
f 270 248 245
f 270 245 665
f 665 245 243
f 269 267 248
f 248 267 250
f 250 267 212
f 250 212 252
f 252 212 202
f 252 202 179
f 179 202 181
f 181 202 183
f 212 267 211
f 211 267 265
f 211 265 210
f 179 177 252
f 667 637 666
f 666 637 627
f 666 627 619
f 637 667 697
f 697 667 657
f 697 657 699
f 699 657 712
f 699 712 710
f 657 656 712
f 710 700 699
f 697 695 637
f 637 695 636
f 636 695 635
f 606 541 598
f 364 428 372
f 372 428 374
f 374 428 429
f 374 429 376
f 376 429 430
f 376 430 378
f 378 430 431
f 378 431 380
f 380 431 432
f 380 432 382
f 382 432 433
f 382 433 384
f 384 433 412
f 384 412 308
f 308 412 1026
f 308 1026 324
f 324 1026 1027
f 324 1027 325
f 325 1027 1028
f 325 1028 326
f 326 1028 1029
f 326 1029 327
f 327 1029 1030
f 327 1030 328
f 328 1030 1031
f 328 1031 329
f 329 1031 1011
f 329 1011 322
f 322 1011 1006
f 322 1006 1059
f 1059 1006 1082
f 1059 1082 1063
f 412 411 1026
f 1082 1006 1085
f 1085 1006 1005
f 1085 1005 1003
f 1001 126 1003
f 1003 126 127
f 1003 127 1087
f 1087 127 1089
f 1089 127 117
f 1089 117 1094
f 1094 117 1096
f 1096 117 116
f 1001 125 126
f 1094 1069 1089
f 1087 1085 1003
f 1059 1060 322
f 322 1060 330
f 330 1060 338
f 338 1060 1061
f 338 1061 227
f 227 1061 1051
f 227 1051 229
f 229 1051 153
f 229 153 151
f 1051 155 153
f 151 149 229
f 227 225 338
f 338 225 337
f 337 225 219
f 308 307 384
f 364 579 521
f 521 579 523
f 523 579 580
f 523 580 525
f 525 580 581
f 525 581 527
f 527 581 582
f 527 582 529
f 529 582 583
f 529 583 531
f 531 583 584
f 531 584 533
f 533 584 564
f 533 564 855
f 855 564 781
f 855 781 868
f 868 781 782
f 868 782 869
f 869 782 783
f 869 783 870
f 870 783 784
f 870 784 871
f 871 784 785
f 871 785 872
f 872 785 786
f 872 786 873
f 873 786 766
f 873 766 835
f 835 766 761
f 835 761 19
f 19 761 22
f 22 761 760
f 22 760 758
f 564 556 781
f 756 683 758
f 758 683 684
f 758 684 24
f 24 684 26
f 26 684 673
f 26 673 743
f 743 673 745
f 745 673 672
f 756 682 683
f 743 2 26
f 24 22 758
f 17 48 19
f 19 48 835
f 48 49 835
f 835 49 836
f 836 49 845
f 845 49 50
f 845 50 801
f 801 50 40
f 801 40 803
f 803 40 951
f 803 951 949
f 40 39 951
f 949 804 803
f 801 799 845
f 845 799 844
f 844 799 797
f 855 476 533
f 491 498 907
f 907 498 497
f 907 497 909
f 909 497 496
f 909 496 829
f 829 496 495
f 829 495 494
f 829 494 854
f 854 494 493
f 854 493 853
f 853 493 477
f 853 477 476
f 829 854 831
f 831 854 846
f 831 846 797
f 829 827 909
f 909 827 911
f 911 827 823
f 291 410 299
f 299 410 409
f 299 409 301
f 301 409 408
f 301 408 216
f 216 408 407
f 216 407 406
f 216 406 347
f 347 406 405
f 347 405 346
f 346 405 392
f 346 392 307
f 216 347 218
f 218 347 339
f 218 339 219
f 216 214 301
f 301 214 303
f 303 214 210
f 183 236 185
f 185 236 234
f 185 234 174
f 174 234 149
f 185 174 187
f 187 174 175
f 187 175 189
f 189 175 167
f 189 167 162
f 238 237 243
f 243 237 670
f 700 731 706
f 706 731 708
f 708 731 747
f 708 747 672
f 731 732 747
f 747 732 749
f 749 732 724
f 749 724 751
f 751 724 719
f 635 690 638
f 638 690 646
f 646 690 688
f 646 688 559
f 559 688 560
f 560 688 561
f 561 688 790
f 561 790 562
f 562 790 788
f 562 788 563
f 563 788 556
f 688 686 790
f 790 686 792
f 792 686 682
f 559 558 646
f 646 558 645
f 645 558 542
f 645 542 541
f 1078 1042 1063
f 1063 1042 1066
f 13 12 17
f 17 12 53
f 1139 1140 1141
f 1142 1143 1144
f 1145 1146 1147
f 1148 1145 1149
f 1150 1151 1152
f 1153 1154 1155
f 1156 1157 1158
f 1159 1160 1161
f 66 1162 1103
f 66 1163 1162
f 915 1163 66
f 1164 1165 1166
f 1167 237 162
f 1141 237 1167
f 719 237 1141
f 1168 1162 1169
f 1162 1042 1103
f 1167 1042 1162
f 162 1042 1167
f 1141 12 719
f 1163 12 1141
f 915 12 1163
f 1170 1171 1172
f 1170 1173 1174
f 1175 1176 1177
f 1178 1179 1180
f 1181 1182 1183
f 1184 1185 1186
f 1187 1188 1189
f 1190 1191 1192
f 1193 1194 1195
f 1196 1197 1198
f 1199 1200 1201
f 1202 1203 1163
f 1204 1205 1206
f 1207 1208 1209
f 1162 1168 1167
f 1210 1211 1212
f 1213 1214 1215
f 1216 1217 1218
f 1219 1220 1221
f 1141 1167 1139
f 1222 1223 1224
f 1225 1226 1227
f 1228 1229 1230
f 1231 1232 1233
f 1235 1382 1234
f 1237 1238 1239
f 1240 1241 1242
f 1243 1244 1245
f 1244 1246 1247
f 1248 1249 1250
f 1251 1252 1253
f 1254 1255 1256
f 1257 1258 1259
f 1260 1261 1262
f 1263 1246 1264
f 1199 1265 1266
f 1267 1268 1269
f 1270 1271 1272
f 1273 1274 1275
f 1276 1277 1278
f 1265 1279 1280
f 1281 1282 1283
f 1284 1285 1286
f 1252 1287 1288
f 1289 1290 1291
f 1292 1293 1294
f 1156 1158 1295
f 1296 1297 1298
f 1299 1195 1194
f 1300 1301 1302
f 1303 1304 1305
f 1306 1307 1308
f 1309 1310 1311
f 1312 1313 1314
f 1236 1315 1234
f 1316 1317 1318
f 1319 1231 1320
f 1321 1322 1323
f 1324 1325 1326
f 1327 1328 1329
f 1283 1273 1330
f 1331 1332 1333
f 1334 1335 1336
f 1337 1338 1339
f 1340 1221 1286
f 1341 1342 1343
f 1344 1345 1346
f 1348 2298 1396
f 1350 1351 1352
f 1353 1354 1355
f 1356 1357 1358
f 1295 1359 1156
f 1360 1361 1362
f 1363 1364 1365
f 1366 1367 1368
f 1369 1370 1371
f 1372 1373 1374
f 1277 1375 1196
f 1204 1376 1205
f 1377 1378 1379
f 1162 1163 1380
f 1168 1169 1381
f 1380 1382 1162
f 1243 1245 1383
f 1384 1385 1336
f 1232 1386 1387
f 1388 1321 1389
f 1163 1141 1202
f 1390 1391 1392
f 1393 1394 1395
f 1202 1396 1203
f 1397 1398 1399
f 1380 1400 1382
f 1401 1402 1403
f 1404 1335 1405
f 1406 1407 1408
f 1409 1410 1411
f 1412 1267 1413
f 1414 1415 1416
f 1417 1418 1419
f 1309 1420 1310
f 1421 1422 1423
f 1424 1425 1366
f 1426 1427 1428
f 1431 1168 1430
f 1428 1432 1345
f 1433 1434 1435
f 1436 1437 1438
f 1439 1151 1440
f 1388 1389 1441
f 1442 1443 1444
f 1445 1446 1447
f 1448 1449 1450
f 1451 1452 1453
f 1454 1417 1455
f 1456 1457 1458
f 1459 1460 1461
f 1462 1463 1464
f 1465 1146 1145
f 1173 1466 1467
f 1468 1469 1470
f 1471 1472 1473
f 1275 1274 1426
f 1363 1474 1475
f 1476 1477 1478
f 1479 1480 1481
f 1482 1314 1483
f 1484 1485 1171
f 1486 1487 1488
f 1210 1212 1221
f 1489 1490 1491
f 1492 1466 1173
f 1493 1494 1495
f 1496 1497 1498
f 1499 1345 1500
f 1501 1502 1503
f 1264 1504 1505
f 1337 1177 1506
f 1507 1508 1180
f 1273 1275 1509
f 1510 1511 1512
f 1363 1475 1364
f 1216 1218 1220
f 1513 1514 1515
f 1294 1516 1517
f 1361 1518 1519
f 1520 1185 1521
f 1522 1523 1524
f 1525 1140 1527
f 1528 1529 1403
f 1165 1164 1530
f 1531 1532 1186
f 1471 1473 1533
f 1376 1534 1535
f 1536 1537 1538
f 1539 1505 1540
f 1344 1346 1541
f 1542 1543 1544
f 1545 1546 1547
f 1249 1548 1250
f 1549 1550 1551
f 1552 1553 1554
f 1555 1556 1557
f 1558 1559 1560
f 1558 1561 1562
f 1563 1564 1565
f 1566 1567 1568
f 1569 1570 1571
f 1572 1573 1574
f 1575 1576 1577
f 1575 1578 1579
f 1580 1581 1582
f 1583 1584 1585
f 1586 1587 1588
f 1589 1590 1591
f 1530 1592 1165
f 1593 1594 1595
f 1596 1597 1598
f 1599 1600 1601
f 1599 1602 1603
f 1604 1605 1606
f 1604 1607 1608
f 1609 1610 1611
f 1612 1613 1614
f 1615 1616 1617
f 1618 1619 1620
f 1621 1622 1623
f 1175 1624 1176
f 1625 1596 1626
f 1627 1628 1629
f 1491 1630 1631
f 1542 1632 1633
f 1634 1635 1636
f 1572 1394 1573
f 1393 1395 1637
f 1638 1639 1640
f 1641 1642 1643
f 1644 1645 1439
f 1646 1647 1648
f 1646 1649 1650
f 1651 1652 1653
f 1654 1655 1656
f 1657 1658 1659
f 1660 1661 1662
f 1663 1664 1665
f 1666 1667 1668
f 1445 1669 1201
f 1670 1671 1672
f 1673 1674 1675
f 1676 1677 1678
f 1679 1405 1335
f 1680 1681 1682
f 1683 1184 1684
f 1482 1685 1312
f 1686 1687 1688
f 1689 1690 1691
f 1692 1693 1694
f 1587 1695 1696
f 1697 1698 1672
f 1376 1699 1311
f 1700 1701 1702
f 1703 1330 1273
f 1704 1410 1705
f 1360 1706 1512
f 1707 1708 1709
f 1710 1711 1518
f 1712 1713 1714
f 1412 1413 1715
f 1704 1716 1717
f 1414 1718 1719
f 1720 1721 1722
f 1723 1724 1725
f 1726 1727 1728
f 1729 1193 1730
f 1451 1453 1731
f 1572 1574 1732
f 1733 1150 1734
f 1686 1735 1687
f 1736 1355 1737
f 1738 1524 1523
f 1739 1740 1226
f 1214 1213 1741
f 1742 1302 1743
f 1744 1745 1746
f 1747 1748 1749
f 1291 1750 1751
f 1752 1526 1753
f 1754 1755 1756
f 1757 1758 1713
f 1759 1760 1761
f 1762 1763 1764
f 1765 1766 1767
f 1768 1769 1770
f 1771 1772 1773
f 1774 1775 1776
f 1777 1778 1779
f 1780 1434 1781
f 1782 1783 1784
f 1451 1785 1452
f 1419 1628 1786
f 1787 1788 1789
f 1765 1249 1790
f 1791 1305 1792
f 1793 1666 1794
f 1217 1795 1796
f 1797 1701 1178
f 1798 1799 1279
f 1800 1528 1402
f 1801 1262 1229
f 1802 1160 1552
f 1803 1313 1804
f 1805 1806 1807
f 1808 1809 1810
f 1492 1172 1811
f 1812 1813 1814
f 1815 1816 1817
f 1818 1233 1819
f 1780 1781 1820
f 1821 1253 1822
f 1823 1824 1825
f 1625 1826 1596
f 1827 1828 1829
f 1223 1830 1831
f 1832 1833 1443
f 1834 1167 1375
f 1835 1541 1346
f 1836 1176 1837
f 1775 1838 1839
f 1840 1841 1842
f 1843 1844 1845
f 1846 1706 1244
f 1684 1847 1848
f 1849 1772 1520
f 1850 1851 1852
f 1853 1854 1855
f 1856 1857 1858
f 1859 1860 1627
f 1861 1862 1863
f 1864 1142 1144
f 1865 1282 1281
f 1822 1252 1187
f 1166 1866 1867
f 1868 1829 1726
f 1584 1869 1832
f 1800 1870 1528
f 1871 1872 1873
f 1279 1874 1280
f 1718 1414 1416
f 1875 1876 1877
f 1878 1879 1880
f 1424 1352 1425
f 1713 1881 1757
f 1856 1673 1857
f 1882 1883 1833
f 1884 1833 1883
f 1885 1886 1357
f 1299 1316 1887
f 1888 1889 1387
f 1316 1299 1372
f 1890 1891 1740
f 1892 1893 1514
f 1894 1578 1551
f 1894 1592 1608
f 1545 1561 1546
f 1545 1547 1603
f 1895 1567 1544
f 1589 1591 1620
f 1866 1550 1629
f 1896 1897 1637
f 1896 1698 1209
f 1553 1167 1898
f 1899 1900 1901
f 1902 1876 1903
f 1904 1905 1906
f 1907 1619 1908
f 1909 1803 1910
f 1911 1786 1628
f 1912 1913 1914
f 1569 1915 1570
f 1651 1655 1652
f 1916 1917 1745
f 1341 1918 1919
f 1920 1921 1922
f 1404 1923 1872
f 1924 1607 1562
f 1647 1925 1926
f 1651 1653 1568
f 1295 1927 1359
f 1928 1435 1434
f 1154 1501 1303
f 1924 1602 1579
f 1771 1929 1532
f 1513 1930 1423
f 1931 1691 1411
f 1259 1932 1770
f 1791 1792 1790
f 1300 1302 1742
f 1241 1512 1511
f 1933 1666 1934
f 1935 1936 1937
f 1711 1519 1518
f 1286 1938 1284
f 1211 1210 1251
f 1364 1939 1940
f 1869 1941 1942
f 1943 1944 1391
f 1869 1942 1833
f 1638 1945 1946
f 1947 1948 1949
f 1471 1533 1933
f 1676 1805 1799
f 1769 1450 1950
f 1951 1227 1226
f 1751 1952 1291
f 1953 1954 1955
f 1956 1957 1958
f 1959 1939 1960
f 1961 1809 1962
f 1963 1964 1857
f 1301 1965 1302
f 1775 1774 1838
f 1707 1709 1966
f 1967 1968 1811
f 1497 1233 1232
f 1969 1598 1597
f 1967 1970 1971
f 1914 2186 1169
f 1974 1975 1712
f 1976 1369 1930
f 1874 1279 1799
f 1641 1643 1447
f 1977 1973 1978
f 1975 1974 1254
f 1502 1979 1750
f 1945 1636 1980
f 1644 1439 1981
f 1899 1901 1982
f 1983 1984 1985
f 1986 1787 1810
f 1987 1988 1989
f 1257 1677 1841
f 1408 1347 1990
f 1991 1992 1943
f 1993 1994 1995
f 1996 1997 1702
f 1477 1938 1998
f 1999 1595 1696
f 2000 2001 1997
f 2002 1314 1313
f 1296 2003 1730
f 1918 2388 1140
f 2005 2006 1705
f 1401 1157 1402
f 1166 1867 2007
f 1563 1565 1560
f 1895 1564 1656
f 1580 1582 1577
f 1445 1581 1669
f 2008 2009 1621
f 2010 1600 1588
f 1626 1598 1614
f 1626 1605 1625
f 1615 1617 1640
f 1615 1622 1616
f 1646 1648 1649
f 1767 1548 1765
f 2011 2012 2013
f 2014 1320 1202
f 1897 1662 2015
f 2016 1645 1641
f 2017 1429 1168
f 1634 1632 1635
f 1162 1382 1972
f 1181 1936 1865
f 1821 1822 1189
f 1451 2018 1785
f 1364 1475 1382
f 1162 1972 1169
f 1139 1167 1834
f 1525 2472 1140
f 1202 1141 2014
f 1972 2484 1169
f 1349 1283 1203
f 1380 1163 1264
f 2020 1576 1601
f 2021 1559 1606
f 1336 1385 1993
f 2022 1779 1424
f 1381 2017 1168
f 2023 1743 2024
f 1409 1411 1691
f 1973 1381 1169
f 1996 2025 1997
f 1264 1246 1380
f 2026 2012 2027
f 2028 2029 2030
f 1431 1898 1167
f 1654 1915 2013
f 1400 1380 1939
f 1141 1140 2004
f 2004 2014 1141
f 2031 1197 1167
f 1163 1203 2019
f 2032 1357 1886
f 2033 1738 2034
f 2004 1379 1979
f 1589 2035 1590
f 1542 1633 1543
f 2036 1338 2037
f 1366 1368 1835
f 2038 1647 1926
f 2039 1998 1962
f 2040 1639 2041
f 2020 2042 2043
f 2003 1296 2044
f 2021 1613 1571
f 2045 1848 1847
f 2046 2047 1978
f 1856 2048 1682
f 1400 1939 1364
f 1349 1203 1396
f 1973 2132 1381
f 1347 1348 1396
f 1431 1167 1168
f 1139 1526 1140
f 1526 1491 1140
f 1834 1442 1139
f 2019 2090 1163
f 1364 1382 1400
f 1396 1202 1347
f 2029 2049 2050
f 1865 2051 1181
f 1207 2052 2053
f 1899 1982 1679
f 1842 1841 2054
f 1847 1721 2055
f 1861 1863 1880
f 1534 1204 1940
f 1392 1391 1493
f 1778 1777 2056
f 1484 2057 1182
f 1509 1324 1703
f 1483 2033 1482
f 1448 2058 2059
f 1951 2060 1227
f 2026 2027 1661
f 1143 2061 1910
f 2062 1521 2063
f 2064 2065 1610
f 2066 1412 2067
f 1852 1851 2068
f 1321 2069 2070
f 1729 1730 2003
f 1816 2071 1663
f 1499 1428 1345
f 1361 1519 2072
f 2073 2074 1536
f 2075 1408 1407
f 1353 2076 1354
f 1356 2077 2078
f 2079 1863 2080
f 1342 1863 1862
f 1913 1912 2081
f 2082 1154 1153
f 1335 2083 1679
f 2084 1342 1919
f 2085 2086 1764
f 1266 1280 2087
f 2088 1958 1213
f 1190 1946 1191
f 1385 2089 1993
f 1873 2089 1871
f 2019 1326 2090
f 2091 2092 1830
f 1729 2093 1194
f 1668 1794 1666
f 2094 2095 2086
f 2095 2094 2096
f 2097 1494 2098
f 2099 2100 2101
f 1858 2102 2048
f 2103 1744 1746
f 1420 1309 2104
f 2105 2106 1977
f 1358 1538 2107
f 2045 2108 2109
f 1726 1728 1868
f 1459 2110 2111
f 2112 1257 1770
f 2112 2113 1678
f 2114 2115 2116
f 1991 1745 2117
f 1697 2052 1209
f 1439 1152 1151
f 2118 2119 1825
f 2120 1984 2101
f 2121 1650 2122
f 1818 1231 1233
f 1186 1488 2123
f 2017 2124 1288
f 1538 2032 1536
f 2121 2125 2126
f 2127 2128 2129
f 1557 1333 2130
f 1305 2131 1303
f 2132 1903 1189
f 1674 1682 1681
f 1893 2133 2134
f 2135 1292 1294
f 2135 2136 1624
f 2137 2138 2103
f 2139 2140 1466
f 1360 1512 2141
f 1187 1252 1188
f 2028 2030 2142
f 2078 2143 2144
f 2145 1842 1731
f 1800 2146 1870
f 1630 1491 1490
f 1408 1990 2147
f 1278 1277 1813
f 2148 2149 2150
f 2151 1657 1659
f 1889 1497 1387
f 1872 1384 1404
f 2152 2153 2154
f 2155 2156 1660
f 2157 1317 2158
f 2159 1325 1500
f 2160 1455 1724
f 2161 2162 2163
f 1528 1403 1402
f 2164 2165 1236
f 2166 1611 1610
f 2167 2168 2169
f 2170 2171 2172
f 1145 1147 1964
f 2173 2174 2175
f 1784 1438 2165
f 2176 1875 2177
f 2178 2179 2180
f 1909 1910 2061
f 1143 1142 1965
f 1486 1532 1929
f 2181 1948 1947
f 1504 1825 1824
f 2182 1801 1228
f 2183 1456 1458
f 2184 1696 1695
f 2185 2047 2186
f 2162 2142 1973
f 1744 2103 2138
f 2061 2187 1158
f 1804 1910 1803
f 1906 1329 1328
f 1742 2188 1300
f 1982 2189 2190
f 2189 2191 1836
f 1351 1350 2149
f 2192 1631 1148
f 2193 2194 2182
f 1262 2194 2195
f 1972 1382 1235
f 1534 1959 1535
f 2196 2010 2197
f 2196 2020 1601
f 1879 2198 2199
f 2150 2149 2056
f 1356 2200 1357
f 1225 1668 1667
f 2084 2080 1342
f 1346 1345 1432
f 1215 2201 1956
f 1905 2202 2203
f 2204 2002 1403
f 1483 2204 1524
f 1928 1780 1942
f 1928 2205 2076
f 1522 2134 2206
f 1515 1522 1524
f 1931 1516 1293
f 1749 2097 2098
f 2097 1476 1478
f 1198 1983 1196
f 1149 2192 1148
f 1749 1943 1992
f 2200 2207 1885
f 2208 1696 1595
f 2010 1588 1594
f 2099 2101 2063
f 1680 1229 1261
f 1774 2209 2210
f 2209 1950 1450
f 1583 2211 2212
f 1960 1816 1663
f 1954 2213 1955
f 1686 1937 1936
f 1970 2075 2214
f 2215 1405 1679
f 2216 1566 1728
f 2216 1980 1636
f 2217 1815 2218
f 2217 1711 2144
f 2202 1507 2219
f 1657 1611 2166
f 2220 1235 1234
f 2221 2064 1234
f 2222 1511 1247
f 2223 2091 1669
f 2223 1580 2224
f 2225 1612 2226
f 2225 1934 1845
f 2183 1458 2227
f 2228 1626 1614
f 2228 2021 1606
f 2229 1348 1811
f 2230 1476 1748
f 2231 1272 1429
f 2232 2000 1997
f 2232 1697 1672
f 2233 2234 1543
f 2233 1618 1620
f 2235 1459 2111
f 1789 1808 1810
f 2206 2134 1453
f 1522 2206 1523
f 1362 1383 1245
f 1733 2175 2236
f 2163 2237 2161
f 1250 1840 2238
f 1820 1882 1780
f 2239 1682 2048
f 2240 2118 2241
f 2242 1819 1497
f 2243 1572 1758
f 2243 1670 1395
f 1638 1640 1945
f 2244 1634 1636
f 2115 2245 1429
f 2246 2247 2248
f 1339 2249 2250
f 1756 1248 2251
f 1305 1304 2252
f 1312 2253 1804
f 2253 1312 2215
f 2254 1843 1574
f 2254 2011 2180
f 1285 2255 1288
f 1349 1171 1485
f 2256 1182 2057
f 2257 1813 1277
f 2132 1189 1188
f 1368 2258 2259
f 2066 2260 2261
f 1683 1684 2100
f 2262 2211 2263
f 2264 1549 2265
f 2264 1627 1629
f 2266 1388 2041
f 2266 1638 2069
f 1464 1193 1195
f 1464 1463 1297
f 2267 2268 1786
f 2269 2270 2271
f 1935 1865 1936
f 2226 1612 1614
f 2226 1969 2272
f 2193 2273 2199
f 2273 1765 1790
f 2253 2215 2190
f 2189 1982 1901
f 2274 1618 1616
f 1621 2009 1908
f 2167 2037 2275
f 2249 1338 2036
f 1234 2276 2220
f 1152 2277 1734
f 1935 1282 1865
f 1935 2278 2279
f 1957 1753 1139
f 1659 2280 2281
f 2205 2108 1354
f 2282 2283 1737
f 1533 1796 1795
f 1796 1961 1218
f 1192 1710 1518
f 2105 1977 1978
f 2141 1323 1322
f 1323 1242 1389
f 1661 2015 1662
f 2015 1393 1637
f 1669 2091 1222
f 2223 1669 1581
f 1807 1806 1776
f 1807 1874 1799
f 2284 1593 1595
f 2284 2191 1901
f 1960 1939 2285
f 2286 1763 1852
f 2287 2036 2288
f 1907 1908 2288
f 1808 2235 2111
f 1744 1916 1745
f 2289 2234 1565
f 2289 1895 1544
f 2290 1569 1571
f 2290 2291 2178
f 1398 1397 1194
f 1931 1293 1691
f 1931 2270 1480
f 2069 1946 1190
f 2266 2069 1321
f 1928 1941 2205
f 1583 1941 1869
f 2266 1321 1388
f 1746 1991 2292
f 2063 1983 1161
f 1310 1420 1205
f 1326 1330 1703
f 2252 2199 1792
f 2293 1575 1577
f 2293 1549 1551
f 1495 2294 2295
f 1225 2296 2297
f 2160 1723 1694
f 1959 1940 1939
f 1390 2183 2227
f 2183 1412 1715
f 1349 1396 2298
f 1355 2299 2300
f 2253 1144 1804
f 2093 2003 2301
f 1463 1462 2302
f 1463 1298 1297
f 2085 1764 2286
f 1525 1675 1674
f 2303 1558 1560
f 2303 2234 1546
f 2304 1604 1606
f 2304 1558 1562
f 2305 1599 1601
f 2305 1575 1579
f 1354 1737 1355
f 1787 1986 2306
f 2146 2307 1870
f 2087 2174 2308
f 2309 1797 1966
f 2309 1996 1702
f 2211 1848 2109
f 2000 1881 1975
f 2251 1513 1423
f 2251 2310 1756
f 1344 1541 2241
f 1768 2153 1769
f 2058 1448 1450
f 2311 2084 1919
f 2312 1172 1171
f 2313 2314 1461
f 2066 2314 2315
f 2316 2270 1687
f 2316 2256 1481
f 1541 1368 2259
f 1786 2268 1417
f 2145 2133 1842
f 2269 1687 2270
f 2316 1687 1735
f 1909 1157 1401
f 1464 2236 2175
f 1899 1679 2083
f 1207 1209 2052
f 2043 1238 2224
f 1708 1328 2317
f 1712 1714 2318
f 2319 1866 1165
f 2319 1894 1551
f 2320 2106 2321
f 1188 2124 2017
f 2133 1893 2238
f 2200 1356 1827
f 1788 2322 2127
f 2005 2323 1853
f 2324 1853 1855
f 2325 2234 1591
f 2325 1586 1547
f 1326 1703 1324
f 1479 1516 1480
f 2326 1894 1608
f 2326 1924 1579
f 2327 1427 1274
f 2260 2067 1392
f 1649 1440 1151
f 1440 2328 1981
f 2265 1549 2329
f 2330 2150 2056
f 2330 1704 1705
f 1259 1770 1257
f 1807 1776 1874
f 2331 1566 1635
f 2331 1542 1544
f 1878 2194 2198
f 1294 1293 1516
f 2332 2333 2334
f 1693 1454 1455
f 1479 2335 1517
f 2336 2123 1722
f 2336 1847 1684
f 2337 1654 1656
f 2337 1563 1570
f 2218 1815 2338
f 2217 2218 1519
f 2339 2021 1571
f 2339 1563 1560
f 2313 1470 1469
f 2314 2313 1692
f 2181 2340 1948
f 2181 1741 1820
f 1346 2341 1835
f 2342 1424 1366
f 1976 1515 1524
f 1522 1515 1514
f 2343 2344 2306
f 1255 1764 2086
f 2345 1986 1810
f 2345 1961 1473
f 2346 1370 1528
f 2347 1393 2027
f 2347 2011 1573
f 2330 2006 2150
f 2006 2005 2348
f 1864 2253 2190
f 1953 1420 2104
f 2104 2349 2350
f 2351 2352 1914
f 1520 1531 1185
f 1276 2353 2354
f 1254 1974 1255
f 2355 1654 2013
f 2355 2026 1652
f 1925 2125 1926
f 2126 2125 1925
f 2247 2246 1968
f 2356 2357 1922
f 2358 1405 1685
f 2033 2034 2358
f 2359 1760 2077
f 2359 1358 2107
f 2360 2011 2013
f 2360 1569 2178
f 1836 2191 1506
f 2189 1836 1864
f 2271 2270 1411
f 2269 2271 1717
f 1734 2361 2308
f 1152 1734 1150
f 1927 1295 2187
f 2118 2090 2159
f 1789 1810 1787
f 2345 1810 1809
f 2362 2020 2043
f 2362 1580 1577
f 1905 1904 2202
f 1904 1707 1966
f 1706 1362 1244
f 1820 1883 1882
f 1481 2256 1174
f 2316 1481 1480
f 1758 1572 1732
f 2243 1758 1757
f 1944 1493 1391
f 2110 2295 2294
f 2363 2364 1399
f 2365 1319 2366
f 1992 2117 2367
f 1468 1460 1788
f 1789 1460 2235
f 2261 2295 2110
f 2066 2261 2314
f 2001 1700 1702
f 1532 1772 1771
f 2368 1808 1989
f 2368 2039 1962
f 1794 2369 1793
f 2306 1986 2370
f 2371 1849 2062
f 1739 1667 1795
f 1923 2358 2034
f 1256 2086 2095
f 1256 1700 2001
f 2372 2299 1736
f 1694 2372 1268
f 2373 1670 1672
f 2373 1896 1637
f 2335 1479 1467
f 2335 2140 1742
f 2156 2026 1661
f 1653 2156 2155
f 1299 1887 1195
f 1788 1787 2322
f 1499 1324 1275
f 2176 1740 1212
f 1689 1691 1293
f 2374 1618 1633
f 2374 1634 1617
f 2375 1895 1656
f 2375 1651 1568
f 1781 2125 2340
f 2306 1597 2343
f 1937 1686 1688
f 1937 2278 1935
f 2212 2109 2108
f 1583 2212 1941
f 1766 2376 2377
f 1270 1272 2231
f 1378 1952 2378
f 1756 2310 1754
f 2194 2193 2198
f 1766 2273 2193
f 2379 2239 2152
f 1878 2198 1879
f 1877 2177 1875
f 2177 1850 2380
f 1512 1240 2141
f 1888 1421 1423
f 1763 2381 2382
f 1883 2383 1444
f 2213 1954 2317
f 2046 2186 2047
f 2384 1586 1588
f 2384 1599 1603
f 1866 1629 2385
f 1808 1789 2235
f 2294 2111 2110
f 1337 2168 2275
f 2167 1907 2037
f 1348 1970 1967
f 1483 1738 2033
f 2377 1768 1767
f 2154 2377 2376
f 2029 2237 2386
f 1421 1387 1386
f 1695 2387 2169
f 1918 1341 2388
f 2125 1781 1434
f 2389 2328 1648
f 2389 2038 2390
f 1164 2007 2343
f 2079 1260 2195
f 1706 1846 1510
f 1815 2143 1816
f 1671 1670 1757
f 2232 1671 2000
f 2391 1961 1962
f 2391 1220 1218
f 2392 1545 1603
f 2392 1924 1562
f 2393 1996 1709
f 2393 2053 2052
f 2191 2284 1999
f 1486 1929 2394
f 1425 1824 1823
f 1280 1874 1839
f 2330 2395 1704
f 2395 1777 2396
f 2204 1483 1314
f 2347 1394 1393
f 2243 1394 1572
f 2316 1480 2270
f 1931 1480 1516
f 1463 2397 1298
f 2309 1702 1701
f 1702 1997 2001
f 2277 1645 2016
f 1762 1764 1255
f 1206 1364 1940
f 2398 1566 1568
f 2398 1868 1728
f 1833 1942 1882
f 1859 1627 1642
f 1859 1644 1981
f 2399 1615 1640
f 2399 2040 1623
f 1671 1881 2000
f 2052 1697 2393
f 2400 1530 1625
f 2400 1604 1608
f 1796 1473 1961
f 2345 1473 1472
f 2262 1684 1848
f 2336 1684 1184
f 2053 2317 2350
f 1736 2299 1355
f 1979 1502 2401
f 2197 2172 2171
f 2196 2197 2042
f 2368 1809 1808
f 2345 1809 1961
f 2074 1537 1536
f 1503 1303 1501
f 2209 1776 1806
f 1902 1903 2050
f 2402 1714 2403
f 2404 2405 1718
f 1937 2404 2278
f 2300 2299 1725
f 2076 1353 1435
f 2342 2022 1424
f 2022 1414 1719
f 2286 2386 2085
f 1800 1402 1406
f 1344 1500 1345
f 1824 1352 2406
f 2277 2016 1446
f 2064 1610 1609
f 1302 2024 1743
f 2231 2255 1270
f 1885 2207 2155
f 2259 2258 2118
f 2070 1190 2407
f 2029 2068 2049
f 2050 2030 2029
f 2302 1462 1838
f 2333 2397 2210
f 1789 1788 1460
f 1247 1246 2222
f 2216 1636 1635
f 2244 1636 1945
f 1150 1733 1318
f 2408 1793 2369
f 2225 1845 1844
f 1755 1791 1790
f 2226 1598 1969
f 1598 1626 1596
f 2015 1661 2027
f 2156 1661 1660
f 1339 1177 1337
f 1836 1177 1176
f 2211 2262 1848
f 1373 1949 1948
f 1980 1727 2409
f 1723 2160 1724
f 1306 1556 2410
f 2410 1830 1237
f 2348 2005 2411
f 2348 1388 1441
f 2412 2129 2128
f 2129 1418 1468
f 2315 2314 1692
f 2413 2248 2247
f 1844 1843 2179
f 1612 2225 1844
f 2209 1450 1449
f 2058 1450 1769
f 2414 1221 1220
f 1216 1219 1891
f 1855 2008 2324
f 2331 1567 1566
f 2375 1567 1895
f 2323 2005 1705
f 2323 1409 1854
f 1385 1871 2089
f 1872 1871 1384
f 2302 1774 2210
f 2209 1774 1776
f 1301 2187 2061
f 2327 1283 1282
f 1406 2415 1407
f 2415 1402 1157
f 1754 2310 2416
f 1792 2199 2273
f 2417 2418 2147
f 2097 1748 1476
f 1748 1747 2114
f 1752 2093 2301
f 1142 2419 1965
f 2396 1777 1719
f 2396 2405 1716
f 2393 1708 2053
f 1574 1843 2420
f 2254 1574 1573
f 2421 2214 2413
f 2225 2272 1934
f 2276 1234 2064
f 2422 1589 1620
f 1529 1976 1524
f 1515 1976 1930
f 2330 1705 2006
f 2323 1705 1410
f 2402 2296 1227
f 1149 2423 1527
f 1350 2424 1778
f 2318 2060 2381
f 2081 2281 2185
f 2425 2426 2427
f 1332 1841 1677
f 1677 1676 2130
f 2181 1947 1741
f 1947 1949 1214
f 2368 1988 2039
f 1988 1987 1478
f 1260 1920 1261
f 2010 1594 2172
f 2196 1601 1600
f 2305 1601 1576
f 2336 1184 2123
f 1531 1186 1185
f 2428 2078 2144
f 1761 1699 1759
f 1207 2350 2349
f 2429 2430 1920
f 2412 1867 2385
f 2431 2283 2055
f 2431 1720 1715
f 1265 1280 1266
f 2121 1374 2340
f 2379 1230 2239
f 1230 1680 1682
f 1243 2432 1939
f 1439 1645 1152
f 2433 1631 2044
f 1800 1406 2146
f 2347 2012 2011
f 2355 2012 2026
f 1308 2434 1557
f 1308 1307 1785
f 2370 1986 1472
f 2370 1969 1597
f 2208 1595 1594
f 2284 1595 1999
f 1987 1495 1494
f 1888 1930 1369
f 1515 1930 1513
f 2159 1500 2241
f 1499 1325 1324
f 1455 2268 2390
f 2407 1190 1192
f 2264 1629 1550
f 1629 1628 2385
f 2368 1989 1988
f 2264 1550 1549
f 2319 1550 1866
f 2435 1753 2201
f 2289 1543 2234
f 2233 1543 1633
f 1767 1932 1548
f 2377 1767 1766
f 1318 1733 2236
f 1150 1318 1317
f 2260 1392 2295
f 1465 1298 2332
f 1585 1812 2263
f 1646 1650 1925
f 2066 2067 2260
f 2183 2067 1412
f 2436 1457 1488
f 1486 1488 1532
f 2058 1769 2153
f 1334 1336 2170
f 1274 1273 1283
f 2228 1614 1613
f 2226 1614 1598
f 2232 1997 2025
f 2233 1591 2234
f 2325 1591 1590
f 2148 2150 1441
f 1242 2437 2148
f 2290 1571 1613
f 2339 1571 1570
f 1832 1443 1834
f 2325 1546 2234
f 2303 1546 1561
f 2329 1643 2265
f 1627 1860 1911
f 1935 1427 1282
f 2360 1915 1569
f 2337 1915 1654
f 1814 1984 2120
f 1796 1533 1473
f 1242 1323 1240
f 2232 2025 1697
f 2393 2025 1996
f 2361 1200 1199
f 1175 2250 1292
f 1339 1175 1177
f 2125 1434 1433
f 1928 1434 1780
f 2309 1966 1709
f 1904 1966 1508
f 2318 2402 2060
f 2382 2060 1951
f 2438 1855 1854
f 2249 1690 1689
f 2293 1551 1578
f 2319 1551 1550
f 1445 1201 1446
f 1942 1780 1882
f 1928 1942 1941
f 2146 1406 2147
f 1587 2035 1695
f 2232 1672 1671
f 2373 1672 1698
f 1880 2439 1861
f 2018 1331 2434
f 1262 2195 1260
f 2194 1262 1801
f 2402 2403 2296
f 2403 2440 2441
f 2097 1478 1494
f 1988 1478 1477
f 1289 2439 2442
f 1247 1846 1244
f 1150 1317 1151
f 1316 2158 1317
f 1587 1586 1590
f 2208 1587 1696
f 2251 1423 1422
f 1888 1423 1930
f 2442 2252 1289
f 2252 1879 2199
f 1890 1739 1217
f 1739 1226 1667
f 1156 2415 1157
f 1374 1948 2340
f 1711 1710 2443
f 1307 1306 2089
f 1403 2002 1401
f 2204 1403 1529
f 2228 1606 1605
f 2304 1606 1559
f 2303 1560 1565
f 2339 1560 1559
f 2402 2318 1714
f 2273 1790 1792
f 1755 1790 1249
f 1883 1820 1741
f 1164 1826 1530
f 1506 2444 2168
f 1836 1506 1177
f 1312 1314 1482
f 2204 1314 2002
f 2115 1747 2245
f 2035 1589 2387
f 1223 2091 1830
f 1555 1223 1831
f 2287 2288 2009
f 1474 1363 2445
f 1872 2446 2447
f 2446 2034 1452
f 2337 1564 1563
f 2289 1564 1895
f 1628 1419 2412
f 1950 1806 2113
f 1805 1678 2113
f 2223 1581 1580
f 2329 1581 1445
f 1373 1399 1949
f 1967 1811 1348
f 2025 2393 1697
f 2006 1441 2150
f 2148 1441 1389
f 2448 1259 1258
f 2056 2149 1778
f 2330 2056 2395
f 2342 1835 2341
f 1541 1835 1368
f 1582 2329 1549
f 2264 2265 1642
f 2157 1649 1151
f 1440 1649 1648
f 2449 2409 1727
f 2419 1624 2136
f 1838 1462 2174
f 2302 1838 1774
f 2290 1613 1612
f 2228 1613 2021
f 1887 2236 1195
f 2233 1620 1591
f 2422 1620 1619
f 2293 1577 1582
f 2362 1577 1576
f 2303 1565 2234
f 2289 1565 1564
f 1307 2447 1785
f 2450 1773 1772
f 1490 2301 2003
f 1481 1174 1467
f 1440 1648 2328
f 2389 1648 1647
f 2451 1540 2437
f 1824 2406 1504
f 2274 1619 1618
f 2422 1619 1907
f 1269 2283 1413
f 1249 1765 1548
f 1248 1755 1249
f 2216 1635 1566
f 2331 1635 1632
f 2130 1333 1332
f 2130 1676 2452
f 2374 1616 1618
f 2274 1616 1622
f 2358 1482 2033
f 1327 2445 2213
f 2424 1779 1778
f 1424 1779 2424
f 2273 1766 1765
f 1766 2182 2376
f 1407 1156 1359
f 1460 1459 2235
f 2059 2048 2102
f 1344 2241 1500
f 2405 2269 1717
f 2395 1716 1704
f 2305 1579 1602
f 2326 1579 1578
f 1539 1540 2451
f 1725 2038 1926
f 2304 1562 1607
f 2392 1562 1561
f 1862 1343 1342
f 2431 2055 1721
f 2411 2005 1853
f 2411 2040 2041
f 2373 1395 1670
f 2243 1395 1394
f 2015 1637 1897
f 2373 1637 1395
f 1469 1418 1454
f 2409 2449 1710
f 2206 1452 2034
f 2446 1452 1785
f 2244 1640 1617
f 2399 1640 1639
f 1225 1227 2296
f 2402 1227 2060
f 2202 1904 1508
f 2055 2282 2045
f 2103 2453 2137
f 2229 1811 1172
f 1621 1623 2008
f 1438 1784 1783
f 2244 1945 1640
f 1426 1274 1427
f 1828 2428 2443
f 1509 1703 1273
f 2323 1410 1409
f 2271 1410 1704
f 2348 2041 1388
f 2266 2041 1639
f 2370 2454 1969
f 1933 2272 2454
f 1397 1299 1194
f 1318 1887 1316
f 2300 1926 1433
f 1433 1926 2125
f 1308 1556 1306
f 2410 1556 1831
f 1208 1537 2074
f 1775 1874 1776
f 1908 2009 2288
f 1897 1896 2074
f 2263 2211 1585
f 2262 2263 2120
f 1397 1372 1299
f 1527 2192 1149
f 2431 1413 2283
f 1269 1413 1267
f 2254 1573 2011
f 2347 1573 1394
f 1973 1169 2455
f 1397 1373 1372
f 1784 2164 2456
f 1722 2123 1457
f 2336 1722 1721
f 2457 2410 1237
f 2195 1878 2079
f 2458 2278 1416
f 2459 2439 1289
f 2449 1727 1726
f 1995 2171 1993
f 1230 2379 1228
f 2339 1570 1563
f 2337 1570 1915
f 1514 1513 1892
f 1522 1514 2134
f 2176 2380 1740
f 2380 1850 2460
f 2326 1608 1607
f 2400 1608 1592
f 2329 1447 1643
f 2252 1792 1305
f 1214 2364 1215
f 2293 1582 1549
f 2329 1582 1581
f 1225 1667 1226
f 2243 1757 1670
f 1671 1757 1881
f 2181 1820 1781
f 2355 2013 2012
f 2360 2013 1915
f 2272 1933 1934
f 1933 1533 1666
f 1724 2390 2038
f 2389 2390 2267
f 1726 1829 1828
f 2433 2044 1296
f 1557 2434 1333
f 1308 1557 1556
f 1775 1839 1874
f 2208 1588 1587
f 2384 1588 1600
f 1880 2442 2439
f 2442 1879 2252
f 1741 1947 1214
f 1821 1903 1876
f 1209 1698 1697
f 2373 1698 1896
f 2398 1653 2155
f 2156 1653 1652
f 1453 2134 2145
f 2206 1453 1452
f 1242 2451 2437
f 2324 1623 2040
f 2399 1623 1622
f 2233 1633 1618
f 2374 1633 1632
f 2331 1632 1542
f 2374 1632 1634
f 2264 1642 1627
f 1859 1642 1641
f 2015 2027 1393
f 2347 2027 2012
f 2452 1676 1799
f 2452 1555 1557
f 2284 1900 1593
f 1334 1900 2083
f 1906 1783 1329
f 1686 1936 1183
f 1995 1239 2042
f 2196 2042 2020
f 1931 1411 2270
f 2271 1411 1410
f 1729 1194 1193
f 1729 2003 2093
f 2426 1178 2096
f 2096 1700 2095
f 2400 1605 1604
f 2228 1605 1626
f 2325 1590 1586
f 1587 1590 2035
f 1594 1593 2170
f 2208 1594 1588
f 1521 2461 2063
f 1459 1461 2110
f 1943 2098 1944
f 2097 1749 1748
f 1360 2141 2407
f 1662 1886 1660
f 2391 1998 2414
f 2345 1472 1986
f 1472 1471 2454
f 2462 2307 2463
f 1470 1461 1460
f 1762 2318 2381
f 1884 1444 1443
f 1267 2315 1268
f 2066 1267 1412
f 1880 2079 1878
f 2389 2267 2328
f 2375 1568 1567
f 2398 1568 1653
f 2177 1851 1850
f 1807 1799 1805
f 2452 1799 1798
f 1165 1866 1166
f 2319 1165 1592
f 2131 1305 1791
f 2305 1576 1575
f 2362 1576 2020
f 2089 1994 1993
f 1883 1958 2383
f 2368 1962 1809
f 2391 1962 1998
f 2096 1701 1700
f 2309 1701 1797
f 1518 1361 2407
f 2396 1718 2405
f 2355 1655 1654
f 2375 1655 1651
f 2335 1466 2140
f 2139 1466 1492
f 2384 1603 1547
f 2392 1603 1602
f 2384 1600 1599
f 2196 1600 2010
f 1481 1467 1479
f 2335 1467 1466
f 2337 1656 1564
f 2375 1656 1655
f 1823 2464 1367
f 1824 1425 1352
f 1978 1973 2455
f 2293 1578 1575
f 2326 1578 1894
f 2333 2210 2334
f 2102 2465 2334
f 2431 1721 1720
f 2336 1721 1847
f 2304 1559 1558
f 2339 1559 2021
f 2460 1850 2382
f 2119 2464 1823
f 2458 1415 2341
f 2022 2342 1415
f 1152 1645 2277
f 1641 1447 2016
f 1331 2018 1731
f 1826 2343 1596
f 2279 2278 2458
f 2316 1735 2256
f 1735 1686 1183
f 2304 1607 1604
f 2326 1607 1924
f 2305 1602 1599
f 2392 1602 1924
f 1362 2072 1383
f 2159 2466 1325
f 1740 2380 2460
f 1739 1890 1740
f 2249 2036 2438
f 2146 2418 2307
f 2309 1709 1996
f 2393 1709 1708
f 2452 1798 1555
f 1751 2378 1952
f 1179 1178 2426
f 2096 1178 1701
f 2189 1901 2191
f 2284 1901 1900
f 1826 1625 1530
f 2400 1625 1605
f 1816 1960 2285
f 2269 1688 1687
f 1688 2405 2404
f 2215 1679 1982
f 1335 1334 2083
f 1814 1813 1984
f 1269 1268 2372
f 2251 1422 2310
f 2467 1153 1155
f 1440 1981 1439
f 1859 1981 1860
f 1988 1477 2039
f 2468 1284 1938
f 2022 1415 1414
f 1750 1290 1503
f 2244 1617 1634
f 2374 1617 1616
f 2049 1877 1902
f 2029 2028 2237
f 2349 2104 1309
f 1859 1641 1644
f 2215 1685 1405
f 1685 1482 2358
f 2278 2404 1416
f 1285 1288 1287
f 2274 1622 1621
f 2399 1622 1615
f 2022 1719 1779
f 2396 1719 1718
f 2266 1639 1638
f 2399 1639 2040
f 2156 1652 2026
f 2355 1652 1655
f 2289 1544 1543
f 2331 1544 1567
f 2431 1715 1413
f 2384 1547 1586
f 2325 1547 1546
f 2044 1631 1630
f 2400 1592 1530
f 2319 1592 1894
f 2303 1561 1558
f 2392 1561 1545
f 1379 2469 1377
f 2433 1296 1465
f 1297 1730 1193
f 2262 2100 1684
f 2082 1153 2366
f 1391 1991 1943
f 1343 2388 1341
f 1647 1646 1925
f 2389 1647 2038
f 2049 2068 1851
f 1819 2463 2417
f 2342 1366 1835
f 1366 1425 1367
f 1145 1148 2433
f 1428 2279 1432
f 2427 2321 2106
f 1491 2192 1140
f 1971 2421 2247
f 1977 2162 1973
f 1839 2087 1280
f 1408 2075 1347
f 2185 2281 2047
f 2440 1713 1758
f 2255 2017 1288
f 2166 2219 1658
f 1773 2450 1553
f 1437 2165 1438
f 2261 1461 2314
f 1429 1430 1168
f 1292 2250 1293
f 1365 1420 1953
f 1376 1535 1699
f 1510 1247 1511
f 2470 2471 2349
f 1918 2472 1921
f 1875 1253 1876
f 1761 1311 1699
f 1945 1980 1191
f 1708 2317 2053
f 1829 2200 1827
f 2105 1978 2047
f 1285 1270 2255
f 2346 1371 1370
f 1424 2424 1352
f 1485 2051 1349
f 1322 2070 2407
f 2466 2159 2090
f 2227 2473 2453
f 1795 1667 1533
f 1244 1380 1246
f 2151 1659 1912
f 2280 1659 1658
f 2306 2344 2322
f 1777 1779 1719
f 1251 1253 1211
f 1285 1287 1340
f 1833 1832 1869
f 2474 2475 1611
f 2298 2312 1171
f 1739 1795 1217
f 2259 2118 2240
f 2117 1745 1917
f 2366 1319 2014
f 2144 1711 2428
f 1917 1429 2245
f 1264 1505 1263
f 1247 1510 1846
f 2031 1552 1160
f 2334 1449 2102
f 2352 2351 1611
f 2160 1693 1455
f 2344 2343 2007
f 2462 2463 2242
f 1499 1426 1428
f 1740 2460 1951
f 1233 1497 1819
f 1819 2242 2463
f 1431 2138 1898
f 1662 2073 1886
f 2280 1507 1180
f 1840 2133 2238
f 2456 2164 1475
f 2212 2205 1941
f 1286 2414 1938
f 1476 2468 1477
f 1284 2468 1271
f 2008 2287 2009
f 1611 2475 1609
f 2453 1746 2292
f 1972 1235 2475
f 1321 2070 1322
f 1338 2249 1339
f 2242 1497 1496
f 1295 1158 2187
f 1816 2285 1817
f 1663 2071 1664
f 2139 1968 2246
f 2378 1979 1379
f 2471 2470 1761
f 2328 2476 1860
f 2360 2180 2011
f 2254 2180 2179
f 1889 1498 1497
f 1752 2301 1526
f 1929 1773 1898
f 2338 2432 1243
f 1322 2407 2141
f 2088 1956 1958
f 1360 1362 1706
f 2191 1999 2444
f 2472 1525 1681
f 2412 2385 1628
f 1245 1244 1362
f 1892 2251 1248
f 1164 2343 1826
f 2081 1912 1659
f 2366 2014 2082
f 1903 2132 2050
f 1538 1537 2107
f 1286 1285 1340
f 1338 1337 2275
f 2403 1714 1713
f 1343 2477 2388
f 1379 2477 2469
f 1493 1944 2098
f 2282 1737 2108
f 1902 1877 1876
f 2459 2478 2439
f 2478 2469 1862
f 2419 2136 2024
f 1433 1435 1353
f 2226 2272 2225
f 1256 2001 1254
f 1864 1837 1142
f 2220 2276 2475
f 2479 2082 2014
f 1898 2138 2480
f 1147 1858 1857
f 2075 1407 1359
f 1985 1984 2257
f 2464 2119 2258
f 1430 1916 1744
f 1913 2185 2186
f 1409 1690 1854
f 2230 2468 1476
f 1957 1956 2201
f 1377 2469 2478
f 2306 2322 1787
f 2216 1727 1980
f 1417 1454 1418
f 2142 2132 1973
f 2418 2417 2463
f 1339 2250 1175
f 1689 1293 2250
f 1477 2468 1938
f 1752 2363 1398
f 1736 1737 2283
f 1228 1801 1229
f 1436 2065 2064
f 1354 2108 1737
f 1323 2141 1240
f 1539 1241 1511
f 2335 1742 1743
f 2203 2065 1436
f 2200 1885 1357
f 1490 1489 2301
f 1327 2213 1328
f 1528 1370 1529
f 1265 1224 1279
f 2138 2137 2480
f 1398 1194 2093
f 1742 2140 2188
f 2408 2369 2420
f 2371 1802 1554
f 2351 2474 1611
f 2161 2237 2028
f 1464 1297 1193
f 2370 1597 2306
f 2447 1873 1872
f 1987 1494 1478
f 2245 1747 2367
f 1157 1909 1158
f 1699 1535 2481
f 1390 2067 2183
f 1631 2433 1148
f 2476 1911 1860
f 1909 1401 1803
f 2372 1694 1723
f 2188 2140 2246
f 1300 2188 1927
f 2091 2223 2092
f 2142 2162 2161
f 1959 2482 1665
f 1759 1665 1664
f 2274 1908 1619
f 1159 1197 2031
f 1436 2064 2221
f 1610 2065 2166
f 1365 1206 1205
f 2418 2463 2307
f 1755 1754 1791
f 2268 1455 1417
f 2362 2224 1580
f 2092 2223 1238
f 2182 1228 2376
f 2377 2154 2153
f 2391 1218 1961
f 1796 1218 1217
f 1377 2478 2459
f 2435 1215 2364
f 2364 2363 2435
f 2385 1867 1866
f 2128 2007 1867
f 1888 1387 1421
f 1232 1387 1497
f 2456 1474 1782
f 2451 1242 1241
f 2286 2068 2386
f 2128 2322 2344
f 1237 1830 2092
f 2438 1854 1690
f 1355 2300 1353
f 1336 1993 2171
f 2430 2311 1921
f 1239 1995 1994
f 1251 1340 1287
f 1340 1210 1221
f 2438 2287 1855
f 2043 2042 1239
f 2453 2292 2227
f 2473 2137 2453
f 1960 1663 2482
f 2382 1951 2460
f 2132 2142 2030
f 2121 2126 1650
f 1463 2302 2397
f 2169 2422 1907
f 1736 1269 2372
f 1967 1971 1968
f 2177 2380 2176
f 2119 2118 2258
f 1276 1278 2353
f 2004 2388 2477
f 2186 1914 1913
f 1315 2483 1234
f 2396 1716 2395
f 1785 2434 1308
f 2230 1272 1271
f 2442 1880 1879
f 1863 1342 2080
f 2450 2371 1553
f 2148 2437 1351
f 2167 2275 2168
f 1161 1160 2062
f 1197 1375 1167
f 1296 1298 1465
f 2323 1854 1853
f 1207 2349 1208
f 2348 1441 2006
f 2414 1220 2391
f 1216 1220 1219
f 2480 2394 1898
f 2466 1326 1325
f 1905 2203 1438
f 1179 2281 2280
f 1659 2281 2081
f 1816 2143 2071
f 2043 1239 1238
f 1507 2280 1658
f 1612 1844 2291
f 2000 1975 1254
f 1161 2062 2063
f 1397 1399 1373
f 1849 1520 1521
f 1438 1783 1905
f 1797 1180 1508
f 2280 1180 1179
f 2446 1923 2034
f 2358 1923 1404
f 1899 2083 1900
f 2318 1762 1974
f 2117 1917 2367
f 1159 1198 1197
f 1869 1584 1583
f 2353 1278 1812
f 1920 2430 1921
f 1583 1585 2211
f 1914 1169 2484
f 2421 1971 1970
f 2183 1715 1456
f 2137 2473 1457
f 1914 2151 1912
f 1449 2334 2210
f 2334 2465 2332
f 1505 1504 1540
f 1492 1811 2139
f 1304 1289 2252
f 1892 1248 1893
f 1858 1147 2465
f 2413 1359 1927
f 2269 2405 1688
f 1877 1851 2177
f 1722 1456 1720
f 1552 1167 1553
f 2465 2102 1858
f 2397 2332 1298
f 1255 1974 1762
f 1677 2130 1332
f 1399 1398 2363
f 1333 2434 1331
f 1332 1331 2054
f 2066 2315 1267
f 1493 2098 1494
f 1911 2476 1786
f 2409 1710 1191
f 2320 2321 2094
f 2473 2227 1458
f 1904 1906 1707
f 2126 1925 1650
f 1683 2461 1185
f 2114 1747 2115
f 2398 2155 1868
f 1184 1186 2123
f 1488 1186 1532
f 2279 1428 1427
f 1762 2381 1763
f 1745 1991 1746
f 1688 2404 1937
f 1979 2378 1751
f 2346 1870 1498
f 2075 1359 2214
f 1890 1217 1216
f 1251 1287 1252
f 2157 1151 1317
f 1722 1457 1456
f 1164 1166 2007
f 2484 2351 1914
f 2217 2144 2143
f 1957 2201 1753
f 2413 2214 1359
f 2096 2427 2426
f 1884 1443 1833
f 1356 2078 1827
f 1188 1381 2132
f 1735 1183 1182
f 1827 2428 1828
f 2443 2428 1711
f 1211 1253 1875
f 1340 1251 1210
f 1219 1212 1740
f 2176 1212 1211
f 2411 2041 2348
f 1953 1955 1365
f 1474 2445 1782
f 1740 1891 1219
f 1216 1891 1890
f 1206 1365 1364
f 2456 1475 1474
f 1286 1221 2414
f 1219 1221 1212
f 1181 1485 1484
f 1934 1793 1845
f 2441 2369 2297
f 2051 1865 1281
f 1181 1183 1936
f 2297 2296 2441
f 1794 2297 2369
f 2465 1147 1146
f 1156 1407 2415
f 1725 1926 2300
f 2422 2387 1589
f 1695 2035 2387
f 1992 2367 1747
f 1327 1782 2445
f 1585 2353 1812
f 1773 1929 1771
f 1964 1149 1145
f 1484 1171 1170
f 1845 2408 1843
f 2441 2420 2369
f 1174 1173 1467
f 1492 1173 1170
f 2416 2310 1155
f 2131 2416 1154
f 1735 1182 2256
f 1484 1182 1181
f 1198 1161 1983
f 2265 1643 1642
f 2249 1689 2250
f 1170 1172 1492
f 2256 2057 1174
f 1170 2057 1484
f 1341 1919 1342
f 1539 1263 1505
f 1732 1574 2420
f 2024 1302 1965
f 1178 1180 1797
f 1523 2034 1738
f 1179 2426 2425
f 2472 2356 1921
f 1751 1750 1979
f 1350 1778 2149
f 2415 1406 1402
f 1495 2295 1493
f 1241 1539 2451
f 1665 1759 2481
f 2443 2449 1828
f 1498 1870 2307
f 1296 1730 1297
f 2209 1806 1950
f 2459 1289 1291
f 1311 1761 2470
f 2425 2281 1179
f 2078 2077 2071
f 1501 1154 2082
f 1657 2151 2352
f 2452 1557 2130
f 1704 1717 2271
f 2406 1540 1504
f 2465 1146 2332
f 1144 1143 1910
f 1260 2079 2429
f 1611 1657 2352
f 2437 1540 1351
f 1303 1503 1290
f 1154 1303 2131
f 1814 2120 2263
f 2469 2477 1343
f 1472 2454 2370
f 1354 2076 2205
f 2436 1488 1487
f 1665 2482 1663
f 2157 2158 2122
f 1378 1377 1952
f 2002 1803 1401
f 1819 2417 1202
f 2203 2219 2065
f 2338 1817 2432
f 1442 2383 1957
f 1965 1301 1143
f 2332 2397 2333
f 1465 2332 1146
f 1817 2338 1815
f 2218 2338 1383
f 2063 2101 1983
f 1330 1203 1283
f 1499 1275 1426
f 2359 2077 1356
f 1624 2419 1837
f 2461 1683 2099
f 1222 2091 1223
f 1391 1390 2292
f 2104 2350 1954
f 1356 1358 2359
f 1358 1357 2032
f 1348 1347 1970
f 2161 2028 2142
f 1449 2210 2209
f 1761 1760 2359
f 2077 1760 1664
f 1477 1998 2039
f 2184 2169 2168
f 1199 1224 1265
f 2240 2241 1541
f 1500 1325 1499
f 2359 2107 1761
f 2471 2107 1537
f 1362 1361 2072
f 1383 2072 2218
f 1422 1155 2310
f 2416 1155 1154
f 2287 2438 2036
f 1916 1430 1917
f 1766 2193 2182
f 2461 1521 1185
f 2365 2366 1153
f 2356 2472 2357
f 2105 2047 2425
f 1469 1693 2313
f 1191 1980 2409
f 1501 2401 1502
f 1241 1240 1512
f 1839 2174 2087
f 2247 1968 1971
f 1553 1898 1773
f 2069 1190 2070
f 1531 1520 1772
f 2085 2320 2094
f 2077 1664 2071
f 1836 1837 1864
f 1201 1669 1222
f 2478 1861 2439
f 2079 1880 1863
f 1421 2467 1422
f 1153 2467 2365
f 1501 2082 2401
f 1798 1279 1224
f 2480 1487 2394
f 1170 1174 2057
f 2457 2089 1306
f 1213 1215 2088
f 1733 2308 2173
f 1979 2401 2479
f 1638 1946 2069
f 1946 1945 1191
f 1897 2073 1662
f 1668 1225 1794
f 2089 1873 1307
f 2078 2428 1827
f 1239 1994 1237
f 1486 2394 1487
f 2003 2044 1490
f 1511 2222 1539
f 1204 1534 1376
f 2413 2247 2421
f 1509 1275 1324
f 2014 2004 2479
f 1187 1189 1822
f 2093 1752 1398
f 1391 2292 1991
f 1236 1382 1475
f 2106 2105 2427
f 1922 2357 1680
f 1390 1392 2067
f 1793 2408 1845
f 1935 2279 1427
f 1256 2095 1700
f 2321 2096 2094
f 1956 2088 1215
f 1145 2433 1465
f 2239 2048 2059
f 1858 2048 1856
f 2320 2163 2106
f 2285 1939 1817
f 2403 2441 2296
f 2118 1825 1163
f 1257 1841 1258
f 1677 1257 2112
f 1521 2062 1849
f 2099 2063 2461
f 2212 2108 2205
f 2282 2108 2045
f 1840 1258 1841
f 1753 2363 1752
f 1823 1367 1425
f 2425 2047 2281
f 1207 2053 2350
f 2094 2086 2085
f 2398 1728 1566
f 2216 1728 1727
f 2055 2283 2282
f 1805 2113 1806
f 1769 2113 1770
f 2211 2109 2212
f 1327 1329 1782
f 2312 1348 2229
f 1373 1948 1374
f 2383 1958 1957
f 1384 1871 1385
f 1999 1696 2184
f 1748 2114 2230
f 2055 2045 1847
f 1848 2045 2109
f 1448 2102 1449
f 2408 2420 1843
f 1732 2420 2441
f 1726 1828 2449
f 1868 2207 1829
f 2438 1690 2249
f 2059 2102 1448
f 2406 1351 1540
f 1429 2017 2231
f 2358 1404 1405
f 1335 1404 1384
f 1758 1732 2440
f 1321 1323 1389
f 1372 1374 2158
f 2203 2202 2219
f 2448 1548 1932
f 2446 1872 1923
f 1685 2215 1312
f 1283 1349 2051
f 1208 2074 1896
f 2073 1897 2074
f 2207 1868 2155
f 1713 2440 2403
f 2441 2440 1732
f 1885 1660 1886
f 1768 1770 1932
f 2112 1770 2113
f 1680 1261 1922
f 2448 1250 1548
f 1706 1510 1512
f 1754 2416 2131
f 1768 1932 1767
f 2448 1932 1259
f 2356 1922 1921
f 1160 1802 2371
f 2078 2071 2143
f 1252 1822 1253
f 1390 2227 2292
f 1798 1224 1223
f 1274 1283 2327
f 1883 1741 1958
f 1319 1320 2014
f 2357 2472 1681
f 1676 1678 1805
f 2112 1678 1677
f 1725 2299 1723
f 2338 1243 1383
f 2261 2110 1461
f 1303 1290 1304
f 1675 2423 1963
f 2157 1650 1649
f 1675 1525 1527
f 1680 2357 1681
f 1223 1555 1798
f 2031 1160 1159
f 1674 1673 1682
f 1749 1992 1747
f 1974 1712 2318
f 1230 1682 2239
f 1856 1682 1673
f 2079 2080 2429
f 2458 1432 2279
f 2308 1266 2087
f 1263 1539 2222
f 2127 2322 2128
f 1176 1624 1837
f 1292 2135 1175
f 1883 1444 1884
f 2118 1163 2090
f 1951 1226 1740
f 1623 2324 2008
f 1431 1744 2138
f 1624 1175 2135
f 2471 1208 2349
f 2298 1171 1349
f 1408 2147 1406
f 2350 2317 1954
f 1229 1680 1230
f 2335 1743 1517
f 2129 2412 1419
f 2474 2484 1972
f 1738 1483 1524
f 1819 1320 1818
f 1496 2307 2462
f 1309 1311 2470
f 1352 2424 1350
f 2390 1724 1455
f 2131 1791 1754
f 1517 2023 1294
f 2458 1416 1415
f 1315 1236 2165
f 1584 2354 2353
f 2483 1315 1437
f 2467 1421 1386
f 1862 2469 1343
f 2478 1862 1861
f 1675 1527 2423
f 2341 1346 2458
f 1554 1553 2371
f 2224 1238 2223
f 2365 1231 1319
f 2169 2387 2422
f 1242 2148 1389
f 2145 2134 2133
f 1300 2187 1301
f 2034 1523 2206
f 1208 2471 1537
f 2017 1381 1188
f 2411 1853 2324
f 2106 2163 1977
f 2135 1294 2023
f 1326 2019 1330
f 1683 1185 1184
f 1750 1503 1502
f 2173 2308 2174
f 2412 2128 1867
f 1918 1140 2472
f 2467 1155 1422
f 1694 1268 2315
f 1506 2168 1337
f 2059 2152 2239
f 2379 2152 2154
f 2450 1772 1849
f 1803 2002 1313
f 1907 2167 2169
f 2346 1528 1870
f 2220 2475 1235
f 1379 1378 2378
f 1724 2038 1725
f 2159 2241 2118
f 2152 2059 2058
f 2054 1731 1842
f 1864 1144 2253
f 1928 2076 1435
f 2377 2153 1768
f 2058 2153 2152
f 2467 1386 2365
f 1386 1232 1231
f 1584 2353 1585
f 2324 2040 2411
f 2197 2171 1995
f 1336 2171 2170
f 1852 2068 2286
f 1990 2417 2147
f 1529 1370 1976
f 2217 2143 1815
f 1788 2127 1468
f 1983 2101 1984
f 1693 1469 1454
f 1468 1418 1469
f 1419 1418 2129
f 1491 1526 1489
f 1759 1664 1760
f 1900 1334 1593
f 1797 1508 1966
f 1889 1888 1371
f 2186 2455 1169
f 1266 2308 2361
f 1999 2184 2444
f 1392 1493 2295
f 1461 1470 2313
f 1468 1470 1460
f 2010 2172 2197
f 2170 2172 1594
f 1417 1419 1786
f 2170 1593 1334
f 1990 1347 2417
f 1527 1140 2192
f 1734 2308 1733
f 2445 1955 2213
f 2004 1140 2388
f 2191 2444 1506
f 2168 2444 2184
f 1256 1255 2086
f 1785 2018 2434
f 1955 1363 1365
f 2254 2179 1843
f 1844 2179 2291
f 2123 1488 1457
f 2050 2049 1902
f 2155 1660 1885
f 1621 1908 2274
f 2129 1468 2127
f 1281 1283 2051
f 1939 1380 1244
f 1507 1658 2219
f 2286 1764 1763
f 1783 1782 1329
f 2317 1328 2213
f 2277 2361 1734
f 1825 1504 1264
f 1430 1744 1431
f 1532 1531 1772
f 2462 2242 1496
f 1246 1263 2222
f 2185 1913 2081
f 2456 1782 1784
f 1612 2291 2290
f 2178 2291 2179
f 2277 1200 2361
f 1201 1200 1446
f 2395 2056 1777
f 1369 1371 1888
f 2406 1352 1351
f 2257 1277 1985
f 1982 2190 2215
f 1864 2190 2189
f 1808 2111 1989
f 1222 1224 1199
f 1142 1837 2419
f 2349 1309 2470
f 1491 1631 2192
f 2302 2210 2397
f 2073 1536 2032
f 2139 1811 1968
f 2116 1272 2114
f 2410 2457 1306
f 1850 1852 2382
f 2260 2295 2261
f 2061 1143 1301
f 1409 1691 1690
f 2054 1331 1731
f 2060 2382 2381
f 2475 2276 1609
f 2182 2194 1801
f 1987 1989 2294
f 2263 1812 1814
f 2290 2178 1569
f 2360 2178 2180
f 1829 2207 2200
f 1972 2475 2474
f 1674 1681 1525
f 2019 1203 1330
f 1955 2445 1363
f 1960 2482 1959
f 1196 1985 1277
f 2354 1584 1832
f 2432 1817 1939
f 2072 1519 2218
f 1995 2042 2197
f 1386 1231 2365
f 1270 1285 1284
f 2257 1984 1813
f 1707 1906 1328
f 1442 1444 2383
f 2315 1692 1694
f 1927 2188 2248
f 1289 1304 1290
f 2146 2147 2418
f 2202 1508 1507
f 1763 2382 1852
f 2135 2023 2136
f 1248 1756 1755
f 2313 1693 1692
f 1312 1804 1313
f 2037 2288 2036
f 1206 1940 1204
f 1464 2175 1462
f 1823 1825 2119
f 1985 1196 1983
f 1969 2454 2272
f 1933 2454 1471
f 1627 1911 1628
f 1855 2287 2008
f 1555 1831 1556
f 2410 1831 1830
f 1630 1490 2044
f 1365 1205 1420
f 2061 1158 1909
f 2114 1272 2230
f 2386 2237 2320
f 1707 1328 1708
f 1898 2394 1929
f 2354 1834 1375
f 2435 2201 1215
f 2484 2474 2351
f 2405 1717 1716
f 2481 1535 1959
f 1812 1278 1813
f 1957 1139 1442
f 1718 1416 2404
f 2125 2121 2340
f 2148 1351 2149
f 1821 1876 1253
f 1181 2051 1485
f 2327 1282 1427
f 1818 1320 1231
f 1147 1857 1964
f 1429 1917 1430
f 1172 2312 2229
f 2231 2017 2255
f 2329 1445 1447
f 1958 1741 1213
f 2346 1498 1371
f 2421 1970 2214
f 1736 2283 1269
f 1236 1234 1382
f 2414 1998 1938
f 1159 1161 1198
f 2364 1214 1949
f 1769 1950 2113
f 1254 2001 2000
f 2436 2480 2137
f 2361 1199 1266
f 2166 1658 1657
f 1514 1893 2134
f 2136 2023 2024
f 2023 1517 1743
f 1699 2481 1759
f 1665 2481 1959
f 1878 2195 2194
f 2032 1886 2073
f 2473 1458 1457
f 2457 1237 1994
f 1733 2173 2175
f 1781 2340 2181
f 1457 2436 2137
f 1749 2098 1943
f 1495 1987 2294
f 2448 1258 1840
f 2354 1375 1276
f 2311 1919 1918
f 2386 2320 2085
f 1475 2164 1236
f 2030 2050 2132
f 2219 2166 2065
f 2449 2443 1710
f 1211 1875 2176
f 1144 1910 1804
f 1965 2419 2024
f 2154 2376 2379
f 1358 2032 1538
f 1261 1229 1262
f 2120 2101 2100
f 2364 1949 1399
f 2245 2367 1917
f 1451 1731 2018
f 2145 1731 1453
f 1291 1952 2459
f 2268 2267 2390
f 2075 1970 1347
f 2193 2199 2198
f 2031 1167 1552
f 1199 1201 1222
f 1442 1834 1443
f 1291 1290 1750
f 1332 2054 1841
f 1840 1842 2133
f 1376 1311 1310
f 2251 1892 1513
f 1436 2221 1437
f 1753 2435 2363
f 1838 2174 1839
f 2175 2174 1462
f 2184 1695 2169
f 2104 1954 1953
f 2115 1429 2116
f 1374 2121 2122
f 1361 1360 2407
f 2151 1914 2352
f 2139 2246 2140
f 2160 1694 1693
f 1819 1202 1320
f 1907 2288 2037
f 1976 1370 1369
f 1250 2238 1248
f 1248 2238 1893
f 1489 1526 2301
f 1840 1250 2448
f 2049 1851 1877
f 2423 1149 1964
f 1720 1456 1715
f 1384 1336 1335
f 2328 1860 1981
f 2371 2062 1160
f 1252 1288 2124
f 1277 1276 1375
f 2372 1723 2299
f 1711 2217 1519
f 2116 1429 1272
f 1244 1243 1939
f 2162 1977 2163
f 2163 2320 2237
f 2221 1234 2483
f 2084 2429 2080
f 1963 2423 1964
f 2386 2068 2029
f 1541 2259 2240
f 1464 1195 2236
f 2275 2037 1338
f 1433 1353 2300
f 1666 1533 1667
f 2096 2321 2427
f 2043 2224 2362
f 1675 1963 1673
f 1228 2379 2376
f 1927 2187 1300
f 2082 2479 2401
f 1368 2464 2258
f 1991 2117 1992
f 2124 1188 1252
f 1372 2158 1316
f 2311 2430 2429
f 1436 1438 2203
f 2277 1446 1200
f 1318 2236 1887
f 1959 1534 1940
f 2459 1952 1377
f 1529 1524 2204
f 1963 1857 1673
f 2046 2455 2186
f 2120 2100 2262
f 1683 2100 2099
f 2407 1192 1518
f 2297 1794 1225
f 2267 1786 2476
f 1196 1375 1197
f 2466 2090 1326
f 1348 2312 2298
f 1261 1920 1922
f 1918 1921 2311
f 1446 2016 1447
f 1644 1641 1645
f 2464 1368 1367
f 2436 1487 2480
f 2344 2007 2128
f 2447 1307 1873
f 1785 2447 2446
f 1526 1139 1753
f 2328 2267 2476
f 1903 1821 1189
f 2471 1761 2107
f 1379 2004 2477
f 2246 2248 2188
f 1927 2248 2413
f 2483 1437 2221
f 1746 2453 2103
f 1347 1202 2417
f 2064 1609 2276
f 2425 2427 2105
f 1905 1783 1906
f 1978 2455 2046
f 2089 2457 1994
f 1597 1596 2343
f 1479 1517 1516
f 2230 1271 2468
f 1284 1271 1270
f 1192 1191 1710
f 2311 2429 2084
f 1802 1552 1554
f 1979 2479 2004
f 1934 1666 1793
f 1849 2371 2450
f 2354 1832 1834
f 1237 2092 1238
f 1498 2307 1496
f 1310 1205 1376
f 1264 1163 1825
f 1896 1209 1208
f 2157 2122 1650
f 1374 2122 2158
f 2111 2294 1989
f 1881 1712 1975
f 2342 2341 1415
f 1432 2458 1346
f 1713 1712 1881
f 2165 1437 1315
f 1784 2165 2164
f 2429 1920 1260
f 1889 1371 1498
f 2485 16 14
f 16 2485 52
f 2 2486 27
f 2486 2 742
f 2487 11 10
f 11 2487 30
f 38 2488 40
f 2488 38 951
f 2489 65 64
f 65 2489 84
f 2490 70 68
f 70 2490 106
f 56 2491 81
f 2491 56 926
f 92 2492 94
f 2492 92 1120
f 115 2493 117
f 2493 115 1096
f 124 2494 128
f 2494 124 1038
f 2495 135 132
f 135 2495 961
f 110 2496 145
f 2496 110 1117
f 154 2497 156
f 2497 154 1050
f 149 2498 173
f 2498 149 233
f 182 2499 184
f 2499 182 236
f 163 2500 167
f 2500 163 190
f 177 2501 199
f 2501 177 256
f 209 2502 213
f 2502 209 304
f 2503 220 217
f 220 2503 339
f 2504 242 240
f 242 2504 669
f 2505 290 289
f 290 2505 298
f 2506 307 308
f 307 2506 345
f 2507 363 513
f 363 2507 520
f 363 2508 371
f 2508 363 427
f 2509 363 362
f 363 2509 434
f 2510 411 412
f 411 2510 469
f 2511 449 450
f 449 2511 457
f 2512 492 490
f 492 2512 499
f 2513 476 477
f 476 2513 534
f 2514 557 555
f 557 2514 564
f 2515 541 542
f 541 2515 599
f 2516 634 633
f 634 2516 694
f 237 2517 263
f 2517 237 647
f 655 2518 657
f 2518 655 712
f 2519 672 673
f 672 2519 745
f 681 2520 685
f 2520 681 793
f 2521 701 702
f 701 2521 709
f 2522 720 721
f 720 2522 733
f 2523 805 806
f 805 2523 948
f 813 2524 815
f 2524 813 929
f 822 2525 826
f 2525 822 912
f 797 2526 830
f 2526 797 846
f 915 2527 936
f 2527 915 939
f 2528 1064 1062
f 1064 2528 1081
f 2529 1042 1043
f 1042 2529 1077
f 1069 2530 1090
f 2530 1069 1093
f 1104 2531 1108
f 2531 1104 1127
g Body2

v 0.744000 -0.212000 0.024000
v 0.744000 -0.212000 -0.002000
v 0.838000 -0.172000 0.023250
v 0.838000 -0.172000 -0.002000
v 0.934000 -0.140000 0.024000
v 0.934000 -0.140000 -0.002000
v 1.034000 -0.118000 0.023250
v 1.034000 -0.118000 -0.002000
v 1.134000 -0.104000 0.024000
v 1.134000 -0.104000 -0.002000
v 1.236000 -0.100000 0.023250
v 1.236000 -0.100000 -0.002000
v 1.234000 -0.188000 -0.002750
v 1.234000 -0.192000 0.012000
v 1.234000 -0.188000 0.024000
v 1.236000 -0.274000 0.024000
v 1.236000 -0.274000 -0.002000
v 1.234000 -0.334000 0.012000
v 1.228000 -0.390000 -0.002000
v 1.228000 -0.390000 0.024000
v 1.122000 -0.342000 0.012000
v 1.114000 -0.338000 -0.002000
v 1.012000 -0.298000 0.012000
v 0.996000 -0.292000 -0.002000
v 0.880000 -0.252000 0.012000
v 0.872000 -0.250000 -0.002000
v 0.872000 -0.250000 0.024000
v 0.996000 -0.292000 0.024000
v 1.114000 -0.338000 0.024000
v 1.338000 -0.104000 0.024000
v 1.338000 -0.104000 -0.002000
v 1.440000 -0.118000 0.023250
v 1.440000 -0.118000 -0.002000
v 1.538000 -0.140000 0.024000
v 1.538000 -0.140000 -0.002000
v 1.636000 -0.172000 0.023250
v 1.636000 -0.172000 -0.002000
v 1.730000 -0.212000 0.024000
v 1.730000 -0.212000 -0.002000
v 1.602000 -0.250000 -0.002000
v 1.594000 -0.252000 0.012000
v 1.602000 -0.250000 0.024000
v 1.478000 -0.292000 0.024000
v 1.464000 -0.296000 0.012000
v 1.358000 -0.338000 0.024000
v 1.352000 -0.342000 0.012000
v 1.244000 -0.390000 0.024000
v 1.244000 -0.390000 -0.002000
v 1.358000 -0.338000 -0.002000
v 1.478000 -0.292000 -0.002000
v 1.240000 -0.334000 0.012000
v 1.238000 -0.192000 0.012000
v 1.238000 -0.188000 -0.002000
v 1.238000 -0.188000 0.024000
v 2.262000 -0.746000 0.024000
v 2.262000 -0.746000 -0.002000
v 2.302000 -0.840000 0.023250
v 2.302000 -0.840000 -0.002000
v 2.334000 -0.936000 0.024000
v 2.334000 -0.936000 -0.002000
v 2.356000 -1.036000 0.023250
v 2.356000 -1.036000 -0.002000
v 2.370000 -1.136000 0.024000
v 2.370000 -1.136000 -0.002000
v 2.374000 -1.238000 0.023250
v 2.374000 -1.238000 -0.002000
v 2.286000 -1.236000 -0.002750
v 2.284000 -1.236000 0.012000
v 2.286000 -1.236000 0.024000
v 2.200000 -1.238000 0.024000
v 2.200000 -1.238000 -0.002000
v 2.140000 -1.236000 0.012000
v 2.084000 -1.230000 -0.002000
v 2.084000 -1.230000 0.024000
v 2.134000 -1.124000 0.012000
v 2.136000 -1.116000 -0.002000
v 2.178000 -1.014000 0.012000
v 2.184000 -0.998000 -0.002000
v 2.222000 -0.882000 0.012000
v 2.226000 -0.874000 -0.002000
v 2.226000 -0.874000 0.024000
v 2.184000 -0.998000 0.024000
v 2.136000 -1.116000 0.024000
v 2.370000 -1.340000 0.024000
v 2.370000 -1.340000 -0.002000
v 2.356000 -1.442000 0.023250
v 2.356000 -1.442000 -0.002000
v 2.334000 -1.540000 0.024000
v 2.334000 -1.540000 -0.002000
v 2.302000 -1.638000 0.023250
v 2.302000 -1.638000 -0.002000
v 2.262000 -1.732000 0.024000
v 2.262000 -1.732000 -0.002000
v 2.226000 -1.604000 -0.002000
v 2.224000 -1.596000 0.012000
v 2.226000 -1.604000 0.024000
v 2.184000 -1.480000 0.024000
v 2.178000 -1.466000 0.012000
v 2.136000 -1.360000 0.024000
v 2.134000 -1.354000 0.012000
v 2.084000 -1.246000 0.024000
v 2.084000 -1.246000 -0.002000
v 2.136000 -1.360000 -0.002000
v 2.184000 -1.480000 -0.002000
v 2.140000 -1.242000 0.012000
v 2.284000 -1.240000 0.012000
v 2.286000 -1.240000 -0.002000
v 2.286000 -1.240000 0.024000
v 2.126000 -1.950000 0.024000
v 2.126000 -1.950000 -0.002000
v 2.070000 -2.014000 0.023250
v 2.070000 -2.014000 -0.002000
v 2.012000 -2.072000 0.024000
v 2.012000 -2.072000 -0.002000
v 1.948000 -2.128000 0.023250
v 1.948000 -2.128000 -0.002000
v 1.848000 -2.060000 -0.002000
v 1.840000 -2.054000 0.012000
v 1.848000 -2.060000 0.024000
v 1.756000 -1.994000 0.024000
v 1.740000 -1.982000 0.012000
v 1.670000 -1.926000 0.024000
v 1.662000 -1.920000 0.012000
v 1.592000 -1.858000 0.024000
v 1.592000 -1.858000 -0.002000
v 1.670000 -1.926000 -0.002000
v 1.756000 -1.994000 -0.002000
v 1.664000 -1.798000 0.012000
v 1.664000 -1.798000 -0.002000
v 1.730000 -1.734000 0.011250
v 1.732000 -1.734000 -0.002000
v 1.796000 -1.666000 0.012000
v 1.796000 -1.666000 -0.002000
v 1.856000 -1.594000 -0.002000
v 1.856000 -1.594000 0.024000
v 1.796000 -1.666000 0.024000
v 1.732000 -1.734000 0.024000
v 1.664000 -1.798000 0.024000
v 1.918000 -1.664000 0.012000
v 1.924000 -1.672000 -0.002000
v 1.978000 -1.740000 0.012000
v 1.992000 -1.758000 -0.002000
v 2.052000 -1.840000 0.012000
v 2.058000 -1.850000 -0.002000
v 2.058000 -1.850000 0.024000
v 1.992000 -1.758000 0.024000
v 1.924000 -1.672000 0.024000
v 0.526000 -2.128000 0.024000
v 0.526000 -2.128000 -0.002000
v 0.594000 -2.178000 0.023250
v 0.594000 -2.178000 -0.002000
v 0.668000 -2.224000 0.024000
v 0.668000 -2.224000 -0.002000
v 0.744000 -2.264000 0.023250
v 0.744000 -2.264000 -0.002000
v 0.600000 -2.300000 0.012000
v 0.590000 -2.302000 -0.002000
v 0.452000 -2.328000 0.012000
v 0.432000 -2.332000 -0.002000
v 0.278000 -2.356000 0.012000
v 0.268000 -2.358000 -0.002000
v 0.098000 -2.376000 -0.002000
v 0.098000 -2.376000 0.024000
v 0.268000 -2.358000 0.024000
v 0.432000 -2.332000 0.024000
v 0.590000 -2.302000 0.024000
v 0.214000 -2.314000 -0.002750
v 0.220000 -2.310000 0.012000
v 0.214000 -2.314000 0.024000
v 0.324000 -2.252000 0.024000
v 0.336000 -2.244000 0.012000
v 0.428000 -2.190000 0.024000
v 0.434000 -2.186000 0.012000
v 0.428000 -2.190000 -0.002000
v 0.324000 -2.252000 -0.002000
v 0.210000 -1.732000 0.024000
v 0.210000 -1.732000 -0.002000
v 0.250000 -1.808000 0.023250
v 0.250000 -1.808000 -0.002000
v 0.296000 -1.880000 0.024000
v 0.296000 -1.880000 -0.002000
v 0.348000 -1.950000 0.023250
v 0.348000 -1.950000 -0.002000
v 0.290000 -2.040000 0.012000
v 0.286000 -2.048000 -0.002000
v 0.232000 -2.138000 0.012000
v 0.222000 -2.152000 -0.002000
v 0.164000 -2.254000 0.012000
v 0.160000 -2.262000 -0.002000
v 0.160000 -2.262000 0.023250
v 0.222000 -2.152000 0.024000
v 0.286000 -2.048000 0.024000
v 0.118000 -2.208000 -0.002000
v 0.118000 -2.198000 0.012000
v 0.118000 -2.208000 0.024000
v 0.142000 -2.042000 0.024000
v 0.146000 -2.024000 0.012000
v 0.174000 -1.884000 0.024000
v 0.176000 -1.876000 0.012000
v 0.174000 -1.884000 -0.002000
v 0.142000 -2.042000 -0.002000
v 0.414000 -1.850000 -0.002750
v 0.420000 -1.842000 0.012000
v 0.414000 -1.850000 0.024000
v 0.482000 -1.758000 0.024000
v 0.494000 -1.742000 0.012000
v 0.548000 -1.672000 0.024000
v 0.556000 -1.664000 0.012000
v 0.616000 -1.594000 0.024000
v 0.616000 -1.594000 -0.002000
v 0.548000 -1.672000 -0.002000
v 0.482000 -1.758000 -0.002000
v 0.676000 -1.666000 0.012000
v 0.678000 -1.666000 -0.002000
v 0.740000 -1.732000 0.012000
v 0.742000 -1.734000 -0.002000
v 0.810000 -1.798000 0.012000
v 0.810000 -1.798000 -0.002000
v 0.882000 -1.858000 -0.002000
v 0.882000 -1.858000 0.024000
v 0.810000 -1.798000 0.024000
v 0.742000 -1.734000 0.024000
v 0.678000 -1.666000 0.024000
v 0.812000 -1.920000 0.012000
v 0.802000 -1.926000 -0.002000
v 0.734000 -1.980000 0.012000
v 0.718000 -1.994000 -0.002000
v 0.634000 -2.054000 0.012000
v 0.624000 -2.060000 -0.002000
v 0.624000 -2.060000 0.023250
v 0.718000 -1.994000 0.024000
v 0.802000 -1.926000 0.024000
v 0.462000 -2.072000 0.024000
v 0.462000 -2.072000 -0.002000
v 0.402000 -2.014000 0.023250
v 0.401250 -2.014000 -0.002000
v 0.098000 -1.238000 -0.002000
v 0.186000 -1.240000 -0.002000
v 0.097250 -1.238000 0.024000
v 0.190000 -1.240000 0.012000
v 0.186000 -1.240000 0.024000
v 0.272000 -1.238000 0.024000
v 0.272000 -1.238000 -0.002000
v 0.332000 -1.242000 0.012000
v 0.388000 -1.246000 -0.002000
v 0.388000 -1.246000 0.024000
v 0.340000 -1.352000 0.012000
v 0.336000 -1.360000 -0.002000
v 0.296000 -1.462000 0.012000
v 0.290000 -1.480000 -0.002000
v 0.250000 -1.594000 0.012000
v 0.248000 -1.604000 -0.002000
v 0.248000 -1.604000 0.023250
v 0.290000 -1.480000 0.024000
v 0.336000 -1.360000 0.024000
v 0.170000 -1.638000 0.024000
v 0.170000 -1.638000 -0.002000
v 0.138000 -1.540000 0.023250
v 0.138000 -1.540000 -0.002000
v 0.116000 -1.442000 0.024000
v 0.116000 -1.442000 -0.002000
v 0.102000 -1.340000 0.023250
v 0.102000 -1.340000 -0.002000
v 0.558000 -1.516000 0.012000
v 0.556000 -1.512000 -0.002000
v 0.502000 -1.436000 0.012000
v 0.498000 -1.428000 -0.002000
v 0.448000 -1.344000 0.012000
v 0.446000 -1.340000 -0.002000
v 0.396000 -1.246000 -0.002000
v 0.396000 -1.246000 0.024000
v 0.446000 -1.340000 0.023250
v 0.498000 -1.428000 0.024000
v 0.556000 -1.512000 0.024000
v 0.462000 -1.254000 -0.002750
v 0.468000 -1.256000 0.012000
v 0.462000 -1.254000 0.024000
v 0.524000 -1.266000 0.024000
v 0.538000 -1.268000 0.012000
v 0.586000 -1.278000 0.024000
v 0.606000 -1.282000 0.012000
v 0.644000 -1.292000 0.024000
v 0.668000 -1.300000 0.012000
v 0.698000 -1.310000 0.024000
v 0.718000 -1.318000 0.012000
v 0.752000 -1.330000 0.024000
v 0.764000 -1.336000 0.012000
v 0.802000 -1.354000 0.024000
v 0.808000 -1.356000 0.012000
v 0.850000 -1.380000 0.024000
v 0.850000 -1.380000 -0.002000
v 0.802000 -1.354000 -0.002000
v 0.752000 -1.330000 -0.002000
v 0.698000 -1.310000 -0.002000
v 0.644000 -1.292000 -0.002000
v 0.586000 -1.278000 -0.002000
v 0.524000 -1.266000 -0.002000
v 0.798000 -1.420000 0.012000
v 0.792000 -1.424000 -0.002000
v 0.744000 -1.464000 0.012000
v 0.732000 -1.474000 -0.002000
v 0.680000 -1.526000 0.012000
v 0.674000 -1.532000 -0.002000
v 0.674000 -1.532000 0.024000
v 0.732000 -1.474000 0.024000
v 0.792000 -1.424000 0.024000
v 1.096000 -1.626000 -0.002000
v 1.122000 -1.672000 -0.002000
v 1.096000 -1.626000 0.024000
v 1.138000 -1.708000 0.012000
v 1.122000 -1.672000 0.024000
v 1.144000 -1.724000 0.024000
v 1.164000 -1.776000 0.024000
v 1.172000 -1.798000 0.012000
v 1.182000 -1.832000 0.024000
v 1.190000 -1.862000 0.012000
v 1.198000 -1.890000 0.024000
v 1.206000 -1.932000 0.012000
v 1.210000 -1.950000 0.024000
v 1.218000 -2.004000 0.012000
v 1.220000 -2.014000 0.024000
v 1.228000 -2.078000 -0.002000
v 1.228000 -2.078000 0.024000
v 1.144000 -1.724000 -0.002000
v 1.164000 -1.776000 -0.002000
v 1.182000 -1.832000 -0.002000
v 1.198000 -1.890000 -0.002000
v 1.210000 -1.950000 -0.002000
v 1.220000 -2.014000 -0.002000
v 1.136000 -2.030000 -0.002750
v 1.132000 -2.028000 0.012000
v 1.136000 -2.030000 0.024000
v 1.046000 -1.976000 0.024000
v 1.042000 -1.974000 0.012000
v 0.962000 -1.920000 0.024000
v 0.960000 -1.918000 0.012000
v 0.962000 -1.920000 -0.002000
v 1.046000 -1.976000 -0.002000
v 0.944000 -1.800000 -0.002000
v 0.948000 -1.796000 0.012000
v 0.944000 -1.800000 0.024000
v 1.000000 -1.742000 0.024000
v 1.010000 -1.732000 0.012000
v 1.050000 -1.684000 0.024000
v 1.056000 -1.678000 0.012000
v 1.050000 -1.684000 -0.002000
v 1.000000 -1.742000 -0.002000
v 0.898000 -1.346000 -0.002750
v 0.902000 -1.344000 0.012000
v 0.898000 -1.346000 0.024000
v 0.946000 -1.318000 0.024000
v 0.952000 -1.314000 0.012000
v 0.994000 -1.294000 0.024000
v 1.004000 -1.290000 0.012000
v 1.044000 -1.274000 0.024000
v 1.056000 -1.270000 0.012000
v 1.092000 -1.258000 0.024000
v 1.100000 -1.256000 0.012000
v 1.140000 -1.248000 0.024000
v 1.146000 -1.246000 0.012000
v 1.188000 -1.240000 0.024000
v 1.192000 -1.240000 0.012000
v 1.236000 -1.238000 0.024000
v 1.236000 -1.238000 -0.002000
v 1.188000 -1.240000 -0.002000
v 1.140000 -1.248000 -0.002000
v 1.092000 -1.258000 -0.002000
v 1.044000 -1.274000 -0.002000
v 0.994000 -1.294000 -0.002000
v 0.946000 -1.318000 -0.002000
v 1.234000 -1.280000 0.012000
v 1.234000 -1.286000 -0.002000
v 1.230000 -1.322000 0.012000
v 1.228000 -1.336000 -0.002000
v 1.222000 -1.362000 0.012000
v 1.216000 -1.384000 -0.002000
v 1.210000 -1.404000 0.012000
v 1.200000 -1.432000 -0.002000
v 1.190000 -1.460000 0.012000
v 1.182000 -1.480000 -0.002000
v 1.164000 -1.514000 0.012000
v 1.156000 -1.528000 -0.002000
v 1.132000 -1.570000 0.012000
v 1.128000 -1.576000 -0.002000
v 1.128000 -1.576000 0.023250
v 1.156000 -1.528000 0.024000
v 1.182000 -1.480000 0.024000
v 1.200000 -1.432000 0.024000
v 1.216000 -1.384000 0.024000
v 1.228000 -1.336000 0.024000
v 1.234000 -1.286000 0.024000
v 1.072000 -1.588000 -0.002750
v 1.072000 -1.588000 0.024000
v 1.048000 -1.554000 0.012000
v 1.046000 -1.552000 0.024000
v 1.018000 -1.518000 0.024000
v 0.992000 -1.490000 0.012000
v 0.988000 -1.486000 0.024000
v 0.960000 -1.458000 0.012000
v 0.958000 -1.456000 0.024000
v 0.926000 -1.430000 0.012000
v 0.924000 -1.428000 0.024000
v 0.888000 -1.404000 0.012000
v 0.888000 -1.402000 0.024000
v 1.046000 -1.552000 -0.002000
v 1.018000 -1.518000 -0.002000
v 0.988000 -1.486000 -0.002000
v 0.958000 -1.456000 -0.002000
v 0.924000 -1.428000 -0.002000
v 0.888000 -1.402000 -0.002000
v 1.378000 -1.626000 -0.002000
v 1.344000 -1.576000 -0.002000
v 1.378000 -1.626000 0.024000
v 1.342000 -1.574000 0.012000
v 1.344000 -1.576000 0.024000
v 1.316000 -1.528000 0.024000
v 1.312000 -1.522000 0.012000
v 1.292000 -1.480000 0.024000
v 1.288000 -1.470000 0.012000
v 1.272000 -1.432000 0.024000
v 1.268000 -1.420000 0.012000
v 1.256000 -1.384000 0.024000
v 1.254000 -1.374000 0.012000
v 1.246000 -1.336000 0.024000
v 1.244000 -1.328000 0.012000
v 1.238000 -1.286000 0.024000
v 1.238000 -1.284000 0.012000
v 1.238000 -1.286000 -0.002000
v 1.246000 -1.336000 -0.002000
v 1.256000 -1.384000 -0.002000
v 1.272000 -1.432000 -0.002000
v 1.292000 -1.480000 -0.002000
v 1.316000 -1.528000 -0.002000
v 1.278000 -1.240000 0.012000
v 1.284000 -1.240000 -0.002000
v 1.320000 -1.246000 0.012000
v 1.334000 -1.248000 -0.002000
v 1.360000 -1.254000 0.012000
v 1.382000 -1.258000 -0.002000
v 1.402000 -1.264000 0.012000
v 1.430000 -1.274000 -0.002000
v 1.458000 -1.284000 0.012000
v 1.478000 -1.294000 -0.002000
v 1.512000 -1.310000 0.012000
v 1.526000 -1.318000 -0.002000
v 1.568000 -1.342000 0.012000
v 1.574000 -1.346000 -0.002000
v 1.624000 -1.380000 -0.002000
v 1.624000 -1.380000 0.024000
v 1.574000 -1.346000 0.024000
v 1.526000 -1.318000 0.024000
v 1.478000 -1.294000 0.024000
v 1.430000 -1.274000 0.024000
v 1.382000 -1.258000 0.024000
v 1.334000 -1.248000 0.024000
v 1.284000 -1.240000 0.024000
v 1.586000 -1.402000 -0.002000
v 1.586000 -1.402000 0.024000
v 1.552000 -1.428000 0.012000
v 1.550000 -1.428000 0.024000
v 1.516000 -1.456000 0.024000
v 1.488000 -1.482000 0.012000
v 1.484000 -1.486000 0.024000
v 1.456000 -1.516000 0.012000
v 1.454000 -1.518000 0.024000
v 1.428000 -1.550000 0.012000
v 1.426000 -1.552000 0.024000
v 1.402000 -1.586000 0.012000
v 1.400000 -1.588000 0.024000
v 1.550000 -1.428000 -0.002000
v 1.516000 -1.456000 -0.002000
v 1.484000 -1.486000 -0.002000
v 1.454000 -1.518000 -0.002000
v 1.426000 -1.552000 -0.002000
v 1.400000 -1.588000 -0.002000
v 1.378000 -0.852000 -0.002000
v 1.400000 -0.890000 -0.002000
v 1.378000 -0.852000 0.024000
v 1.400000 -0.890000 0.024000
v 1.426000 -0.924000 0.012000
v 1.426000 -0.926000 0.024000
v 1.454000 -0.960000 0.024000
v 1.480000 -0.988000 0.012000
v 1.484000 -0.990000 0.024000
v 1.514000 -1.018000 0.012000
v 1.516000 -1.020000 0.024000
v 1.548000 -1.046000 0.012000
v 1.550000 -1.048000 0.024000
v 1.584000 -1.074000 0.012000
v 1.586000 -1.074000 0.024000
v 1.624000 -1.098000 -0.002000
v 1.624000 -1.098000 0.024000
v 1.426000 -0.926000 -0.002000
v 1.454000 -0.960000 -0.002000
v 1.484000 -0.990000 -0.002000
v 1.516000 -1.020000 -0.002000
v 1.550000 -1.048000 -0.002000
v 1.586000 -1.074000 -0.002000
v 1.574000 -1.130000 -0.002000
v 1.572000 -1.132000 0.012000
v 1.574000 -1.130000 0.024000
v 1.526000 -1.158000 0.024000
v 1.520000 -1.162000 0.012000
v 1.478000 -1.184000 0.024000
v 1.468000 -1.188000 0.012000
v 1.430000 -1.202000 0.024000
v 1.418000 -1.208000 0.012000
v 1.382000 -1.218000 0.024000
v 1.372000 -1.220000 0.012000
v 1.334000 -1.230000 0.024000
v 1.326000 -1.230000 0.012000
v 1.284000 -1.236000 0.024000
v 1.282000 -1.236000 0.012000
v 1.284000 -1.236000 -0.002000
v 1.334000 -1.230000 -0.002000
v 1.382000 -1.218000 -0.002000
v 1.430000 -1.202000 -0.002000
v 1.478000 -1.184000 -0.002000
v 1.526000 -1.158000 -0.002000
v 1.238000 -1.198000 0.012000
v 1.238000 -1.190000 -0.002000
v 1.244000 -1.156000 0.012000
v 1.246000 -1.142000 -0.002000
v 1.252000 -1.114000 0.012000
v 1.256000 -1.094000 -0.002000
v 1.262000 -1.072000 0.012000
v 1.272000 -1.046000 -0.002000
v 1.282000 -1.018000 0.012000
v 1.292000 -0.996000 -0.002000
v 1.308000 -0.962000 0.012000
v 1.316000 -0.948000 -0.002000
v 1.340000 -0.908000 0.012000
v 1.344000 -0.900000 -0.002000
v 1.344000 -0.900000 0.024000
v 1.316000 -0.948000 0.024000
v 1.292000 -0.996000 0.024000
v 1.272000 -1.046000 0.024000
v 1.256000 -1.094000 0.024000
v 1.246000 -1.142000 0.024000
v 1.238000 -1.190000 0.024000
v 0.850000 -1.098000 -0.002000
v 0.888000 -1.074000 -0.002000
v 0.850000 -1.098000 0.024000
v 0.888000 -1.074000 0.024000
v 0.922000 -1.050000 0.012000
v 0.924000 -1.048000 0.024000
v 0.958000 -1.020000 0.024000
v 0.986000 -0.994000 0.012000
v 0.988000 -0.990000 0.024000
v 1.016000 -0.962000 0.012000
v 1.018000 -0.960000 0.024000
v 1.044000 -0.928000 0.012000
v 1.046000 -0.926000 0.024000
v 1.072000 -0.890000 0.012000
v 1.072000 -0.890000 0.024000
v 1.096000 -0.852000 -0.002000
v 1.096000 -0.852000 0.024000
v 0.924000 -1.048000 -0.002000
v 0.958000 -1.020000 -0.002000
v 0.988000 -0.990000 -0.002000
v 1.018000 -0.960000 -0.002000
v 1.046000 -0.926000 -0.002000
v 1.072000 -0.890000 -0.002000
v 1.128000 -0.900000 -0.002000
v 1.130000 -0.904000 0.012000
v 1.128000 -0.900000 0.024000
v 1.156000 -0.948000 0.024000
v 1.160000 -0.954000 0.012000
v 1.182000 -0.996000 0.024000
v 1.186000 -1.006000 0.012000
v 1.200000 -1.046000 0.024000
v 1.206000 -1.058000 0.012000
v 1.216000 -1.094000 0.024000
v 1.218000 -1.102000 0.012000
v 1.228000 -1.142000 0.024000
v 1.228000 -1.148000 0.012000
v 1.234000 -1.190000 0.024000
v 1.234000 -1.194000 0.012000
v 1.234000 -1.190000 -0.002000
v 1.228000 -1.142000 -0.002000
v 1.216000 -1.094000 -0.002000
v 1.200000 -1.046000 -0.002000
v 1.182000 -0.996000 -0.002000
v 1.156000 -0.948000 -0.002000
v 1.196000 -1.236000 0.012000
v 1.188000 -1.236000 -0.002000
v 1.154000 -1.232000 0.012000
v 1.140000 -1.230000 -0.002000
v 1.112000 -1.224000 0.012000
v 1.092000 -1.218000 -0.002000
v 1.070000 -1.212000 0.012000
v 1.044000 -1.202000 -0.002000
v 1.016000 -1.192000 0.012000
v 0.994000 -1.184000 -0.002000
v 0.960000 -1.166000 0.012000
v 0.946000 -1.158000 -0.002000
v 0.906000 -1.134000 0.012000
v 0.898000 -1.130000 -0.002000
v 0.898000 -1.130000 0.024000
v 0.946000 -1.158000 0.024000
v 0.994000 -1.184000 0.024000
v 1.044000 -1.202000 0.024000
v 1.092000 -1.218000 0.024000
v 1.140000 -1.230000 0.024000
v 1.188000 -1.236000 0.024000
v 0.802000 -1.124000 -0.002750
v 0.768000 -1.140000 0.012000
v 0.802000 -1.124000 0.024000
v 0.752000 -1.146000 0.024000
v 0.698000 -1.166000 0.024000
v 0.678000 -1.174000 0.012000
v 0.644000 -1.184000 0.024000
v 0.612000 -1.192000 0.012000
v 0.586000 -1.200000 0.024000
v 0.544000 -1.208000 0.012000
v 0.524000 -1.212000 0.024000
v 0.472000 -1.220000 0.012000
v 0.462000 -1.222000 0.024000
v 0.396000 -1.230000 -0.002000
v 0.396000 -1.230000 0.024000
v 0.752000 -1.146000 -0.002000
v 0.698000 -1.166000 -0.002000
v 0.644000 -1.184000 -0.002000
v 0.586000 -1.200000 -0.002000
v 0.524000 -1.212000 -0.002000
v 0.462000 -1.222000 -0.002000
v 0.446000 -1.138000 -0.002750
v 0.446000 -1.134000 0.012000
v 0.446000 -1.138000 0.024000
v 0.498000 -1.048000 0.024000
v 0.502000 -1.044000 0.012000
v 0.556000 -0.964000 0.024000
v 0.558000 -0.962000 0.012000
v 0.616000 -0.884000 0.024000
v 0.616000 -0.884000 -0.002000
v 0.556000 -0.964000 -0.002000
v 0.498000 -1.048000 -0.002000
v 0.674000 -0.946000 -0.002750
v 0.680000 -0.950000 0.012000
v 0.674000 -0.946000 0.024000
v 0.732000 -1.002000 0.024000
v 0.744000 -1.012000 0.012000
v 0.792000 -1.052000 0.024000
v 0.796000 -1.058000 0.012000
v 0.792000 -1.052000 -0.002000
v 0.732000 -1.002000 -0.002000
v 0.102000 -1.136000 0.024000
v 0.102000 -1.136000 -0.002000
v 0.116000 -1.036000 0.023250
v 0.116000 -1.036000 -0.002000
v 0.138000 -0.936000 0.024000
v 0.138000 -0.936000 -0.002000
v 0.170000 -0.840000 0.023250
v 0.170000 -0.840000 -0.002000
v 0.210000 -0.746000 0.024000
v 0.210000 -0.746000 -0.002000
v 0.248000 -0.874000 -0.002000
v 0.250000 -0.882000 0.012000
v 0.248000 -0.874000 0.024000
v 0.290000 -0.998000 0.024000
v 0.294000 -1.012000 0.012000
v 0.336000 -1.116000 0.024000
v 0.340000 -1.124000 0.012000
v 0.388000 -1.230000 0.024000
v 0.388000 -1.230750 -0.002000
v 0.336000 -1.116000 -0.002000
v 0.290000 -0.998000 -0.002000
v 0.332000 -1.236000 0.012000
v 0.190000 -1.236000 0.012000
v 0.186000 -1.236000 -0.002000
v 0.186000 -1.236000 0.024000
v 0.526000 -0.350000 -0.002000
v 0.624000 -0.416000 -0.002000
v 0.526000 -0.350000 0.024000
v 0.634000 -0.422000 0.012000
v 0.624000 -0.416000 0.024000
v 0.718000 -0.484000 0.024000
v 0.734000 -0.496000 0.012000
v 0.802000 -0.550000 0.024000
v 0.810000 -0.558000 0.012000
v 0.882000 -0.618000 0.024000
v 0.882000 -0.618000 -0.002000
v 0.802000 -0.550000 -0.002000
v 0.718000 -0.484000 -0.002000
v 0.810000 -0.678000 0.012000
v 0.810000 -0.680000 -0.002000
v 0.742000 -0.742000 0.012000
v 0.741250 -0.744000 -0.002000
v 0.678000 -0.812000 0.012000
v 0.678000 -0.812000 -0.002000
v 0.678000 -0.812000 0.024000
v 0.742000 -0.744000 0.024000
v 0.810000 -0.680000 0.024000
v 0.556000 -0.814000 0.012000
v 0.548000 -0.804000 -0.002000
v 0.496000 -0.736000 0.012000
v 0.482000 -0.720000 -0.002000
v 0.422000 -0.636000 0.012000
v 0.414000 -0.626000 -0.002000
v 0.348000 -0.528000 -0.002000
v 0.348000 -0.528000 0.024000
v 0.414000 -0.626000 0.024000
v 0.482000 -0.720000 0.024000
v 0.548000 -0.804000 0.024000
v 0.402000 -0.464000 0.023250
v 0.402000 -0.464000 -0.002000
v 0.462000 -0.404000 0.024000
v 0.461250 -0.404000 -0.002000
v 0.296000 -0.596000 0.024000
v 0.296000 -0.596000 -0.002000
v 0.250000 -0.670000 0.023250
v 0.250000 -0.670000 -0.002000
v 0.176000 -0.602000 0.012000
v 0.174000 -0.592000 -0.002000
v 0.146000 -0.454000 0.012000
v 0.142000 -0.434000 -0.002000
v 0.118000 -0.280000 0.012000
v 0.118000 -0.270000 -0.002000
v 0.098000 -0.100000 -0.002000
v 0.098000 -0.100000 0.024000
v 0.118000 -0.270000 0.024000
v 0.142000 -0.434000 0.024000
v 0.174000 -0.592000 0.024000
v 0.160000 -0.216000 -0.002750
v 0.164000 -0.222000 0.012000
v 0.160000 -0.216000 0.024000
v 0.222000 -0.326000 0.024000
v 0.230000 -0.338000 0.012000
v 0.286000 -0.430000 0.024000
v 0.290000 -0.436000 0.012000
v 0.286000 -0.430000 -0.002000
v 0.222000 -0.326000 -0.002000
v 0.268000 -0.120000 -0.002000
v 0.278000 -0.120000 0.012000
v 0.268000 -0.120000 0.024000
v 0.432000 -0.144000 0.024000
v 0.450000 -0.148000 0.012000
v 0.590000 -0.176000 0.024000
v 0.600000 -0.178000 0.012000
v 0.590000 -0.176000 -0.002000
v 0.432000 -0.144000 -0.002000
v 0.668000 -0.252000 0.024000
v 0.668000 -0.252000 -0.002000
v 0.594000 -0.298000 0.023250
v 0.594000 -0.298000 -0.002000
v 0.434000 -0.292000 0.012000
v 0.428000 -0.288000 -0.002000
v 0.338000 -0.234000 0.012000
v 0.324000 -0.224000 -0.002000
v 0.222000 -0.166000 0.012000
v 0.214000 -0.162000 -0.002000
v 0.214000 -0.162000 0.023250
v 0.324000 -0.224000 0.024000
v 0.428000 -0.288000 0.024000
v 0.958000 -0.560000 0.012000
v 0.962000 -0.558000 -0.002000
v 1.040000 -0.504000 0.012000
v 1.046000 -0.500000 -0.002000
v 1.132000 -0.450000 0.012000
v 1.136000 -0.448000 -0.002000
v 1.228000 -0.398000 -0.002000
v 1.228000 -0.398000 0.024000
v 1.136000 -0.448000 0.023250
v 1.046000 -0.500000 0.024000
v 0.962000 -0.558000 0.024000
v 1.220000 -0.464000 -0.002750
v 1.220000 -0.470000 0.012000
v 1.220000 -0.464000 0.024000
v 1.210000 -0.526000 0.024000
v 1.208000 -0.540000 0.012000
v 1.198000 -0.588000 0.024000
v 1.192000 -0.608000 0.012000
v 1.182000 -0.646000 0.024000
v 1.174000 -0.670000 0.012000
v 1.164000 -0.700000 0.024000
v 1.158000 -0.720000 0.012000
v 1.144000 -0.754000 0.024000
v 1.140000 -0.766000 0.012000
v 1.122000 -0.804000 0.024000
v 1.118000 -0.810000 0.012000
v 1.122000 -0.804000 -0.002000
v 1.144000 -0.754000 -0.002000
v 1.164000 -0.700000 -0.002000
v 1.182000 -0.646000 -0.002000
v 1.198000 -0.588000 -0.002000
v 1.210000 -0.526000 -0.002000
v 1.056000 -0.800000 0.012000
v 1.050000 -0.794000 -0.002000
v 1.010000 -0.746000 0.012000
v 1.000000 -0.734000 -0.002000
v 0.950000 -0.682000 0.012000
v 0.944000 -0.676000 -0.002000
v 0.944000 -0.676000 0.024000
v 1.000000 -0.734000 0.024000
v 1.050000 -0.794000 0.024000
v 1.592000 -0.618000 0.024000
v 1.592000 -0.618000 -0.002000
v 1.662000 -0.558000 0.012000
v 1.670000 -0.550000 -0.002000
v 1.738000 -0.498000 0.012000
v 1.756000 -0.484000 -0.002000
v 1.838000 -0.424000 0.012000
v 1.848000 -0.416000 -0.002000
v 1.948000 -0.350000 -0.002000
v 1.948000 -0.350000 0.024000
v 1.848000 -0.416000 0.024000
v 1.756000 -0.484000 0.024000
v 1.670000 -0.550000 0.024000
v 2.012000 -0.404000 0.023250
v 2.012000 -0.404000 -0.002000
v 2.070000 -0.464000 0.024000
v 2.070000 -0.464000 -0.002000
v 2.126000 -0.528000 0.023250
v 2.126000 -0.528000 -0.002000
v 2.058000 -0.626000 -0.002000
v 2.052000 -0.636000 0.012000
v 2.058000 -0.626000 0.024000
v 1.992000 -0.720000 0.024000
v 1.980000 -0.736000 0.012000
v 1.924000 -0.804000 0.024000
v 1.918000 -0.812000 0.012000
v 1.856000 -0.884000 0.024000
v 1.856000 -0.884000 -0.002000
v 1.924000 -0.804000 -0.002000
v 1.992000 -0.720000 -0.002000
v 1.796000 -0.812000 0.012000
v 1.796000 -0.812000 -0.002000
v 1.732000 -0.744000 0.011250
v 1.732000 -0.744000 -0.002000
v 1.664000 -0.680000 0.012000
v 1.664000 -0.680000 -0.002000
v 1.664000 -0.680000 0.024000
v 1.732000 -0.744000 0.024000
v 1.796000 -0.812000 0.024000
v 1.244000 -0.398000 -0.002000
v 1.338000 -0.448000 -0.002000
v 1.243250 -0.398000 0.024000
v 1.340000 -0.448000 0.012000
v 1.338000 -0.448000 0.024000
v 1.426000 -0.500000 0.024000
v 1.432000 -0.504000 0.012000
v 1.510000 -0.558000 0.024000
v 1.514000 -0.560000 0.012000
v 1.510000 -0.558000 -0.002000
v 1.426000 -0.500000 -0.002000
v 1.530000 -0.676000 -0.002000
v 1.524000 -0.682000 0.012000
v 1.530000 -0.676000 0.024000
v 1.472000 -0.734000 0.024000
v 1.464000 -0.746000 0.012000
v 1.422000 -0.794000 0.024000
v 1.418000 -0.798000 0.012000
v 1.422000 -0.794000 -0.002000
v 1.472000 -0.734000 -0.002000
v 1.352000 -0.804000 -0.002750
v 1.336000 -0.770000 0.012000
v 1.352000 -0.804000 0.024000
v 1.328000 -0.754000 0.024000
v 1.308000 -0.700000 0.024000
v 1.302000 -0.680000 0.012000
v 1.290000 -0.646000 0.024000
v 1.282000 -0.614000 0.012000
v 1.276000 -0.588000 0.024000
v 1.266000 -0.546000 0.012000
v 1.264000 -0.526000 0.024000
v 1.254000 -0.474000 0.012000
v 1.252000 -0.464000 0.024000
v 1.328000 -0.754000 -0.002000
v 1.308000 -0.700000 -0.002000
v 1.290000 -0.646000 -0.002000
v 1.276000 -0.588000 -0.002000
v 1.264000 -0.526000 -0.002000
v 1.252000 -0.464000 -0.002000
v 1.916000 -0.960000 0.012000
v 1.918000 -0.964000 -0.002000
v 1.970000 -1.042000 0.012000
v 1.974000 -1.048000 -0.002000
v 2.026000 -1.134000 0.012000
v 2.028000 -1.138000 -0.002000
v 2.076000 -1.230000 -0.002000
v 2.076000 -1.230000 0.024000
v 2.028000 -1.138000 0.023250
v 1.974000 -1.048000 0.024000
v 1.918000 -0.964000 0.024000
v 2.012000 -1.222000 -0.002750
v 2.004000 -1.222000 0.012000
v 2.012000 -1.222000 0.024000
v 1.948000 -1.212000 0.024000
v 1.934000 -1.210000 0.012000
v 1.888000 -1.200000 0.024000
v 1.868000 -1.194000 0.012000
v 1.830000 -1.184000 0.024000
v 1.804000 -1.176000 0.012000
v 1.774000 -1.166000 0.024000
v 1.756000 -1.160000 0.012000
v 1.722000 -1.146000 0.024000
v 1.710000 -1.142000 0.012000
v 1.670000 -1.124000 0.024000
v 1.666000 -1.120000 0.012000
v 1.670000 -1.124000 -0.002000
v 1.722000 -1.146000 -0.002000
v 1.774000 -1.166000 -0.002000
v 1.830000 -1.184000 -0.002000
v 1.888000 -1.200000 -0.002000
v 1.948000 -1.212000 -0.002000
v 1.676000 -1.058000 0.012000
v 1.682000 -1.052000 -0.002000
v 1.728000 -1.012000 0.012000
v 1.740000 -1.002000 -0.002000
v 1.792000 -0.952000 0.012000
v 1.798000 -0.946000 -0.002000
v 1.798000 -0.946000 0.024000
v 1.740000 -1.002000 0.024000
v 1.682000 -1.052000 0.024000
v 2.374000 -0.100000 -0.002000
v 2.356000 -0.270000 -0.002000
v 2.374000 -0.100000 0.024000
v 2.354000 -0.280000 0.012000
v 2.356000 -0.270000 0.024000
v 2.330000 -0.434000 0.024000
v 2.328000 -0.452000 0.012000
v 2.300000 -0.592000 0.024000
v 2.298000 -0.602000 0.012000
v 2.300000 -0.592000 -0.002000
v 2.330000 -0.434000 -0.002000
v 2.222000 -0.670000 0.024000
v 2.222000 -0.670000 -0.002000
v 2.176000 -0.596000 0.023250
v 2.175250 -0.596000 -0.002000
v 2.184000 -0.436000 0.012000
v 2.188000 -0.430000 -0.002000
v 2.242000 -0.340000 0.012000
v 2.250000 -0.326000 -0.002000
v 2.308000 -0.224000 0.012000
v 2.312000 -0.216000 -0.002000
v 2.312000 -0.216000 0.023250
v 2.250000 -0.326000 0.024000
v 2.188000 -0.430000 0.024000
v 2.260000 -0.162000 -0.002750
v 2.252000 -0.166000 0.012000
v 2.260000 -0.162000 0.024000
v 2.150000 -0.224000 0.024000
v 2.136000 -0.232000 0.012000
v 2.046000 -0.288000 0.024000
v 2.040000 -0.292000 0.012000
v 2.046000 -0.288000 -0.002000
v 2.150000 -0.224000 -0.002000
v 1.878000 -0.298000 0.024000
v 1.878000 -0.298000 -0.002000
v 1.806000 -0.252000 0.023250
v 1.806000 -0.252000 -0.002000
v 1.872000 -0.178000 0.012000
v 1.882000 -0.176000 -0.002000
v 2.020000 -0.148000 0.012000
v 2.040000 -0.144000 -0.002000
v 2.194000 -0.120000 0.012000
v 2.206000 -0.120000 -0.002000
v 2.206000 -0.120000 0.024000
v 2.040000 -0.144000 0.024000
v 1.882000 -0.176000 0.024000
v 1.798000 -1.532000 -0.002000
v 1.794000 -1.526000 0.012000
v 1.798000 -1.532000 0.024000
v 1.740000 -1.474000 0.024000
v 1.730000 -1.466000 0.012000
v 1.682000 -1.424000 0.024000
v 1.676000 -1.420000 0.012000
v 1.682000 -1.424000 -0.002000
v 1.740000 -1.474000 -0.002000
v 1.670000 -1.354000 -0.002750
v 1.706000 -1.338000 0.012000
v 1.670000 -1.354000 0.024000
v 1.722000 -1.330000 0.024000
v 1.774000 -1.310000 0.024000
v 1.796000 -1.304000 0.012000
v 1.830000 -1.292000 0.024000
v 1.860000 -1.284000 0.012000
v 1.888000 -1.278000 0.024000
v 1.930000 -1.268000 0.012000
v 1.948000 -1.266000 0.024000
v 2.002000 -1.256000 0.012000
v 2.012000 -1.254000 0.024000
v 2.075250 -1.246000 -0.002000
v 2.076000 -1.246000 0.024000
v 1.722000 -1.330000 -0.002000
v 1.774000 -1.310000 -0.002000
v 1.830000 -1.292000 -0.002000
v 1.888000 -1.278000 -0.002000
v 1.948000 -1.266000 -0.002000
v 2.012000 -1.254000 -0.002000
v 2.028000 -1.340000 -0.002000
v 2.026000 -1.342000 0.012000
v 2.028000 -1.340000 0.024000
v 1.974000 -1.428000 0.024000
v 1.972000 -1.434000 0.012000
v 1.918000 -1.512000 0.024000
v 1.916000 -1.516000 0.012000
v 1.918000 -1.512000 -0.002000
v 1.974000 -1.428000 -0.002000
v 1.514000 -1.918000 0.012000
v 1.510000 -1.920000 -0.002000
v 1.434000 -1.972000 0.012000
v 1.426000 -1.976000 -0.002000
v 1.342000 -2.028000 0.012000
v 1.338000 -2.030000 -0.002000
v 1.244000 -2.078000 -0.002000
v 1.244000 -2.078000 0.024000
v 1.338000 -2.030000 0.023250
v 1.426000 -1.976000 0.024000
v 1.510000 -1.920000 0.024000
v 1.252000 -2.014000 -0.002750
v 1.254000 -2.006000 0.012000
v 1.252000 -2.014000 0.024000
v 1.264000 -1.950000 0.024000
v 1.266000 -1.936000 0.012000
v 1.276000 -1.890000 0.024000
v 1.280000 -1.870000 0.012000
v 1.290000 -1.832000 0.024000
v 1.298000 -1.806000 0.012000
v 1.308000 -1.776000 0.024000
v 1.316000 -1.758000 0.012000
v 1.328000 -1.724000 0.024000
v 1.334000 -1.712000 0.012000
v 1.352000 -1.672000 0.024000
v 1.354000 -1.668000 0.012000
v 1.351250 -1.672000 -0.002000
v 1.328000 -1.724000 -0.002000
v 1.308000 -1.776000 -0.002000
v 1.290000 -1.832000 -0.002000
v 1.276000 -1.890000 -0.002000
v 1.264000 -1.950000 -0.002000
v 1.418000 -1.678000 0.012000
v 1.422000 -1.684000 -0.002000
v 1.462000 -1.730000 0.012000
v 1.472000 -1.742000 -0.002000
v 1.524000 -1.794000 0.012000
v 1.530000 -1.800000 -0.002000
v 1.530000 -1.800000 0.024000
v 1.472000 -1.742000 0.024000
v 1.422000 -1.684000 0.024000
v 1.236000 -2.376000 0.024000
v 1.236000 -2.376000 -0.002000
v 1.134000 -2.372000 0.024000
v 1.134000 -2.372000 -0.002000
v 1.034000 -2.358000 0.023250
v 1.034000 -2.358000 -0.002000
v 0.934000 -2.336000 0.024000
v 0.934000 -2.336000 -0.002000
v 0.838000 -2.304000 0.023250
v 0.837250 -2.304000 -0.002000
v 0.872000 -2.228000 -0.002750
v 0.880000 -2.226000 0.012000
v 0.872000 -2.228000 0.024000
v 0.996000 -2.186000 0.024000
v 1.010000 -2.180000 0.012000
v 1.114000 -2.138000 0.024000
v 1.122000 -2.136000 0.012000
v 1.228000 -2.086000 0.024000
v 1.227250 -2.086000 -0.002000
v 1.114000 -2.138000 -0.002000
v 0.996000 -2.186000 -0.002000
v 1.234000 -2.142000 0.012000
v 1.236000 -2.202000 -0.002000
v 1.236000 -2.202000 0.024000
v 1.234000 -2.286000 0.012000
v 1.234000 -2.288000 -0.002000
v 1.234000 -2.288000 0.023250
v 1.730000 -2.264000 0.024000
v 1.730000 -2.264000 -0.002000
v 1.636000 -2.304000 0.023250
v 1.636000 -2.304000 -0.002000
v 1.538000 -2.336000 0.024000
v 1.538000 -2.336000 -0.002000
v 1.440000 -2.358000 0.023250
v 1.440000 -2.358000 -0.002000
v 1.338000 -2.372000 0.024000
v 1.337250 -2.372000 -0.002000
v 1.238000 -2.288000 -0.002750
v 1.238000 -2.286000 0.012000
v 1.238000 -2.288000 0.024000
v 1.240000 -2.142000 0.012000
v 1.244000 -2.086000 -0.002000
v 1.244000 -2.086000 0.024000
v 1.350000 -2.136000 0.012000
v 1.358000 -2.138000 -0.002000
v 1.460000 -2.180000 0.012000
v 1.478000 -2.186000 -0.002000
v 1.592000 -2.224000 0.012000
v 1.602000 -2.228000 -0.002000
v 1.602000 -2.228000 0.024000
v 1.478000 -2.186000 0.024000
v 1.358000 -2.138000 0.024000
v 1.806000 -2.224000 0.024000
v 1.806000 -2.224000 -0.002000
v 1.878000 -2.178000 0.023250
v 1.877250 -2.178000 -0.002000
v 2.038000 -2.186000 0.012000
v 2.046000 -2.190000 -0.002000
v 2.136000 -2.244000 0.012000
v 2.150000 -2.252000 -0.002000
v 2.252000 -2.310000 0.012000
v 2.260000 -2.314000 -0.002000
v 2.374000 -2.376000 -0.002000
v 2.374000 -2.376000 0.024000
v 2.260000 -2.314000 0.023250
v 2.150000 -2.252000 0.024000
v 2.046000 -2.190000 0.024000
v 2.206000 -2.358000 -0.002000
v 2.196000 -2.356000 0.012000
v 2.206000 -2.358000 0.024000
v 2.040000 -2.332000 0.024000
v 2.022000 -2.330000 0.012000
v 1.882000 -2.302000 0.024000
v 1.874000 -2.300000 0.012000
v 1.882000 -2.302000 -0.002000
v 2.040000 -2.332000 -0.002000
v 2.176000 -1.880000 0.024000
v 2.176000 -1.880000 -0.002000
v 2.222000 -1.808000 0.023250
v 2.222000 -1.808000 -0.002000
v 2.298000 -1.874000 0.012000
v 2.300000 -1.884000 -0.002000
v 2.326000 -2.022000 0.012000
v 2.330000 -2.042000 -0.002000
v 2.354000 -2.196000 0.012000
v 2.356000 -2.208000 -0.002000
v 2.356000 -2.208000 0.024000
v 2.330000 -2.042000 0.024000
v 2.300000 -1.884000 0.024000
v 2.312000 -2.262000 -0.002750
v 2.308000 -2.254000 0.012000
v 2.312000 -2.262000 0.024000
v 2.250000 -2.152000 0.024000
v 2.242000 -2.138000 0.012000
v 2.188000 -2.048000 0.024000
v 2.184000 -2.042000 0.012000
v 2.188000 -2.048000 -0.002000
v 2.250000 -2.152000 -0.002000
v 2.412000 -2.346000 0.498000
v 2.452000 -2.276000 0.498000
v 2.380000 -2.258000 0.498000
v 0.132000 -0.928000 0.498000
v 0.076000 -0.970000 0.498000
v 0.156000 -0.988000 0.498000
v 0.016000 -1.512000 0.498000
v 0.060000 -1.556000 0.498000
v 0.084000 -1.500000 0.498000
v 2.474000 0.000000 0.200000
v 2.474000 -0.384000 0.212000
v 2.474000 -1.394000 0.214000
v 1.364000 -0.014000 0.498000
v 1.292000 -0.014000 0.498000
v 1.334000 -0.058000 0.498000
v 0.830000 -0.962000 0.498000
v 0.796000 -1.012000 0.498000
v 0.876000 -1.004000 0.498000
v 2.474000 -2.476000 0.200000
v 0.902000 -2.476000 0.240000
v -0.002000 -2.476000 0.200000
v 0.786000 -0.904000 0.498000
v 0.854000 -0.910000 0.498000
v 0.000000 0.000000 0.198000
v 0.814000 -0.080000 0.498000
v 0.756000 -0.066000 0.498000
v 0.760000 -0.128000 0.498000
v 2.028000 -2.476000 0.232000
v 1.384000 -1.724000 0.498000
v 1.380000 -1.780000 0.498000
v 1.456000 -1.764000 0.498000
v 0.444000 0.000000 0.232000
v 1.724000 -2.000000 0.498000
v 1.704000 -2.084000 0.498000
v 1.768000 -2.066000 0.498000
v 0.702000 -0.078000 0.498000
v 1.768000 -0.178000 0.498000
v 1.808000 -0.248000 0.498000
v 1.842000 -0.182000 0.498000
v 0.828000 -1.646000 0.498000
v 0.862000 -1.584000 0.498000
v 0.804000 -1.564000 0.498000
v 2.118000 -0.572000 0.498000
v 2.074000 -0.644000 0.498000
v 2.144000 -0.648000 0.498000
v 1.976000 -2.212000 0.498000
v 2.036000 -2.246000 0.498000
v 2.048000 -2.170000 0.498000
v 0.170000 -0.500000 0.498000
v 0.114000 -0.548000 0.498000
v 0.168000 -0.586000 0.498000
v 2.024000 -2.454000 0.498000
v 2.076000 -2.474000 0.498000
v 2.042000 -2.408000 0.498000
v 0.514000 -0.182000 0.498000
v 0.446000 -0.164000 0.498000
v 0.480000 -0.232000 0.498000
v 0.406000 -0.094000 0.498000
v 0.490000 -0.098000 0.498000
v 0.508000 -2.244000 0.498000
v 0.578000 -2.224000 0.498000
v 0.516000 -2.174000 0.498000
v 0.406000 -1.268000 0.498000
v 0.464000 -1.304000 0.498000
v 0.484000 -1.236000 0.498000
v 2.326000 -1.266000 0.498000
v 2.296000 -1.204000 0.498000
v 2.258000 -1.250000 0.498000
v 2.188000 -1.342000 0.498000
v 2.126000 -1.288000 0.498000
v 2.130000 -1.360000 0.498000
v 2.238000 -2.196000 0.498000
v 2.306000 -2.202000 0.498000
v 2.262000 -2.144000 0.498000
v 1.746000 -0.524000 0.498000
v 1.744000 -0.618000 0.498000
v 1.804000 -0.596000 0.498000
v 1.706000 -2.410000 0.498000
v 1.732000 -2.470000 0.498000
v 1.790000 -2.424000 0.498000
v 1.580000 -2.312000 0.498000
v 1.514000 -2.340000 0.498000
v 1.590000 -2.392000 0.498000
v 0.096000 -0.466000 0.498000
v 0.916000 -2.358000 0.498000
v 0.860000 -2.310000 0.498000
v 0.832000 -2.384000 0.498000
v 0.888000 -2.246000 0.498000
v 0.808000 -2.260000 0.498000
v 2.174000 -2.234000 0.498000
v 2.188000 -2.160000 0.498000
v 2.112000 -2.200000 0.498000
v 0.824000 -0.776000 0.498000
v 0.764000 -0.832000 0.498000
v 0.832000 -0.852000 0.498000
v 0.174000 -2.272000 0.498000
v 0.128000 -2.326000 0.498000
v 0.214000 -2.312000 0.498000
v 2.458000 -0.912000 0.498000
v 2.458000 -0.980000 0.498000
v 2.474000 -0.844000 0.498000
v 2.362000 -1.692000 0.498000
v 2.344000 -1.764000 0.498000
v 2.400000 -1.738000 0.498000
v 2.142000 -0.392000 0.498000
v 2.092000 -0.424000 0.498000
v 2.168000 -0.456000 0.498000
v -0.002000 -1.812000 0.212000
v -0.002000 -0.574000 0.212000
v 2.300000 -0.188000 0.498000
v 2.304000 -0.126000 0.498000
v 2.164000 -0.152000 0.498000
v 2.398000 -0.962000 0.498000
v 2.412000 -0.884000 0.498000
v 2.362000 -0.896000 0.498000
v 2.166000 -1.414000 0.498000
v 1.728000 -1.584000 0.498000
v 1.670000 -1.594000 0.498000
v 1.692000 -1.644000 0.498000
v 1.616000 -1.788000 0.498000
v 1.572000 -1.862000 0.498000
v 1.646000 -1.862000 0.498000
v 0.766000 -1.862000 0.498000
v 0.842000 -1.850000 0.498000
v 0.802000 -1.792000 0.498000
v 0.620000 -0.820000 0.498000
v 0.666000 -0.872000 0.498000
v 0.698000 -0.824000 0.498000
v 1.318000 -1.764000 0.498000
v 1.360000 -1.836000 0.498000
v 0.284000 -2.462000 0.498000
v 0.314000 -2.426000 0.498000
v 0.268000 -2.398000 0.498000
v 2.404000 -0.302000 0.498000
v 2.366000 -0.238000 0.498000
v 2.336000 -0.290000 0.498000
v 1.660000 -0.122000 0.498000
v 1.584000 -0.102000 0.498000
v 1.614000 -0.162000 0.498000
v 0.420000 -0.236000 0.498000
v 0.470000 -0.298000 0.498000
v 0.598000 -0.468000 0.498000
v 0.606000 -0.544000 0.498000
v 0.666000 -0.486000 0.498000
v 1.994000 -0.348000 0.498000
v 1.998000 -0.268000 0.498000
v 1.940000 -0.296000 0.498000
v 0.216000 -2.454000 0.498000
v 2.474000 -2.372000 0.498000
v 2.462000 -2.336000 0.498000
v 2.464000 -2.410000 0.498000
v 2.288000 -0.646000 0.498000
v 2.316000 -0.582000 0.498000
v 2.266000 -0.594000 0.498000
v 1.236000 -2.476000 0.498000
v 1.266000 -2.396000 0.498000
v 1.180000 -2.398000 0.498000
v 2.056000 -1.340000 0.498000
v 2.048000 -1.246000 0.498000
v 1.992000 -1.318000 0.498000
v 1.170000 -1.750000 0.498000
v 1.114000 -1.798000 0.498000
v 1.174000 -1.824000 0.498000
v 1.012000 -1.062000 0.498000
v 1.006000 -1.000000 0.498000
v 0.938000 -1.024000 0.498000
v 0.450000 -1.034000 0.498000
v 0.476000 -1.084000 0.498000
v 0.516000 -1.030000 0.498000
v 1.978000 -1.264000 0.498000
v 1.934000 -1.678000 0.498000
v 1.868000 -1.656000 0.498000
v 1.854000 -1.740000 0.498000
v 1.804000 -0.692000 0.498000
v 1.856000 -0.666000 0.498000
v 0.338000 -2.470000 0.498000
v 1.438000 -0.018000 0.498000
v 1.436000 -0.002000 0.498000
v 1.352000 -0.838000 0.498000
v 1.434000 -0.842000 0.498000
v 1.420000 -0.770000 0.498000
v 1.554000 -1.942000 0.498000
v 1.626000 -1.930000 0.498000
v 0.514000 -1.652000 0.498000
v 0.466000 -1.588000 0.498000
v 0.436000 -1.670000 0.498000
v 2.366000 -1.022000 0.498000
v 2.274000 -1.008000 0.498000
v 2.340000 -1.090000 0.498000
v 1.030000 -1.800000 0.498000
v 1.096000 -1.848000 0.498000
v 0.708000 -0.440000 0.498000
v 0.764000 -0.464000 0.498000
v 0.762000 -0.408000 0.498000
v 1.036000 -0.942000 0.498000
v 0.980000 -0.956000 0.498000
v 1.792000 -1.616000 0.498000
v 1.790000 -1.540000 0.498000
v 1.658000 -0.224000 0.498000
v 1.694000 -0.290000 0.498000
v 1.738000 -0.242000 0.498000
v 1.808000 -1.878000 0.498000
v 1.880000 -1.886000 0.498000
v 1.868000 -1.824000 0.498000
v 2.252000 -1.610000 0.498000
v 2.186000 -1.658000 0.498000
v 2.246000 -1.684000 0.498000
v 0.292000 -1.722000 0.498000
v 0.306000 -1.642000 0.498000
v 0.230000 -1.672000 0.498000
v 1.240000 -1.794000 0.498000
v 1.298000 -1.834000 0.498000
v 1.342000 -0.194000 0.498000
v 1.362000 -0.278000 0.498000
v 1.414000 -0.204000 0.498000
v 1.608000 -0.278000 0.498000
v 1.838000 -0.522000 0.498000
v 1.922000 -0.512000 0.498000
v 1.868000 -0.440000 0.498000
v 0.236000 -1.302000 0.498000
v 0.164000 -1.326000 0.498000
v 0.230000 -1.366000 0.498000
v 0.638000 -1.942000 0.498000
v 0.554000 -1.962000 0.498000
v 0.616000 -2.022000 0.498000
v 2.448000 -1.424000 0.498000
v 2.474000 -1.342000 0.498000
v 2.406000 -1.362000 0.498000
v 1.584000 -2.476000 0.266000
v 1.598000 -2.110000 0.498000
v 1.578000 -2.056000 0.498000
v 1.530000 -2.094000 0.498000
v 2.454000 -2.048000 0.498000
v 2.456000 -1.986000 0.498000
v 2.400000 -2.014000 0.498000
v 0.100000 -0.634000 0.498000
v 0.060000 -0.584000 0.498000
v 1.010000 -0.670000 0.498000
v 0.952000 -0.640000 0.498000
v 0.946000 -0.704000 0.498000
v 1.912000 -2.180000 0.498000
v 1.914000 -2.262000 0.498000
v 0.220000 -1.738000 0.498000
v 0.152000 -1.690000 0.498000
v 0.152000 -1.750000 0.498000
v 1.612000 0.000000 0.270000
v 0.890000 0.000000 0.266000
v 0.270000 -1.794000 0.498000
v 1.240000 -0.308000 0.498000
v 1.170000 -0.310000 0.498000
v 1.218000 -0.370000 0.498000
v 2.248000 -0.926000 0.498000
v 2.180000 -0.898000 0.498000
v 2.190000 -0.978000 0.498000
v 0.526000 -0.008000 0.498000
v 0.572000 -0.058000 0.498000
v 1.300000 -0.334000 0.498000
v 1.292000 -0.260000 0.498000
v 1.304000 -2.332000 0.498000
v 1.276000 -2.266000 0.498000
v 1.216000 -2.324000 0.498000
v 1.526000 -0.016000 0.498000
v 2.186000 -0.324000 0.498000
v 2.132000 -0.338000 0.498000
v 0.000000 -2.476000 0.498000
v 0.062000 -2.464000 0.498000
v 0.006000 -2.388000 0.498000
v 2.062000 -0.500000 0.498000
v 2.124000 -0.496000 0.498000
v 2.262000 -1.530000 0.498000
v 2.344000 -1.528000 0.498000
v 2.322000 -1.474000 0.498000
v 1.644000 -2.372000 0.498000
v 1.776000 -0.768000 0.498000
v 1.812000 -0.814000 0.498000
v 1.878000 -0.746000 0.498000
v 2.458000 -1.508000 0.498000
v 0.702000 -1.890000 0.498000
v 0.770000 -1.920000 0.498000
v 0.174000 -0.658000 0.498000
v 0.234000 -0.614000 0.498000
v 0.008000 -1.984000 0.498000
v 0.000000 -2.054000 0.498000
v 0.044000 -2.032000 0.498000
v 1.590000 -2.468000 0.498000
v 1.536000 -2.412000 0.498000
v 1.476000 -0.504000 0.498000
v 1.570000 -0.504000 0.498000
v 1.518000 -0.424000 0.498000
v 2.312000 -0.872000 0.498000
v 2.238000 -0.846000 0.498000
v 1.278000 -0.184000 0.498000
v 1.318000 -0.536000 0.498000
v 1.352000 -0.454000 0.498000
v 1.256000 -0.488000 0.498000
v 1.104000 -2.130000 0.498000
v 1.180000 -2.168000 0.498000
v 1.184000 -2.098000 0.498000
v 0.372000 -1.642000 0.498000
v 0.328000 -1.574000 0.498000
v 1.656000 -0.510000 0.498000
v 1.696000 -0.434000 0.498000
v 2.270000 -0.322000 0.498000
v 2.356000 -0.358000 0.498000
v 0.886000 -2.472000 0.498000
v 0.882000 -2.422000 0.498000
v 0.802000 -2.450000 0.498000
v 1.190000 -0.442000 0.498000
v 1.160000 -0.514000 0.498000
v 2.108000 -2.000000 0.498000
v 2.190000 -2.016000 0.498000
v 2.130000 -1.946000 0.498000
v 2.064000 -1.956000 0.498000
v 1.994000 -1.918000 0.498000
v 1.992000 -1.978000 0.498000
v 0.458000 -2.130000 0.498000
v 0.530000 -2.112000 0.498000
v 0.482000 -2.058000 0.498000
v 1.042000 -0.394000 0.498000
v 1.094000 -0.464000 0.498000
v 1.126000 -0.384000 0.498000
v 2.166000 -2.382000 0.498000
v 2.164000 -2.454000 0.498000
v 2.236000 -2.404000 0.498000
v 0.074000 -2.136000 0.498000
v 0.022000 -2.104000 0.498000
v 0.022000 -2.174000 0.498000
v 0.060000 -0.024000 0.498000
v 0.000000 -0.056000 0.498000
v 0.066000 -0.094000 0.498000
v 1.658000 -2.446000 0.498000
v 0.006000 -1.796000 0.498000
v 0.000000 -1.772000 0.498000
v 0.000000 -1.858000 0.498000
v 0.302000 -2.010000 0.498000
v 0.380000 -1.988000 0.498000
v 0.300000 -1.932000 0.498000
v 0.010000 -2.238000 0.498000
v 1.712000 -1.142000 0.498000
v 1.640000 -1.136000 0.498000
v 1.700000 -1.198000 0.498000
v 1.374000 -1.140000 0.498000
v 1.446000 -1.136000 0.498000
v 1.388000 -1.082000 0.498000
v 0.762000 -1.336000 0.498000
v 0.832000 -1.338000 0.498000
v 0.776000 -1.280000 0.498000
v 0.918000 -1.332000 0.498000
v 0.934000 -1.416000 0.498000
v 1.004000 -1.346000 0.498000
v 0.116000 -1.448000 0.498000
v 0.098000 -1.370000 0.498000
v 0.060000 -1.412000 0.498000
v 1.388000 -1.260000 0.498000
v 1.386000 -1.328000 0.498000
v 1.464000 -1.276000 0.498000
v 1.384000 -1.196000 0.498000
v 1.310000 -1.250000 0.498000
v 1.542000 -1.302000 0.498000
v 1.620000 -1.280000 0.498000
v 1.542000 -1.226000 0.498000
v 1.830000 -1.234000 0.498000
v 1.768000 -1.250000 0.498000
v 1.842000 -1.294000 0.498000
v 1.530000 -1.452000 0.498000
v 1.538000 -1.378000 0.498000
v 1.458000 -1.420000 0.498000
v 0.048000 -0.780000 0.498000
v 0.014000 -0.826000 0.498000
v 0.094000 -0.826000 0.498000
v 1.084000 -1.216000 0.498000
v 1.086000 -1.148000 0.498000
v 1.008000 -1.202000 0.498000
v 1.082000 -1.286000 0.498000
v 1.160000 -1.228000 0.498000
v 0.934000 -1.106000 0.498000
v 0.910000 -0.948000 0.498000
v 0.930000 -1.178000 0.498000
v 0.856000 -1.204000 0.498000
v 0.928000 -1.250000 0.500000
v 0.794000 -1.226000 0.498000
v 0.780000 -1.162000 0.498000
v 0.714000 -1.220000 0.498000
v 1.398000 -1.014000 0.498000
v 1.410000 -0.938000 0.498000
v 1.330000 -0.986000 0.498000
v 1.538000 -0.966000 0.498000
v 1.472000 -0.990000 0.498000
v 1.540000 -1.042000 0.498000
v 1.242000 -1.504000 0.498000
v 1.174000 -1.498000 0.498000
v 1.212000 -1.566000 0.498000
v 1.104000 -1.494000 0.498000
v 1.090000 -1.426000 0.498000
v 1.030000 -1.494000 0.498000
v 1.266000 -0.822000 0.498000
v 1.264000 -0.894000 0.498000
v 1.264000 -0.748000 0.498000
v 1.188000 -0.800000 0.498000
v 2.054000 -2.104000 0.498000
v 2.048000 -2.032000 0.498000
v 1.980000 -2.054000 0.498000
v 1.244000 -1.106000 0.498000
v 1.250000 -1.038000 0.498000
v 1.168000 -1.092000 0.498000
v 1.240000 -1.172000 0.498000
v 1.314000 -1.120000 0.498000
v 1.232000 -1.374000 0.498000
v 1.234000 -1.438000 0.498000
v 1.308000 -1.384000 0.498000
v 1.234000 -1.306000 0.498000
v 1.158000 -1.364000 0.498000
v 1.102000 -0.924000 0.498000
v 1.090000 -1.004000 0.498000
v 1.178000 -0.950000 0.498000
v 1.144000 -1.904000 0.498000
v 1.184000 -1.978000 0.498000
v 1.226000 -1.890000 0.498000
v 1.374000 -1.546000 0.498000
v 1.378000 -1.470000 0.498000
v 1.308000 -1.522000 0.498000
v 0.000000 -1.484000 0.498000
v 1.874000 -0.994000 0.498000
v 1.834000 -0.952000 0.498000
v 1.844000 -1.040000 0.498000
v 1.696000 -0.998000 0.498000
v 1.670000 -0.916000 0.498000
v 1.610000 -0.982000 0.498000
v 1.910000 -0.952000 0.498000
v 1.876000 -0.898000 0.498000
v 2.114000 -0.066000 0.498000
v 2.170000 -0.084000 0.498000
v 0.594000 -1.516000 0.498000
v 0.686000 -1.498000 0.498000
v 0.628000 -1.438000 0.498000
v 0.778000 -1.480000 0.498000
v 0.868000 -1.494000 0.498000
v 0.664000 -1.644000 0.498000
v 0.636000 -1.576000 0.498000
v 0.588000 -1.646000 0.498000
v 0.696000 -1.724000 0.498000
v 0.746000 -1.642000 0.498000
v 1.772000 -1.124000 0.498000
v 1.698000 -1.078000 0.498000
v 1.994000 -1.088000 0.498000
v 1.918000 -1.102000 0.498000
v 1.996000 -1.158000 0.498000
v 0.282000 -0.912000 0.498000
v 0.226000 -0.862000 0.498000
v 0.202000 -0.920000 0.498000
v 2.068000 -1.064000 0.498000
v 1.986000 -1.006000 0.498000
v 0.704000 -1.356000 0.498000
v 0.774000 -1.398000 0.498000
v 0.646000 -1.378000 0.498000
v 0.632000 -1.312000 0.498000
v 0.574000 -1.368000 0.498000
v 0.000000 -0.788000 0.498000
v 0.000000 -1.102000 0.498000
v 0.012000 -0.942000 0.498000
v 1.850000 -1.362000 0.498000
v 1.854000 -1.434000 0.498000
v 1.928000 -1.380000 0.498000
v 1.694000 -1.420000 0.498000
v 1.774000 -1.392000 0.498000
v 1.696000 -1.340000 0.498000
v 2.322000 -0.956000 0.498000
v 2.012000 -1.540000 0.498000
v 2.010000 -1.466000 0.498000
v 1.934000 -1.526000 0.498000
v 2.014000 -1.616000 0.498000
v 2.096000 -1.558000 0.498000
v 2.420000 -2.472000 0.498000
v 2.388000 -2.414000 0.498000
v 2.364000 -2.474000 0.498000
v 1.938000 -2.002000 0.498000
v 1.928000 -1.940000 0.498000
v 0.594000 -1.060000 0.498000
v 0.618000 -1.136000 0.498000
v 0.676000 -1.074000 0.498000
v 0.540000 -1.102000 0.498000
v 1.952000 -1.854000 0.498000
v 1.044000 -2.206000 0.498000
v 0.970000 -2.224000 0.498000
v 1.006000 -2.272000 0.498000
v 0.720000 -2.110000 0.498000
v 0.720000 -2.192000 0.498000
v 0.766000 -2.156000 0.498000
v 0.468000 -0.826000 0.498000
v 0.422000 -0.882000 0.498000
v 0.508000 -0.890000 0.498000
v 1.062000 -0.718000 0.498000
v 1.070000 -0.630000 0.498000
v 0.286000 -0.402000 0.498000
v 0.294000 -0.484000 0.498000
v 0.364000 -0.428000 0.498000
v 0.340000 -0.338000 0.498000
v 0.248000 -0.322000 0.498000
v 0.232000 -1.990000 0.498000
v 0.248000 -2.046000 0.498000
v 0.644000 -0.230000 0.498000
v 0.696000 -0.208000 0.498000
v 0.650000 -0.152000 0.498000
v 1.472000 -1.636000 0.498000
v 1.390000 -1.636000 0.498000
v 1.438000 -1.686000 0.498000
v 0.724000 -1.962000 0.498000
v 0.914000 -1.828000 0.498000
v 0.976000 -1.858000 0.498000
v 0.962000 -1.796000 0.498000
v 0.894000 -0.618000 0.498000
v 0.936000 -0.560000 0.498000
v 0.852000 -0.558000 0.498000
v 2.042000 -1.870000 0.498000
v 2.024000 -1.782000 0.498000
v 0.516000 -0.720000 0.498000
v 0.452000 -0.752000 0.498000
v 0.522000 -0.800000 0.498000
v 1.888000 -0.594000 0.498000
v 0.508000 -1.730000 0.498000
v 0.472000 -1.984000 0.498000
v 0.488000 -1.896000 0.498000
v 2.232000 -1.452000 0.498000
v 2.174000 -1.500000 0.498000
v 2.148000 -1.196000 0.498000
v 2.070000 -1.154000 0.498000
v 2.114000 -1.230000 0.498000
v 1.534000 -1.772000 0.498000
v 1.586000 -1.708000 0.498000
v 1.838000 -2.078000 0.498000
v 1.800000 -2.008000 0.498000
v 0.338000 -1.224000 0.498000
v 0.332000 -1.152000 0.498000
v 0.274000 -1.180000 0.498000
v 0.292000 -0.256000 0.498000
v 0.300000 -0.180000 0.498000
v 0.234000 -0.196000 0.498000
v 1.980000 -2.382000 0.498000
v 1.946000 -2.474000 0.498000
v 2.182000 -0.530000 0.498000
v 2.236000 -0.462000 0.498000
v 1.524000 -0.138000 0.498000
v 0.178000 -2.052000 0.498000
v 0.408000 -2.088000 0.498000
v 0.400000 -2.168000 0.498000
v 1.448000 -2.008000 0.498000
v 1.516000 -2.022000 0.498000
v 1.480000 -1.952000 0.498000
v 1.652000 -2.102000 0.498000
v 1.714000 -2.176000 0.498000
v 2.392000 -1.476000 0.498000
v 1.900000 -1.240000 0.498000
v 1.838000 -1.178000 0.498000
v 0.776000 -0.570000 0.498000
v 0.740000 -0.616000 0.498000
v 0.824000 -0.628000 0.498000
v 1.136000 -2.056000 0.498000
v 1.224000 -2.046000 0.498000
v 1.504000 -1.702000 0.498000
v 1.772000 -2.128000 0.498000
v 0.584000 -0.744000 0.498000
v 0.628000 -0.698000 0.498000
v 0.562000 -0.680000 0.498000
v 0.664000 -0.758000 0.498000
v 1.558000 -0.344000 0.498000
v 1.522000 -0.272000 0.498000
v 1.470000 -0.348000 0.500000
v 0.150000 -2.456000 0.498000
v 0.236000 -2.472000 0.498000
v 1.732000 -0.360000 0.498000
v 1.646000 -0.350000 0.498000
v 1.596000 -1.992000 0.498000
v 1.636000 -2.050000 0.498000
v 2.304000 -0.800000 0.498000
v 0.488000 -1.362000 0.498000
v 0.398000 -1.354000 0.498000
v 0.450000 -1.438000 0.498000
v 0.192000 -1.572000 0.498000
v 0.226000 -1.532000 0.498000
v 0.166000 -1.510000 0.498000
v 2.182000 -1.580000 0.498000
v 0.462000 -0.614000 0.498000
v 0.452000 -0.530000 0.498000
v 0.376000 -0.592000 0.498000
v 2.216000 -1.114000 0.498000
v 2.216000 -1.182000 0.498000
v 2.280000 -1.112000 0.498000
v 0.564000 -0.990000 0.498000
v 0.534000 -0.948000 0.498000
v 0.230000 -0.810000 0.498000
v 0.240000 -0.754000 0.498000
v 0.164000 -0.798000 0.498000
v 0.284000 -0.824000 0.498000
v 2.390000 -2.102000 0.498000
v 0.704000 -0.372000 0.498000
v 0.748000 -0.330000 0.498000
v 1.082000 -2.332000 0.498000
v 1.066000 -2.276000 0.498000
v 1.004000 -2.338000 0.498000
v 1.850000 -2.312000 0.498000
v 1.914000 -2.346000 0.498000
v 1.854000 -2.398000 0.498000
v 1.442000 -2.318000 0.498000
v 1.458000 -2.394000 0.498000
v 0.194000 -1.800000 0.498000
v 2.304000 -0.468000 0.498000
v 2.364000 -0.448000 0.498000
v 2.292000 -0.398000 0.498000
v 2.108000 -1.892000 0.498000
v 1.258000 -0.682000 0.498000
v 1.288000 -0.612000 0.498000
v 1.200000 -0.638000 0.498000
v 0.350000 -1.030000 0.498000
v 0.292000 -1.022000 0.498000
v 0.312000 -1.080000 0.498000
v 2.414000 -0.652000 0.498000
v 2.352000 -0.696000 0.498000
v 2.414000 -0.722000 0.498000
v 0.950000 -1.622000 0.498000
v 0.892000 -1.634000 0.498000
v 0.946000 -1.678000 0.498000
v 1.730000 -1.864000 0.498000
v 1.704000 -1.796000 0.498000
v 0.252000 -1.424000 0.498000
v 0.224000 -1.474000 0.498000
v 0.278000 -1.506000 0.498000
v 2.364000 -1.422000 0.498000
v 2.286000 -1.434000 0.498000
v 2.473250 -2.476000 0.498000
v 1.324000 -0.680000 0.498000
v 0.342000 -2.206000 0.498000
v 0.388000 -2.248000 0.498000
v 2.288000 -1.746000 0.498000
v 2.306000 -1.654000 0.498000
v 1.056000 -1.898000 0.498000
v 0.984000 -1.912000 0.498000
v 0.922000 -2.174000 0.498000
v 2.470000 -0.518000 0.498000
v 2.474000 -0.410000 0.498000
v 2.458000 -0.450000 0.498000
v 1.334000 -1.602000 0.498000
v 2.262000 -2.036000 0.498000
v 2.206000 -2.096000 0.498000
v 2.294000 -2.088000 0.498000
v 1.166000 -0.096000 0.498000
v 1.084000 -0.086000 0.498000
v 1.128000 -0.158000 0.498000
v 0.544000 -0.322000 0.498000
v 0.492000 -0.384000 0.498000
v 2.232000 -0.250000 0.498000
v 0.686000 -2.380000 0.498000
v 0.740000 -2.402000 0.498000
v 0.706000 -2.326000 0.498000
v 1.424000 -1.820000 0.498000
v 0.696000 -0.710000 0.498000
v 0.688000 -0.652000 0.498000
v 0.538000 -2.466000 0.498000
v 0.534000 -2.390000 0.498000
v 0.486000 -2.368000 0.498000
v 0.176000 -1.410000 0.498000
v 1.788000 -2.192000 0.498000
v 1.458000 -2.072000 0.498000
v 2.456000 -1.118000 0.498000
v 2.466000 -1.050000 0.498000
v 2.402000 -1.094000 0.498000
v 0.252000 -0.142000 0.498000
v 0.196000 -0.134000 0.498000
v 0.444000 -0.688000 0.498000
v 0.388000 -0.674000 0.498000
v 0.388000 -0.756000 0.498000
v 1.498000 -0.064000 0.498000
v 1.588000 -0.050000 0.498000
v 0.018000 -1.346000 0.498000
v 1.136000 -0.590000 0.498000
v 1.070000 -0.542000 0.498000
v 1.926000 -0.188000 0.498000
v 1.950000 -0.240000 0.498000
v 2.018000 -0.196000 0.498000
v 0.250000 -1.598000 0.498000
v 1.190000 -0.726000 0.498000
v 2.452000 -0.836000 0.498000
v 0.354000 -1.508000 0.498000
v 0.348000 -0.220000 0.498000
v 0.376000 -0.162000 0.498000
v 1.856000 -2.476000 0.498000
v 1.488000 -0.200000 0.498000
v 1.452000 -0.122000 0.498000
v 2.392000 -1.796000 0.498000
v 2.474000 -1.858000 0.498000
v 2.472000 -1.756000 0.498000
v 0.306000 -0.124000 0.498000
v 1.084000 -1.356000 0.498000
v 1.696000 -1.264000 0.498000
v 0.954000 -1.492000 0.498000
v 2.016000 -1.696000 0.498000
v 0.872000 -1.692000 0.498000
v 1.790000 -1.806000 0.498000
v 2.298000 -0.254000 0.498000
v 1.304000 -1.888000 0.498000
v 1.262000 -1.932000 0.498000
v 1.318000 -1.946000 0.498000
v 1.644000 -0.836000 0.498000
v 1.736000 -0.842000 0.498000
v 1.704000 -0.762000 0.498000
v 1.638000 -0.750000 0.498000
v 0.768000 -1.718000 0.498000
v 0.830000 -1.726000 0.498000
v 1.610000 -1.430000 0.498000
v 0.858000 -1.062000 0.498000
v 0.676000 -0.946000 0.498000
v 0.716000 -1.012000 0.498000
v 0.752000 -0.958000 0.498000
v 0.714000 -1.798000 0.498000
v 0.650000 -1.774000 0.498000
v 0.866000 -2.032000 0.498000
v 0.808000 -2.104000 0.498000
v 0.896000 -2.112000 0.498000
v 1.236000 -1.240000 0.498000
v 0.628000 -1.710000 0.498000
v 2.148000 -0.018000 0.498000
v 2.206000 -0.030000 0.498000
v 2.214000 -0.006000 0.498000
v 1.416000 -0.472000 0.498000
v 1.398000 -0.524000 0.498000
v 2.138000 -1.132000 0.498000
v 2.474000 0.000000 0.498000
v 2.474000 -0.206000 0.498000
v 2.474000 -0.620000 0.498000
v 0.324000 -1.854000 0.498000
v 0.240000 -1.860000 0.498000
v 1.874000 -0.824000 0.498000
v 1.820000 -0.874000 0.498000
v 2.474000 -1.238000 0.498000
v 2.474000 -1.624000 0.498000
v 0.250000 -1.236000 0.498000
v 0.324000 -1.292000 0.498000
v 0.618000 -0.626000 0.498000
v 0.544000 -0.614000 0.498000
v 0.942000 -2.294000 0.498000
v 0.988000 -0.170000 0.498000
v 0.956000 -0.242000 0.498000
v 1.036000 -0.238000 0.498000
v 0.420000 -2.476000 0.498000
v 0.112000 -2.476000 0.498000
v 0.680000 -2.262000 0.498000
v 0.638000 -2.334000 0.498000
v 1.046000 -0.028000 0.498000
v 1.110000 -0.024000 0.498000
v 2.106000 -2.278000 0.498000
v 2.044000 -2.330000 0.498000
v 0.682000 -0.288000 0.498000
v 0.600000 -0.274000 0.498000
v 2.080000 -1.728000 0.498000
v 2.120000 -0.284000 0.498000
v 0.428000 -2.032000 0.498000
v 0.112000 -2.170000 0.498000
v 0.128000 -2.112000 0.498000
v 0.358000 -2.050000 0.498000
v 0.346000 -2.128000 0.498000
v 0.828000 -0.448000 0.498000
v 0.808000 -0.510000 0.498000
v 0.888000 -0.494000 0.498000
v 2.112000 -0.700000 0.498000
v 2.168000 -0.732000 0.498000
v 0.656000 -2.188000 0.498000
v 0.650000 -2.102000 0.498000
v 0.408000 -1.190000 0.498000
v 1.852000 -2.146000 0.498000
v 1.372000 -2.280000 0.498000
v 1.258000 -2.196000 0.498000
v 1.192000 -2.250000 0.498000
v 0.516000 -2.318000 0.498000
v 0.456000 -2.284000 0.498000
v 0.574000 -2.366000 0.498000
v 0.570000 -2.300000 0.498000
v 2.124000 -2.128000 0.498000
v 1.702000 -0.174000 0.498000
v 0.628000 -0.988000 0.498000
v 1.320000 -0.112000 0.498000
v 0.306000 -1.364000 0.498000
v 1.934000 -0.664000 0.498000
v 1.968000 -0.728000 0.498000
v 0.778000 -2.208000 0.498000
v 0.744000 -2.266000 0.498000
v 1.842000 -1.112000 0.498000
v 2.150000 -1.082000 0.498000
v 1.122000 -2.372000 0.498000
v 1.060000 -2.402000 0.498000
v 1.134000 -2.426000 0.498000
v 2.194000 -1.270000 0.498000
v 1.048000 -2.058000 0.498000
v 1.040000 -2.142000 0.498000
v 0.122000 -0.694000 0.498000
v 1.902000 -0.362000 0.498000
v 1.818000 -0.364000 0.498000
v 1.632000 -1.640000 0.498000
v 0.594000 -2.084000 0.498000
v 1.984000 -0.016000 0.498000
v 2.054000 -0.076000 0.498000
v 2.068000 -0.004000 0.498000
v 1.178000 -2.472000 0.498000
v 1.096000 -2.456000 0.498000
v -0.000750 -2.364000 0.498000
v 0.072000 -2.214000 0.498000
v 2.120000 -0.874000 0.498000
v 2.166000 -0.816000 0.498000
v 0.186000 -2.386000 0.498000
v 0.968000 -2.402000 0.498000
v 1.980000 -2.136000 0.498000
v 0.826000 -0.138000 0.498000
v 0.810000 -0.192000 0.498000
v 0.888000 -0.176000 0.498000
v 1.982000 -0.924000 0.498000
v 2.000000 -0.850000 0.498000
v 1.936000 -0.870000 0.498000
v 0.504000 -1.810000 0.498000
v 0.414000 -1.834000 0.498000
v 0.580000 -0.208000 0.498000
v 0.534000 -0.256000 0.498000
v 1.258000 -0.968000 0.498000
v 1.278000 -1.578000 0.498000
v 1.742000 -1.668000 0.498000
v 1.800000 -1.686000 0.498000
v 0.420000 -1.516000 0.498000
v 0.508000 -1.514000 0.498000
v 1.720000 -1.498000 0.498000
v 1.856000 -1.506000 0.498000
v 1.858000 -1.582000 0.498000
v 0.296000 -2.082000 0.498000
v 0.256000 -2.138000 0.498000
v 0.990000 -2.170000 0.498000
v 0.988000 -2.116000 0.498000
v 2.112000 -0.002000 0.498000
v 2.294000 -0.002000 0.498000
v 0.440000 -0.448000 0.498000
v 0.520000 -0.460000 0.498000
v 2.236000 -1.386000 0.498000
v 2.004000 -1.392000 0.498000
v 2.026000 -0.780000 0.498000
v 2.078000 -0.826000 0.498000
v 2.316000 -1.832000 0.498000
v 0.564000 -1.710000 0.498000
v 0.024000 -1.036000 0.498000
v 0.058000 -1.114000 0.498000
v 0.106000 -1.050000 0.498000
v 0.920000 -0.312000 0.498000
v 0.892000 -0.248000 0.498000
v 0.000000 0.000000 0.498000
v 1.856000 0.000000 0.498000
v 1.096000 -1.978000 0.498000
v 1.090000 -1.078000 0.498000
v 1.384000 -1.398000 0.498000
v 2.230000 -0.768000 0.498000
v 2.446000 -1.670000 0.498000
v 2.446000 -1.600000 0.498000
v 2.392000 -1.626000 0.498000
v 1.332000 -1.678000 0.498000
v 0.860000 -1.964000 0.498000
v 0.802000 -1.974000 0.498000
v 0.618000 0.000000 0.498000
v 1.236000 -0.002000 0.498000
v 0.180000 -1.052000 0.498000
v 2.474000 -2.216000 0.498000
v 0.618000 -2.476000 0.498000
v 0.000000 -0.620000 0.498000
v 0.000000 -1.238000 0.498000
v 1.730000 -0.002000 0.498000
v 0.748000 -0.758000 0.498000
v 0.758000 -0.678000 0.498000
v 2.082000 -1.406000 0.498000
v 1.064000 -1.564000 0.498000
v 1.488000 -0.906000 0.498000
v 0.162000 -1.968000 0.498000
v 0.120000 -2.014000 0.498000
v 1.140000 -0.004000 0.498000
v 1.016000 -0.002000 0.498000
v 0.330000 -2.292000 0.498000
v 0.082000 -0.902000 0.498000
v 0.028000 -0.874000 0.498000
v 2.360000 -1.154000 0.498000
v 2.416000 -1.190000 0.498000
v 2.352000 -0.760000 0.498000
v 2.290000 -0.726000 0.498000
v 1.386000 -2.346000 0.498000
v 0.296000 -0.566000 0.498000
v 0.306000 -0.654000 0.498000
v 0.336000 -0.790000 0.498000
v 0.298000 -0.742000 0.498000
v 0.782000 -2.334000 0.498000
v 1.142000 -2.308000 0.498000
v 1.398000 -2.114000 0.498000
v 1.330000 -2.156000 0.498000
v 1.410000 -2.192000 0.498000
v 1.514000 -1.892000 0.498000
v 2.206000 -1.736000 0.498000
v 1.868000 -1.994000 0.498000
v 0.642000 -2.414000 0.498000
v 0.736000 -2.472000 0.498000
v 1.742000 -0.694000 0.498000
v 2.242000 -2.256000 0.498000
v 2.308000 -2.276000 0.498000
v 0.398000 -1.000000 0.498000
v 0.462000 -0.966000 0.498000
v 0.374000 -0.930000 0.498000
v 2.420000 -0.396000 0.498000
v 2.454000 -0.340000 0.498000
v 0.772000 -2.036000 0.498000
v 2.258000 -0.536000 0.498000
v 2.342000 -0.518000 0.498000
v 0.256000 -0.080000 0.498000
v 0.202000 -0.372000 0.498000
v 1.024000 -1.646000 0.498000
v 0.128000 -1.564000 0.498000
v 0.168000 -1.626000 0.498000
v 0.090000 -1.628000 0.498000
v 1.620000 -0.012000 0.498000
v 1.654000 -0.066000 0.498000
v 0.648000 -1.190000 0.498000
v 0.702000 -1.148000 0.498000
v 0.948000 -0.768000 0.498000
v 0.888000 -0.740000 0.498000
v 0.884000 -0.804000 0.498000
v 2.236000 -0.096000 0.498000
v 2.214000 -0.688000 0.498000
v 0.202000 -0.246000 0.498000
v 0.118000 -0.230000 0.498000
v 0.162000 -0.296000 0.498000
v 2.418000 -0.210000 0.498000
v 2.396000 -0.128000 0.498000
v 1.480000 -0.750000 0.498000
v 1.466000 -0.690000 0.498000
v 1.378000 -0.088000 0.498000
v 1.426000 -0.064000 0.498000
v 0.584000 -2.150000 0.498000
v 0.342000 -0.002000 0.498000
v 0.066000 -0.002000 0.498000
v 0.160000 -0.006000 0.498000
v 2.330000 -2.018000 0.498000
v 2.274000 -1.976000 0.498000
v 1.500000 -2.454000 0.498000
v 1.426000 -2.470000 0.498000
v 0.102000 -0.754000 0.498000
v 0.162000 -0.734000 0.498000
v 2.266000 -1.314000 0.498000
v 0.014000 -0.740000 0.498000
v 0.058000 -0.694000 0.498000
v 0.030000 -0.418000 0.498000
v 0.024000 -0.484000 0.498000
v 0.738000 -0.510000 0.498000
v 1.666000 -1.534000 0.498000
v 1.608000 -1.580000 0.498000
v 1.916000 -2.102000 0.498000
v 2.388000 -2.186000 0.498000
v 0.000000 -0.106000 0.498000
v 0.012000 -0.188000 0.498000
v 0.018000 -0.128000 0.498000
v 2.114000 -2.062000 0.498000
v 0.164000 -1.252000 0.498000
v 2.112000 -0.764000 0.498000
v 2.054000 -0.716000 0.498000
v 1.252000 -1.636000 0.498000
v 0.990000 -0.486000 0.498000
v 0.964000 -0.392000 0.498000
v 0.914000 -0.442000 0.498000
v 2.358000 -1.220000 0.498000
v 2.472000 -0.692000 0.498000
v 2.452000 -0.768000 0.498000
v 2.444000 -1.030000 0.498000
v 0.502000 -0.662000 0.498000
v 1.292000 -2.048000 0.498000
v 1.336000 -2.084000 0.498000
v 1.344000 -2.002000 0.498000
v 1.764000 -1.738000 0.498000
v 1.674000 -1.720000 0.498000
v 2.474000 -0.100000 0.498000
v 2.460000 -0.146000 0.498000
v 2.472000 -1.178000 0.498000
v 2.474000 -1.154000 0.498000
v 0.830000 -1.912000 0.498000
v 0.648000 -0.406000 0.498000
v 0.034000 -0.234000 0.498000
v 0.080000 -0.172000 0.498000
v 1.112000 -1.634000 0.498000
v 1.178000 -1.616000 0.498000
v 1.142000 -1.562000 0.498000
v 1.248000 -1.712000 0.498000
v 0.598000 -0.136000 0.498000
v 0.644000 -0.080000 0.498000
v 0.146000 -0.872000 0.498000
v 2.302000 -0.072000 0.498000
v 2.378000 -0.060000 0.498000
v 0.866000 -1.774000 0.498000
v 0.544000 -2.042000 0.498000
v 0.926000 -1.746000 0.498000
v 0.996000 -1.724000 0.498000
v 0.010000 -1.910000 0.498000
v 0.208000 -2.198000 0.498000
v 0.266000 -2.260000 0.498000
v 0.286000 -2.182000 0.498000
v 0.582000 -1.786000 0.498000
v 1.790000 -0.094000 0.498000
v 0.748000 -0.186000 0.498000
v 0.706000 -0.150000 0.498000
v 1.784000 -2.262000 0.498000
v 1.716000 -2.298000 0.498000
v 1.772000 -2.356000 0.498000
v 0.012000 -1.596000 0.498000
v 0.068000 -1.782000 0.498000
v 0.134000 -1.808000 0.498000
v 0.380000 -0.828000 0.498000
v 0.422000 -0.804000 0.498000
v 0.340000 -0.864000 0.498000
v 0.092000 -2.276000 0.498000
v 0.138000 -2.214000 0.498000
v 0.082000 -1.966000 0.498000
v 0.000000 -1.348000 0.498000
v 0.018000 -1.436000 0.498000
v 2.034000 -0.582000 0.498000
v 0.346000 -0.716000 0.498000
v 1.846000 -0.060000 0.498000
v 1.908000 -0.018000 0.498000
v 2.306000 -2.442000 0.498000
v 2.056000 -0.272000 0.498000
v 2.096000 -0.216000 0.498000
v 2.416000 -0.482000 0.498000
v 0.686000 -0.572000 0.498000
v 0.028000 -2.326000 0.498000
v 0.032000 -2.272000 0.498000
v 0.132000 -0.104000 0.498000
v 0.896000 -0.868000 0.498000
v 0.972000 -0.894000 0.498000
v 0.996000 -0.814000 0.498000
v 1.032000 -0.868000 0.498000
v 1.050000 -0.790000 0.498000
v 0.876000 -0.382000 0.498000
v 0.630000 -0.908000 0.498000
v 0.574000 -0.904000 0.498000
v 0.308000 -1.436000 0.498000
v 0.400000 -1.094000 0.498000
v 2.462000 -0.282000 0.498000
v 1.788000 -0.006000 0.498000
v 0.626000 -2.270000 0.498000
v 2.100000 -1.642000 0.498000
v 2.136000 -1.710000 0.498000
v 1.056000 -0.158000 0.498000
v 1.094000 -0.224000 0.498000
v 2.164000 -0.248000 0.498000
v 2.416000 -0.004000 0.498000
v 2.370000 -0.002000 0.498000
v 0.730000 -0.002000 0.498000
v 1.584000 -0.902000 0.498000
v 1.886000 -0.248000 0.498000
v 1.860000 -0.304000 0.498000
v 0.126000 -1.908000 0.498000
v 2.390000 -0.810000 0.498000
v 1.268000 -1.990000 0.498000
v 1.382000 -0.146000 0.498000
v 2.020000 -0.118000 0.498000
v 2.082000 -0.150000 0.498000
v 2.358000 -1.318000 0.498000
v 0.092000 -1.192000 0.498000
v 0.174000 -1.178000 0.498000
v 1.934000 -1.600000 0.498000
v 1.694000 -1.922000 0.498000
v 1.438000 -1.574000 0.498000
v 1.522000 -1.564000 0.498000
v 1.454000 -1.500000 0.498000
v 1.330000 -2.472000 0.498000
v 1.364000 -2.402000 0.498000
v 1.938000 -0.800000 0.498000
v 0.020000 -1.730000 0.498000
v 2.470000 -1.914000 0.498000
v 2.422000 -1.954000 0.498000
v 2.474000 -1.958000 0.498000
v 0.534000 -0.538000 0.498000
v 1.590000 -2.234000 0.498000
v 1.642000 -2.302000 0.498000
v 1.756000 -0.922000 0.498000
v 1.776000 -0.990000 0.498000
v 2.198000 -1.810000 0.498000
v 2.252000 -1.816000 0.498000
v 2.094000 -1.810000 0.498000
v 1.952000 -0.432000 0.498000
v 1.562000 -0.850000 0.498000
v 0.920000 -1.560000 0.498000
v 1.956000 -0.116000 0.498000
v 0.548000 -0.136000 0.498000
v 1.340000 -0.914000 0.498000
v 1.400000 -0.880000 0.498000
v 1.184000 -0.876000 0.498000
v 2.242000 -2.462000 0.498000
v 1.940000 -1.762000 0.498000
v 1.784000 -0.440000 0.498000
v 0.158000 -0.182000 0.498000
v 0.628000 -0.334000 0.498000
v 0.572000 -0.394000 0.498000
v 0.396000 -1.916000 0.498000
v 2.268000 -0.020000 0.498000
v 1.582000 -0.784000 0.498000
v 1.602000 -0.704000 0.498000
v 0.542000 -1.438000 0.498000
v 1.174000 -1.022000 0.498000
v 1.618000 -1.062000 0.498000
v 1.542000 -1.134000 0.498000
v 0.770000 -1.082000 0.498000
v 0.908000 -0.032000 0.498000
v 0.944000 -0.100000 0.498000
v 0.968000 -0.024000 0.498000
v 1.556000 -1.640000 0.498000
v 0.900000 -1.900000 0.498000
v 0.920000 -1.966000 0.498000
v 0.060000 -0.524000 0.498000
v 0.000000 -0.562000 0.498000
v 2.406000 -1.272000 0.498000
v 0.720000 -1.566000 0.498000
v 1.088000 -0.304000 0.498000
v 1.004000 -0.312000 0.498000
v 0.096000 -2.392000 0.498000
v 1.594000 -1.508000 0.498000
v 1.526000 -1.506000 0.498000
v 0.852000 -1.410000 0.498000
v 0.434000 -1.756000 0.498000
v 2.240000 -2.326000 0.498000
v 2.174000 -2.302000 0.498000
v 2.092000 -2.392000 0.498000
v 2.106000 -2.444000 0.498000
v 1.962000 -1.218000 0.498000
v 1.912000 -1.172000 0.498000
v 1.152000 -0.232000 0.498000
v 1.206000 -0.162000 0.498000
v 0.954000 -2.046000 0.498000
v 0.164000 -0.420000 0.498000
v 0.092000 -0.388000 0.498000
v 0.446000 -0.026000 0.498000
v 0.376000 -0.002000 0.498000
v 2.054000 -0.978000 0.498000
v 1.664000 -0.658000 0.498000
v 1.608000 -0.426000 0.498000
v 1.082000 -1.718000 0.498000
v 0.000000 -0.416000 0.498000
v 0.548000 -1.290000 0.498000
v 0.134000 -0.348000 0.498000
v 0.078000 -0.298000 0.498000
v 1.520000 -2.278000 0.498000
v 1.282000 -0.406000 0.498000
v 1.376000 -0.360000 0.498000
v 1.902000 -2.040000 0.498000
v 0.478000 -1.152000 0.498000
v 0.214000 -1.922000 0.498000
v 0.450000 -2.212000 0.498000
v 1.226000 -0.562000 0.498000
v 1.616000 -0.570000 0.498000
v 0.020000 -1.672000 0.498000
v 1.622000 -1.204000 0.498000
v 1.436000 -0.278000 0.498000
v 2.090000 -1.478000 0.498000
v 1.618000 -1.356000 0.498000
v 1.004000 -1.274000 0.498000
v 1.126000 -0.680000 0.498000
v 1.116000 -0.768000 0.498000
v 0.270000 -1.120000 0.498000
v 0.244000 -1.054000 0.498000
v 0.210000 -1.106000 0.498000
v 2.306000 -2.370000 0.498000
v 0.000000 -0.678000 0.498000
v 1.464000 -1.202000 0.498000
v 0.318000 -0.974000 0.498000
v 1.164000 -1.160000 0.498000
v 1.850000 -2.228000 0.498000
v 1.730000 -2.240000 0.498000
v 0.164000 -1.858000 0.498000
v 0.098000 -1.854000 0.498000
v 1.308000 -1.316000 0.498000
v 0.036000 -1.848000 0.498000
v 1.662000 -1.994000 0.498000
v 0.368000 -1.436000 0.498000
v 1.932000 -1.452000 0.498000
v 0.570000 -1.874000 0.498000
v 0.370000 -0.510000 0.498000
v 0.084000 -1.294000 0.498000
v 0.000000 -1.176000 0.498000
v 0.688000 -2.026000 0.498000
v 1.338000 -0.754000 0.498000
v 1.400000 -0.680000 0.498000
v 2.162000 -1.866000 0.498000
v 2.146000 -1.778000 0.498000
v 1.014000 -1.422000 0.498000
v 1.254000 -0.112000 0.498000
v 2.468000 -0.358000 0.498000
v 2.202000 -0.608000 0.498000
v 2.356000 -2.332000 0.498000
v 1.444000 -2.254000 0.498000
v 1.336000 -2.224000 0.498000
v 1.466000 -1.068000 0.498000
v 1.158000 -1.296000 0.498000
v 0.876000 -0.088000 0.498000
v 1.534000 -0.574000 0.498000
v 1.446000 -0.596000 0.498000
v 1.580000 -0.630000 0.498000
v 1.530000 -0.690000 0.498000
v 0.854000 -1.132000 0.498000
v 0.396000 -1.588000 0.498000
v 0.012000 -0.288000 0.498000
v 1.920000 -1.032000 0.498000
v 2.326000 -1.586000 0.498000
v 0.036000 -0.356000 0.498000
v 2.470000 -0.062000 0.498000
v 1.010000 -1.132000 0.498000
v 1.768000 -1.054000 0.498000
v 1.462000 -1.346000 0.498000
v 1.772000 -1.318000 0.498000
v 0.362000 -0.274000 0.498000
v 0.410000 -0.294000 0.498000
v 0.418000 -0.364000 0.498000
v 0.096000 -2.068000 0.498000
v 1.008000 -1.972000 0.498000
v 0.234000 -0.984000 0.498000
v 2.412000 -0.556000 0.498000
v 0.408000 -2.324000 0.498000
v 1.172000 -1.676000 0.498000
v 1.306000 -1.450000 0.498000
v 1.780000 -1.466000 0.498000
v 1.006000 -0.586000 0.498000
v 0.338000 -0.074000 0.498000
v 1.720000 -0.026000 0.498000
v 1.722000 -0.110000 0.498000
v 1.918000 -1.308000 0.498000
v 0.650000 -1.844000 0.498000
v 2.028000 -0.424000 0.498000
v 2.078000 -0.350000 0.498000
v 1.434000 -0.422000 0.498000
v 0.838000 -2.182000 0.498000
v 1.764000 -1.934000 0.498000
v 1.850000 -1.938000 0.498000
v 0.766000 -0.256000 0.498000
v 2.336000 -0.018000 0.498000
v 0.838000 -0.240000 0.498000
v 0.832000 -0.308000 0.498000
v 0.806000 -0.374000 0.498000
v 1.686000 -0.586000 0.498000
v 0.546000 -1.582000 0.498000
v 0.270000 -2.334000 0.498000
v 1.322000 -1.056000 0.498000
v 1.310000 -1.186000 0.498000
v 1.116000 -2.224000 0.498000
v 0.702000 -1.288000 0.498000
v 0.626000 -1.244000 0.498000
v 1.162000 -1.432000 0.498000
v 1.998000 -0.504000 0.498000
v 0.708000 -1.426000 0.498000
v 2.216000 -0.392000 0.498000
v 1.968000 -0.584000 0.498000
v 2.008000 -0.658000 0.498000
v 2.124000 -0.946000 0.498000
v 2.126000 -1.022000 0.498000
v 2.060000 -0.902000 0.498000
v 0.228000 -2.094000 0.498000
v 0.184000 -2.138000 0.498000
v 0.852000 -1.274000 0.498000
v 0.366000 -1.704000 0.498000
v 0.354000 -1.778000 0.498000
v 0.006000 -0.354000 0.498000
v 0.182000 -0.074000 0.498000
v 1.572000 -0.210000 0.498000
v 2.292000 -1.904000 0.498000
v 2.362000 -1.942000 0.498000
v 0.124000 -0.030000 0.498000
v 1.778000 -0.302000 0.498000
v 1.976000 -2.294000 0.498000
v 2.114000 -2.346000 0.498000
v 1.498000 -1.830000 0.498000
v 0.560000 -1.194000 0.498000
v 1.770000 -1.188000 0.498000
v 0.348000 -2.372000 0.498000
v 1.660000 -1.476000 0.498000
v 1.220000 -0.246000 0.498000
v 1.476000 -2.140000 0.498000
v 1.556000 -2.158000 0.498000
v 1.260000 -2.120000 0.498000
v 1.366000 -0.596000 0.498000
v 2.194000 -1.936000 0.498000
v 2.358000 -1.866000 0.498000
v 1.394000 -2.038000 0.498000
v 1.398000 -1.950000 0.498000
v 0.720000 -0.896000 0.498000
v 1.882000 -0.124000 0.498000
v 1.108000 -0.842000 0.498000
v 1.496000 -2.210000 0.498000
v 0.988000 -1.564000 0.498000
v 2.210000 -1.052000 0.498000
v 2.328000 -2.144000 0.498000
v 2.458000 -2.130000 0.498000
v 1.670000 -2.238000 0.498000
v 0.230000 -0.446000 0.498000
v 0.226000 -0.534000 0.498000
v 1.916000 -2.426000 0.498000
v 1.646000 -2.160000 0.498000
v 0.238000 -0.688000 0.498000
v 0.932000 -2.452000 0.498000
v 0.436000 -2.410000 0.498000
v 0.432000 -2.462000 0.498000
v 1.180000 -0.026000 0.498000
v 1.518000 -0.634000 0.498000
v 0.820000 -0.712000 0.498000
v 0.886000 -0.680000 0.498000
v 2.464000 -0.208000 0.498000
v 1.002000 -0.740000 0.498000
v 0.852000 -0.016000 0.498000
v 0.774000 -0.020000 0.498000
v 2.378000 -0.604000 0.498000
v 1.454000 -1.888000 0.498000
v 2.418000 -1.894000 0.498000
v 0.134000 -1.114000 0.498000
v 2.470000 -1.338000 0.498000
v 0.362000 -2.454000 0.498000
v 2.450000 -2.208000 0.498000
v 0.286000 -0.022000 0.498000
v 0.218000 -0.016000 0.498000
v 0.082000 -1.702000 0.498000
v 2.396000 -1.556000 0.498000
v 1.012000 -0.098000 0.498000
v 1.018000 -2.458000 0.498000
v 2.324000 -1.370000 0.498000
v 1.500000 -0.816000 0.498000
v 0.688000 -0.004000 0.498000
v 1.698000 -2.352000 0.498000
v 1.536000 -0.746000 0.498000
v 0.940000 -0.830000 0.498000
v 1.358000 -1.898000 0.498000
v 1.404000 -1.872000 0.498000
v 1.235250 -0.274000 0.012000
v 0.743250 -0.212000 0.012000
v 1.235250 -0.100000 0.012000
v 1.729250 -0.212000 0.012000
v 2.373250 -1.238000 0.012000
v 2.199250 -1.238000 0.012000
v 2.261250 -0.746000 0.012000
v 2.261250 -1.732000 0.012000
v 1.947250 -2.128000 0.012000
v 1.591250 -1.858000 0.012000
v 1.855250 -1.594000 0.012000
v 2.125250 -1.950000 0.012000
v 0.743250 -2.264000 0.012000
v 0.098000 -2.376000 0.012000
v 0.525250 -2.128000 0.012000
v 0.347250 -1.950000 0.012000
v 0.209250 -1.732000 0.012000
v 0.615250 -1.594000 0.012000
v 0.881250 -1.858000 0.012000
v 0.271250 -1.238000 0.012000
v 0.849250 -1.380000 0.012000
v 1.095250 -1.626000 0.012000
v 1.236000 -1.238000 0.004000
v 1.235250 -1.238000 0.012000
v 1.236000 -1.238000 0.018000
v 1.378000 -1.626000 0.012000
v 1.624000 -1.380000 0.012000
v 1.624000 -1.098000 0.012000
v 1.378000 -0.852000 0.012000
v 1.096000 -0.852000 0.012000
v 0.850000 -1.098000 0.012000
v 0.615250 -0.884000 0.012000
v 0.098000 -1.238750 0.012000
v 0.209250 -0.746000 0.012000
v 0.525250 -0.350000 0.012000
v 0.881250 -0.618000 0.012000
v 0.347250 -0.528000 0.012000
v 0.098000 -0.100000 0.012000
v 1.947250 -0.350000 0.012000
v 2.125250 -0.528000 0.012000
v 1.855250 -0.884000 0.012000
v 1.591250 -0.618000 0.012000
v 2.374000 -0.100000 0.012000
v 1.235250 -2.202000 0.012000
v 1.235250 -2.376000 0.012000
v 1.729250 -2.264000 0.012000
v 2.374000 -2.376000 0.012000
f 2532 2533 2534
f 2534 2533 2535
f 2534 2535 2536
f 2536 2535 2537
f 2536 2537 2538
f 2538 2537 2539
f 2538 2539 2540
f 2540 2539 2541
f 2540 2541 2542
f 2543 5002 2541
f 2543 2544 2542
f 2542 2544 2545
f 2542 2545 2546
f 2546 2545 2547
f 2548 5000 2545
f 2548 2545 2544
f 2547 2548 2549
f 2549 2548 2550
f 2549 2550 2551
f 2551 2547 2549
f 2551 2550 2552
f 2552 2550 2553
f 2552 2553 2554
f 2554 2553 2555
f 2554 2555 2556
f 2556 2555 2557
f 2556 2557 2533
f 5001 2532 2558
f 2533 2558 2556
f 2558 2559 2556
f 2556 2559 2554
f 2559 2560 2554
f 2554 2560 2552
f 2560 2551 2552
f 2551 2560 2547
f 2547 2560 2559
f 2547 2559 2546
f 2546 2559 2538
f 2546 2538 2540
f 2538 2559 2536
f 2536 2559 2558
f 2536 2558 2534
f 2534 2558 2532
f 2540 2542 2546
f 5002 2543 2561
f 2561 2543 2562
f 2561 2562 2563
f 2563 2562 2564
f 2563 2564 2565
f 2565 2564 2566
f 2565 2566 2567
f 2567 2566 2568
f 2567 2568 2569
f 2569 2568 2570
f 5003 2570 2571
f 2569 2571 2572
f 2569 2572 2573
f 2573 2572 2574
f 2574 2572 2575
f 2574 2575 2576
f 2576 2575 2577
f 2576 2577 2578
f 2578 2577 2579
f 2579 2577 2580
f 2580 2577 2575
f 2580 2575 2581
f 2581 2575 2572
f 2581 2572 2571
f 2578 2579 2582
f 2582 2579 2548
f 2582 2548 2547
f 2547 2578 2582
f 5000 2548 2583
f 2583 2548 2584
f 2583 2584 2543
f 2542 2585 2543
f 2543 2585 2583
f 2585 2547 2583
f 2585 2574 2547
f 2547 2574 2576
f 2547 2576 2578
f 2542 2561 2585
f 2585 2561 2563
f 2585 2563 2574
f 2574 2563 2565
f 2574 2565 2573
f 2573 2565 2567
f 2573 2567 2569
f 2586 2587 2588
f 2588 2587 2589
f 2588 2589 2590
f 2590 2589 2591
f 2590 2591 2592
f 2592 2591 2593
f 2592 2593 2594
f 2594 2593 2595
f 2594 2595 2596
f 2597 5004 2595
f 2597 2598 2596
f 2596 2598 2599
f 2596 2599 2600
f 2600 2599 2601
f 2602 5005 2599
f 2602 2599 2598
f 2601 2602 2603
f 2603 2602 2604
f 2603 2604 2605
f 2605 2601 2603
f 2605 2604 2606
f 2606 2604 2607
f 2606 2607 2608
f 2608 2607 2609
f 2608 2609 2610
f 2610 2609 2611
f 2610 2611 2587
f 5006 2586 2612
f 2587 2612 2610
f 2612 2613 2610
f 2610 2613 2608
f 2613 2614 2608
f 2608 2614 2606
f 2614 2605 2606
f 2605 2614 2601
f 2601 2614 2613
f 2601 2613 2600
f 2600 2613 2592
f 2600 2592 2594
f 2592 2613 2590
f 2590 2613 2612
f 2590 2612 2588
f 2588 2612 2586
f 2594 2596 2600
f 5004 2597 2615
f 2615 2597 2616
f 2615 2616 2617
f 2617 2616 2618
f 2617 2618 2619
f 2619 2618 2620
f 2619 2620 2621
f 2621 2620 2622
f 2621 2622 2623
f 2623 2622 2624
f 5007 2624 2625
f 2623 2625 2626
f 2623 2626 2627
f 2627 2626 2628
f 2628 2626 2629
f 2628 2629 2630
f 2630 2629 2631
f 2630 2631 2632
f 2632 2631 2633
f 2633 2631 2634
f 2634 2631 2629
f 2634 2629 2635
f 2635 2629 2626
f 2635 2626 2625
f 2632 2633 2636
f 2636 2633 2602
f 2636 2602 2601
f 2601 2632 2636
f 5005 2602 2637
f 2637 2602 2638
f 2637 2638 2597
f 2596 2639 2597
f 2597 2639 2637
f 2639 2601 2637
f 2639 2628 2601
f 2601 2628 2630
f 2601 2630 2632
f 2596 2615 2639
f 2639 2615 2617
f 2639 2617 2628
f 2628 2617 2619
f 2628 2619 2627
f 2627 2619 2621
f 2627 2621 2623
f 2640 2641 2642
f 2642 2641 2643
f 2642 2643 2644
f 2644 2643 2645
f 2644 2645 2646
f 2646 2645 2647
f 5008 2647 2648
f 2646 2648 2649
f 2646 2649 2650
f 2650 2649 2651
f 2651 2649 2652
f 2651 2652 2653
f 2653 2652 2654
f 2653 2654 2655
f 2655 2654 2656
f 2656 2654 2657
f 2657 2654 2652
f 2657 2652 2658
f 2658 2652 2649
f 2658 2649 2648
f 5009 2656 2659
f 2659 2656 2660
f 2659 2660 2661
f 2661 2660 2662
f 2661 2662 2663
f 2663 2662 2664
f 2663 2664 2665
f 2665 5010 2663
f 2663 2666 2667
f 2663 2667 2668
f 2663 2668 2661
f 2661 2668 2669
f 2661 2669 2659
f 2659 2669 2655
f 2666 2665 2670
f 2670 2665 2671
f 2670 2671 2672
f 2672 2671 2673
f 2672 2673 2674
f 2674 2673 2675
f 2674 2675 2641
f 5011 2640 2676
f 2641 2676 2674
f 2676 2677 2674
f 2674 2677 2672
f 2677 2678 2672
f 2672 2678 2670
f 2678 2666 2670
f 2666 2678 2667
f 2667 2678 2677
f 2667 2677 2668
f 2668 2677 2651
f 2668 2651 2669
f 2669 2651 2653
f 2669 2653 2655
f 2677 2676 2651
f 2651 2676 2650
f 2650 2676 2642
f 2650 2642 2644
f 2676 2640 2642
f 2644 2646 2650
f 2679 2680 2681
f 2681 2680 2682
f 2681 2682 2683
f 2683 2682 2684
f 2683 2684 2685
f 2685 2684 2686
f 5012 2686 2687
f 2687 2686 2688
f 2687 2688 2689
f 2689 2688 2690
f 2689 2690 2691
f 2691 2690 2692
f 2691 2692 2693
f 2693 5013 2695
f 2693 2695 2691
f 2695 2696 2691
f 2691 2696 2689
f 2696 2697 2689
f 2689 2697 2687
f 2697 2685 2687
f 2693 2698 2694
f 2694 2698 2699
f 2694 2699 2700
f 2700 2699 2701
f 2701 2699 2702
f 2701 2702 2703
f 2703 2702 2704
f 2703 2704 2679
f 5014 2679 2704
f 2680 2704 2705
f 2705 2704 2702
f 2705 2702 2706
f 2706 2702 2699
f 2706 2699 2698
f 2694 2700 2695
f 2695 2700 2696
f 2696 2700 2701
f 2696 2701 2697
f 2697 2701 2703
f 2697 2703 2683
f 2683 2703 2681
f 2681 2703 2679
f 2683 2685 2697
f 2707 2708 2709
f 2709 2708 2710
f 2709 2710 2711
f 2711 2710 2712
f 2711 2712 2713
f 2713 2712 2714
f 5015 2714 2715
f 2715 2714 2716
f 2715 2716 2717
f 2717 2716 2718
f 2717 2718 2719
f 2719 2718 2720
f 2719 2720 2693
f 2694 2721 2693
f 2693 2721 2719
f 2721 2722 2719
f 2719 2722 2717
f 2722 2723 2717
f 2717 2723 2715
f 2723 2713 2715
f 5013 2693 2724
f 2694 2724 2725
f 2694 2725 2726
f 2726 2725 2727
f 2727 2725 2728
f 2727 2728 2729
f 2729 2728 2730
f 2729 2730 2707
f 5016 2707 2730
f 2708 2730 2731
f 2731 2730 2728
f 2731 2728 2732
f 2732 2728 2725
f 2732 2725 2724
f 2694 2726 2721
f 2721 2726 2727
f 2721 2727 2722
f 2722 2727 2729
f 2722 2729 2723
f 2723 2729 2709
f 2723 2709 2711
f 2729 2707 2709
f 2711 2713 2723
f 2714 2733 2713
f 2713 2733 2734
f 2713 2734 2735
f 2735 2734 2736
f 2736 2734 2737
f 2736 2737 2738
f 2738 2737 2739
f 2738 2739 2740
f 2740 2739 2741
f 2741 2739 2742
f 2742 2739 2737
f 2742 2737 2743
f 2743 2737 2734
f 2743 2734 2733
f 5017 2741 2744
f 2744 2741 2745
f 2744 2745 2746
f 2746 2745 2747
f 2746 2747 2748
f 2748 2747 2749
f 2748 2749 2750
f 2750 5018 2748
f 2748 2751 2752
f 2748 2752 2753
f 2748 2753 2746
f 2746 2753 2754
f 2746 2754 2744
f 2744 2754 2740
f 2751 2750 2755
f 2755 2750 2756
f 2755 2756 2757
f 2757 2756 2758
f 2757 2758 2759
f 2759 2758 2760
f 2759 2760 2680
f 2679 2761 2680
f 2680 2761 2759
f 2761 2762 2759
f 2759 2762 2757
f 2762 2763 2757
f 2757 2763 2755
f 2763 2751 2755
f 2679 5014 2764
f 2764 2680 2765
f 2764 2765 2766
f 2766 2765 2767
f 2766 2767 2713
f 2714 5015 2767
f 2679 2764 2761
f 2761 2764 2766
f 2761 2766 2735
f 2735 2766 2713
f 2761 2735 2762
f 2762 2735 2736
f 2762 2736 2753
f 2753 2736 2754
f 2754 2736 2738
f 2754 2738 2740
f 2753 2752 2762
f 2762 2752 2763
f 2763 2752 2751
f 2768 2769 2770
f 2770 2769 2771
f 2770 2771 2772
f 2772 2771 2773
f 2774 5019 2771
f 2774 2771 2769
f 2773 2774 2775
f 2775 2774 2776
f 2775 2776 2777
f 2777 2773 2775
f 2777 2776 2778
f 2778 2776 2779
f 2778 2779 2780
f 2780 2779 2781
f 2780 2781 2782
f 2782 2781 2783
f 2782 2783 2708
f 2707 2784 2708
f 2708 2784 2782
f 2784 2785 2782
f 2782 2785 2780
f 2785 2786 2780
f 2780 2786 2778
f 2786 2777 2778
f 2707 5016 2787
f 2787 2708 2788
f 2787 2788 2789
f 2789 2788 2790
f 2789 2790 2791
f 2791 2790 2792
f 2791 2792 2793
f 2793 2792 2794
f 2793 2794 2770
f 5032 2770 2794
f 2707 2787 2784
f 2784 2787 2789
f 2784 2789 2785
f 2785 2789 2791
f 2785 2791 2772
f 2772 2791 2793
f 2772 2793 2770
f 2772 2773 2785
f 2785 2773 2786
f 2786 2773 2777
f 2740 2741 2795
f 2795 2741 2796
f 2795 2796 2797
f 2797 2796 2798
f 2797 2798 2799
f 2799 2798 2800
f 2799 2800 2801
f 2802 2803 2801
f 2801 2803 2799
f 2803 2804 2799
f 2799 2804 2797
f 2804 2805 2797
f 2797 2805 2795
f 2805 2740 2795
f 2801 2806 2802
f 2802 2806 2807
f 2802 2807 2808
f 2808 2807 2809
f 2809 2807 2810
f 2809 2810 2811
f 2811 2810 2812
f 2811 2812 2813
f 2813 2812 2814
f 2813 2814 2815
f 2815 2814 2816
f 2815 2816 2817
f 2817 2816 2818
f 2817 2818 2819
f 2819 2818 2820
f 2819 2820 2821
f 2822 5020 2820
f 2822 2820 2823
f 2823 2820 2818
f 2823 2818 2824
f 2824 2818 2816
f 2824 2816 2825
f 2825 2816 2814
f 2825 2814 2826
f 2826 2814 2812
f 2826 2812 2827
f 2827 2812 2810
f 2827 2810 2828
f 2828 2810 2807
f 2828 2807 2806
f 5020 2822 2829
f 2829 2822 2830
f 2829 2830 2831
f 2831 2830 2832
f 2831 2832 2833
f 2833 2832 2834
f 2833 2834 2741
f 2741 5017 2835
f 2741 2835 2833
f 2835 2836 2833
f 2833 2836 2831
f 2836 2837 2831
f 2831 2837 2829
f 2837 2821 2829
f 2821 2837 2819
f 2819 2837 2817
f 2817 2837 2836
f 2817 2836 2815
f 2815 2836 2804
f 2815 2804 2813
f 2813 2804 2811
f 2811 2804 2803
f 2811 2803 2809
f 2809 2803 2808
f 2808 2803 2802
f 2804 2836 2805
f 2805 2836 2835
f 2805 2835 2740
f 2840 5021 2839
f 2840 2839 2841
f 2840 2841 2842
f 2842 2841 2843
f 2843 2841 2844
f 2844 2841 2845
f 2844 2845 2846
f 2846 2845 2847
f 2846 2847 2848
f 2848 2847 2849
f 2848 2849 2850
f 2850 2849 2851
f 2850 2851 2852
f 2852 2851 2853
f 2852 2853 2854
f 2839 2855 2841
f 2841 2855 2856
f 2841 2856 2845
f 2845 2856 2857
f 2845 2857 2847
f 2847 2857 2858
f 2847 2858 2849
f 2849 2858 2859
f 2849 2859 2851
f 2851 2859 2860
f 2851 2860 2853
f 2853 2861 2854
f 2854 2861 2862
f 2854 2862 2863
f 2863 2862 2864
f 2864 2862 2865
f 2864 2865 2866
f 2866 2865 2867
f 2866 2867 2751
f 2751 2867 2750
f 2750 2867 2868
f 2868 2867 2865
f 2868 2865 2869
f 2869 2865 2862
f 2869 2862 2861
f 5018 2750 2870
f 2751 2870 2871
f 2751 2871 2872
f 2872 2871 2873
f 2873 2871 2874
f 2873 2874 2875
f 2875 2874 2876
f 2875 2876 2840
f 5021 2840 2876
f 2838 2876 2877
f 2877 2876 2874
f 2877 2874 2878
f 2878 2874 2871
f 2878 2871 2870
f 2751 2872 2866
f 2866 2872 2873
f 2866 2873 2864
f 2864 2873 2844
f 2864 2844 2846
f 2844 2873 2843
f 2843 2873 2875
f 2843 2875 2842
f 2842 2875 2840
f 2846 2848 2864
f 2864 2848 2863
f 2863 2848 2850
f 2863 2850 2852
f 2852 2854 2863
f 2822 2879 2821
f 2821 2879 2880
f 2821 2880 2881
f 2881 2880 2882
f 2882 2880 2883
f 2882 2883 2884
f 2884 2883 2885
f 2884 2885 2886
f 2886 2885 2887
f 2886 2887 2888
f 2888 2887 2889
f 2888 2889 2890
f 2890 2889 2891
f 2890 2891 2892
f 2892 2891 2893
f 2892 2893 2894
f 2895 5024 2893
f 2895 2893 2896
f 2896 2893 2891
f 2896 2891 2897
f 2897 2891 2889
f 2897 2889 2898
f 2898 2889 2887
f 2898 2887 2899
f 2899 2887 2885
f 2899 2885 2900
f 2900 2885 2883
f 2900 2883 2901
f 2901 2883 2880
f 2901 2880 2879
f 5024 2895 2902
f 2902 2895 2903
f 2902 2903 2904
f 2904 2903 2905
f 2904 2905 2906
f 2906 2905 2907
f 2906 2907 2908
f 2908 2907 2909
f 2908 2909 2910
f 2910 2909 2911
f 2910 2911 2912
f 2912 2911 2913
f 2912 2913 2914
f 2914 2913 2915
f 2914 2915 2838
f 2840 2916 2838
f 2838 2916 2914
f 2916 2917 2914
f 2914 2917 2912
f 2917 2918 2912
f 2912 2918 2910
f 2918 2919 2910
f 2910 2919 2908
f 2919 2920 2908
f 2908 2920 2906
f 2920 2921 2906
f 2906 2921 2904
f 2921 2922 2904
f 2904 2922 2902
f 2922 2894 2902
f 2838 2923 2840
f 2840 2923 2924
f 2924 2923 2925
f 2924 2925 2926
f 2926 2925 2927
f 2927 2925 2928
f 2927 2928 2929
f 2929 2928 2930
f 2929 2930 2931
f 2931 2930 2932
f 2931 2932 2933
f 2933 2932 2934
f 2933 2934 2935
f 2935 2934 2822
f 2935 2822 2821
f 2923 2936 2925
f 2925 2936 2937
f 2925 2937 2928
f 2928 2937 2938
f 2928 2938 2930
f 2930 2938 2939
f 2930 2939 2932
f 2932 2939 2940
f 2932 2940 2934
f 2934 2940 2941
f 2934 2941 2822
f 2840 2924 2916
f 2916 2924 2926
f 2916 2926 2917
f 2917 2926 2927
f 2917 2927 2918
f 2918 2927 2929
f 2918 2929 2919
f 2919 2929 2886
f 2919 2886 2920
f 2920 2886 2888
f 2920 2888 2921
f 2921 2888 2890
f 2921 2890 2922
f 2922 2890 2892
f 2922 2892 2894
f 2886 2929 2884
f 2884 2929 2931
f 2884 2931 2882
f 2882 2931 2933
f 2882 2933 2881
f 2881 2933 2935
f 2881 2935 2821
f 2944 5025 2943
f 2944 2943 2945
f 2944 2945 2946
f 2946 2945 2947
f 2947 2945 2948
f 2947 2948 2949
f 2949 2948 2950
f 2949 2950 2951
f 2951 2950 2952
f 2951 2952 2953
f 2953 2952 2954
f 2953 2954 2955
f 2955 2954 2956
f 2955 2956 2957
f 2957 2956 2958
f 2957 2958 2894
f 2895 5023 2958
f 2895 2958 2959
f 2959 2958 2956
f 2959 2956 2960
f 2960 2956 2954
f 2960 2954 2961
f 2961 2954 2952
f 2961 2952 2962
f 2962 2952 2950
f 2962 2950 2963
f 2963 2950 2948
f 2963 2948 2964
f 2964 2948 2945
f 2964 2945 2943
f 5023 2895 2965
f 2965 2895 2966
f 2965 2966 2967
f 2967 2966 2968
f 2967 2968 2969
f 2969 2968 2970
f 2969 2970 2971
f 2971 2970 2972
f 2971 2972 2973
f 2973 2972 2974
f 2973 2974 2975
f 2975 2974 2976
f 2975 2976 2977
f 2977 2976 2978
f 2977 2978 2979
f 2979 5026 2981
f 2979 2981 2977
f 2981 2982 2977
f 2977 2982 2975
f 2982 2983 2975
f 2975 2983 2973
f 2983 2984 2973
f 2973 2984 2971
f 2984 2985 2971
f 2971 2985 2969
f 2985 2986 2969
f 2969 2986 2967
f 2986 2987 2967
f 2967 2987 2965
f 2987 2894 2965
f 5026 2979 2988
f 2980 2988 2989
f 2989 2988 2990
f 2989 2990 2991
f 2991 2990 2992
f 2992 2990 2993
f 2992 2993 2994
f 2994 2993 2995
f 2994 2995 2996
f 2996 2995 2997
f 2996 2997 2998
f 2998 2997 2999
f 2998 2999 3000
f 3000 2999 2942
f 5025 2944 3000
f 2988 3001 2990
f 2990 3001 3002
f 2990 3002 2993
f 2993 3002 3003
f 2993 3003 2995
f 2995 3003 3004
f 2995 3004 2997
f 2997 3004 3005
f 2997 3005 2999
f 2999 3005 3006
f 2999 3006 2942
f 2980 2989 2981
f 2981 2989 2991
f 2981 2991 2982
f 2982 2991 2992
f 2982 2992 2983
f 2983 2992 2994
f 2983 2994 2984
f 2984 2994 2951
f 2984 2951 2953
f 2951 2994 2949
f 2949 2994 2996
f 2949 2996 2947
f 2947 2996 2998
f 2947 2998 2946
f 2946 2998 3000
f 2946 3000 2944
f 2984 2953 2985
f 2985 2953 2955
f 2985 2955 2986
f 2986 2955 2957
f 2986 2957 2987
f 2987 2957 2894
f 3009 5028 3008
f 3009 3008 3010
f 3010 3008 3011
f 3010 3011 3012
f 3012 3011 3013
f 3013 3011 3014
f 3013 3014 3015
f 3015 3014 3016
f 3015 3016 3017
f 3017 3016 3018
f 3017 3018 3019
f 3019 3018 3020
f 3019 3020 3021
f 3021 3020 3022
f 3022 5027 3021
f 3008 3024 3011
f 3011 3024 3025
f 3011 3025 3014
f 3014 3025 3026
f 3014 3026 3016
f 3016 3026 3027
f 3016 3027 3018
f 3018 3027 3028
f 3018 3028 3020
f 3020 3028 3029
f 3020 3029 3022
f 5027 3022 3030
f 3023 3030 3031
f 3023 3031 3032
f 3032 3031 3033
f 3033 3031 3034
f 3033 3034 3035
f 3035 3034 3036
f 3035 3036 3037
f 3037 3036 3038
f 3037 3038 3039
f 3039 3038 3040
f 3039 3040 3041
f 3041 3040 3042
f 3041 3042 3043
f 3043 3042 3044
f 3043 3044 2894
f 2895 5022 3044
f 2895 3044 3045
f 3045 3044 3042
f 3045 3042 3046
f 3046 3042 3040
f 3046 3040 3047
f 3047 3040 3038
f 3047 3038 3048
f 3048 3038 3036
f 3048 3036 3049
f 3049 3036 3034
f 3049 3034 3050
f 3050 3034 3031
f 3050 3031 3030
f 2894 2895 3051
f 3051 2895 3052
f 3051 3052 3053
f 3053 3052 3054
f 3053 3054 3055
f 3055 3054 3056
f 3055 3056 3057
f 3057 3056 3058
f 3057 3058 3059
f 3059 3058 3060
f 3059 3060 3061
f 3061 3060 3062
f 3061 3062 3063
f 3063 3062 3064
f 3063 3064 3007
f 5028 3009 3065
f 3007 3065 3063
f 3065 3066 3063
f 3063 3066 3061
f 3066 3067 3061
f 3061 3067 3059
f 3067 3068 3059
f 3059 3068 3057
f 3068 3069 3057
f 3057 3069 3055
f 3069 3070 3055
f 3055 3070 3053
f 3070 3071 3053
f 3053 3071 3051
f 3071 2894 3051
f 2894 3071 3043
f 3043 3071 3041
f 3041 3071 3070
f 3041 3070 3039
f 3039 3070 3069
f 3039 3069 3037
f 3037 3069 3068
f 3037 3068 3015
f 3015 3068 3067
f 3015 3067 3013
f 3013 3067 3066
f 3013 3066 3012
f 3012 3066 3065
f 3012 3065 3010
f 3010 3065 3009
f 3037 3015 3035
f 3035 3015 3017
f 3035 3017 3033
f 3033 3017 3019
f 3033 3019 3032
f 3032 3019 3021
f 3032 3021 3023
f 3074 5030 3073
f 3074 3073 3075
f 3075 3073 3076
f 3075 3076 3077
f 3077 3076 3078
f 3078 3076 3079
f 3078 3079 3080
f 3080 3079 3081
f 3080 3081 3082
f 3082 3081 3083
f 3082 3083 3084
f 3084 3083 3085
f 3084 3085 3086
f 3086 3085 3087
f 3087 5029 3086
f 3073 3089 3076
f 3076 3089 3090
f 3076 3090 3079
f 3079 3090 3091
f 3079 3091 3081
f 3081 3091 3092
f 3081 3092 3083
f 3083 3092 3093
f 3083 3093 3085
f 3085 3093 3094
f 3085 3094 3087
f 5029 3087 3095
f 3088 3095 3096
f 3088 3096 3097
f 3097 3096 3098
f 3098 3096 3099
f 3098 3099 3100
f 3100 3099 3101
f 3100 3101 3102
f 3102 3101 3103
f 3102 3103 3104
f 3104 3103 3105
f 3104 3105 3106
f 3106 3105 3107
f 3106 3107 3108
f 3108 3107 3109
f 3108 3109 2894
f 2894 3109 2895
f 2895 3109 3110
f 3110 3109 3107
f 3110 3107 3111
f 3111 3107 3105
f 3111 3105 3112
f 3112 3105 3103
f 3112 3103 3113
f 3113 3103 3101
f 3113 3101 3114
f 3114 3101 3099
f 3114 3099 3115
f 3115 3099 3096
f 3115 3096 3095
f 5022 2895 3116
f 3116 2895 3117
f 3116 3117 3118
f 3118 3117 3119
f 3118 3119 3120
f 3120 3119 3121
f 3120 3121 3122
f 3122 3121 3123
f 3122 3123 3124
f 3124 3123 3125
f 3124 3125 3126
f 3126 3125 3127
f 3126 3127 3128
f 3128 3127 3129
f 3128 3129 3072
f 5030 3074 3130
f 3072 3130 3128
f 3130 3131 3128
f 3128 3131 3126
f 3131 3132 3126
f 3126 3132 3124
f 3132 3133 3124
f 3124 3133 3122
f 3133 3134 3122
f 3122 3134 3120
f 3134 3135 3120
f 3120 3135 3118
f 3135 3136 3118
f 3118 3136 3116
f 3136 2894 3116
f 2894 3136 3108
f 3108 3136 3135
f 3108 3135 3106
f 3106 3135 3134
f 3106 3134 3104
f 3104 3134 3133
f 3104 3133 3102
f 3102 3133 3080
f 3102 3080 3100
f 3100 3080 3082
f 3100 3082 3098
f 3098 3082 3084
f 3098 3084 3097
f 3097 3084 3086
f 3097 3086 3088
f 3133 3132 3080
f 3080 3132 3078
f 3078 3132 3131
f 3078 3131 3077
f 3077 3131 3130
f 3077 3130 3075
f 3075 3130 3074
f 3072 3137 3074
f 3074 3137 3138
f 3074 3138 3139
f 3139 3138 3140
f 3140 3138 3141
f 3141 3138 3142
f 3141 3142 3143
f 3143 3142 3144
f 3143 3144 3145
f 3145 3144 3146
f 3145 3146 3147
f 3147 3146 3148
f 3147 3148 3149
f 3149 3148 3150
f 3149 3150 3151
f 3137 3152 3138
f 3138 3152 3153
f 3138 3153 3142
f 3142 3153 3154
f 3142 3154 3144
f 3144 3154 3155
f 3144 3155 3146
f 3146 3155 3156
f 3146 3156 3148
f 3148 3156 3157
f 3148 3157 3150
f 3150 3158 3151
f 3151 3158 3159
f 3151 3159 3160
f 3160 3159 3161
f 3161 3159 3162
f 3161 3162 3163
f 3163 3162 3164
f 3163 3164 3165
f 3166 5031 3164
f 3166 3164 3167
f 3167 3164 3162
f 3167 3162 3168
f 3168 3162 3159
f 3168 3159 3158
f 3166 3169 3165
f 3165 3169 3170
f 3165 3170 3171
f 3171 3170 3172
f 3172 3170 3173
f 3172 3173 3174
f 3174 3173 3175
f 3174 3175 3074
f 3074 3175 3072
f 3072 3175 3176
f 3176 3175 3173
f 3176 3173 3177
f 3177 3173 3170
f 3177 3170 3169
f 3165 3171 3163
f 3163 3171 3172
f 3163 3172 3161
f 3161 3172 3141
f 3161 3141 3143
f 3141 3172 3140
f 3140 3172 3174
f 3140 3174 3139
f 3139 3174 3074
f 3143 3145 3161
f 3161 3145 3160
f 3160 3145 3147
f 3160 3147 3149
f 3149 3151 3160
f 2770 5032 3178
f 3178 2768 3179
f 3178 3179 3180
f 3180 3179 3181
f 3180 3181 3182
f 3182 3181 3183
f 3182 3183 3184
f 3184 3183 3185
f 3184 3185 3186
f 3186 3185 3187
f 5033 3187 3188
f 3186 3188 3189
f 3186 3189 3190
f 3190 3189 3191
f 3191 3189 3192
f 3191 3192 3193
f 3193 3192 3194
f 3193 3194 3195
f 3195 3194 3196
f 3196 3194 3197
f 3197 3194 3192
f 3197 3192 3198
f 3198 3192 3189
f 3198 3189 3188
f 3195 3196 3199
f 3199 3196 2774
f 3199 2774 2773
f 2773 3195 3199
f 5019 2774 3200
f 3200 2774 3201
f 3200 3201 2768
f 2770 3202 2768
f 2768 3202 3200
f 3202 2773 3200
f 3202 3191 2773
f 2773 3191 3193
f 2773 3193 3195
f 2770 3178 3202
f 3202 3178 3180
f 3202 3180 3191
f 3191 3180 3182
f 3191 3182 3190
f 3190 3182 3184
f 3190 3184 3186
f 3205 5034 3204
f 3205 3204 3206
f 3205 3206 3207
f 3207 3206 3208
f 3208 3206 3209
f 3208 3209 3210
f 3210 3209 3211
f 3210 3211 3212
f 3212 3211 3213
f 3213 3211 3214
f 3214 3211 3209
f 3214 3209 3215
f 3215 3209 3206
f 3215 3206 3204
f 5035 3213 3216
f 3216 3213 3217
f 3216 3217 3218
f 3218 3217 3219
f 3218 3219 3220
f 3220 3219 3221
f 3220 3221 3166
f 3166 3165 3220
f 3220 3165 3222
f 3220 3222 3223
f 3220 3223 3218
f 3218 3223 3224
f 3218 3224 3216
f 3216 3224 3212
f 5031 3166 3225
f 3225 3166 3226
f 3225 3226 3227
f 3227 3226 3228
f 3227 3228 3229
f 3229 3228 3230
f 3229 3230 3231
f 3231 5036 3233
f 3231 3233 3229
f 3233 3234 3229
f 3229 3234 3227
f 3234 3235 3227
f 3227 3235 3225
f 3235 3165 3225
f 3232 3231 3236
f 3236 3231 3237
f 3236 3237 3238
f 3238 3237 3239
f 3238 3239 3205
f 3205 3239 3203
f 3232 3236 3233
f 3233 3236 3207
f 3233 3207 3208
f 3236 3238 3207
f 3207 3238 3205
f 3210 3224 3208
f 3208 3224 3223
f 3208 3223 3234
f 3234 3223 3222
f 3234 3222 3235
f 3235 3222 3165
f 3210 3212 3224
f 3234 3233 3208
f 5036 3231 3240
f 3240 3231 3241
f 3240 3241 3242
f 3242 3241 3243
f 3242 3243 3186
f 3187 5033 3243
f 3186 3187 3244
f 3244 3187 3245
f 3244 3245 3246
f 3246 3245 3247
f 3246 3247 3248
f 3248 3247 3249
f 3248 3249 3250
f 3250 5037 3252
f 3250 3252 3248
f 3252 3253 3248
f 3248 3253 3246
f 3253 3254 3246
f 3246 3254 3244
f 3254 3186 3244
f 3250 3255 3251
f 3251 3255 3256
f 3251 3256 3257
f 3257 3256 3258
f 3258 3256 3259
f 3258 3259 3260
f 3260 3259 3261
f 3260 3261 3232
f 3232 3261 3231
f 3231 3261 3262
f 3262 3261 3259
f 3262 3259 3263
f 3263 3259 3256
f 3263 3256 3255
f 3251 3257 3252
f 3252 3257 3253
f 3253 3257 3258
f 3253 3258 3254
f 3254 3258 3260
f 3254 3260 3242
f 3242 3260 3240
f 3240 3260 3232
f 3242 3186 3254
f 5037 3250 3264
f 3251 3264 3265
f 3251 3265 3266
f 3266 3265 3267
f 3267 3265 3268
f 3267 3268 3269
f 3269 3268 3270
f 3269 3270 2532
f 2532 3270 2533
f 2533 3270 3271
f 3271 3270 3268
f 3271 3268 3272
f 3272 3268 3265
f 3272 3265 3264
f 2532 5001 3273
f 3273 2533 3274
f 3273 3274 3275
f 3275 3274 3276
f 3275 3276 3205
f 5034 3205 3276
f 3205 3203 3277
f 3277 3203 3278
f 3277 3278 3279
f 3279 3278 3280
f 3279 3280 3281
f 3281 3280 3282
f 3281 3282 3250
f 3251 3283 3250
f 3250 3283 3281
f 3283 3284 3281
f 3281 3284 3279
f 3284 3285 3279
f 3279 3285 3277
f 3285 3205 3277
f 3205 3285 3275
f 3275 3285 3273
f 3273 3285 3269
f 3273 3269 2532
f 3285 3284 3269
f 3269 3284 3267
f 3267 3284 3283
f 3267 3283 3266
f 3266 3283 3251
f 3212 3213 3286
f 3286 3213 3287
f 3286 3287 3288
f 3288 3287 3289
f 3288 3289 3290
f 3290 3289 3291
f 3290 3291 3292
f 3293 3294 3292
f 3292 3294 3290
f 3294 3295 3290
f 3290 3295 3288
f 3295 3296 3288
f 3288 3296 3286
f 3296 3212 3286
f 3292 3297 3293
f 3293 3297 3298
f 3293 3298 3299
f 3299 3298 3300
f 3300 3298 3301
f 3300 3301 3302
f 3302 3301 3303
f 3302 3303 3304
f 3304 3303 3305
f 3304 3305 3306
f 3306 3305 3307
f 3306 3307 3308
f 3308 3307 3309
f 3308 3309 3310
f 3310 3309 3311
f 3310 3311 3088
f 3088 3311 3087
f 3087 3311 3312
f 3312 3311 3309
f 3312 3309 3313
f 3313 3309 3307
f 3313 3307 3314
f 3314 3307 3305
f 3314 3305 3315
f 3315 3305 3303
f 3315 3303 3316
f 3316 3303 3301
f 3316 3301 3317
f 3317 3301 3298
f 3317 3298 3297
f 3088 3087 3318
f 3318 3087 3319
f 3318 3319 3320
f 3320 3319 3321
f 3320 3321 3322
f 3322 3321 3323
f 3322 3323 3213
f 3213 5035 3324
f 3213 3324 3322
f 3324 3325 3322
f 3322 3325 3320
f 3325 3326 3320
f 3320 3326 3318
f 3326 3088 3318
f 3088 3326 3310
f 3310 3326 3308
f 3308 3326 3325
f 3308 3325 3306
f 3306 3325 3295
f 3306 3295 3304
f 3304 3295 3302
f 3302 3295 3294
f 3302 3294 3300
f 3300 3294 3299
f 3299 3294 3293
f 3295 3325 3296
f 3296 3325 3324
f 3296 3324 3212
f 3327 3328 3329
f 3329 3328 3330
f 3329 3330 3331
f 3331 3330 3332
f 3331 3332 3333
f 3333 3332 3334
f 3333 3334 3335
f 3335 5038 3337
f 3335 3337 3333
f 3337 3338 3333
f 3333 3338 3331
f 3338 3339 3331
f 3331 3339 3329
f 3339 3327 3329
f 3336 3335 3340
f 3340 3335 3341
f 3340 3341 3342
f 3342 3341 3343
f 3342 3343 3344
f 3344 3343 3345
f 5039 3345 3346
f 3344 3346 3347
f 3344 3347 3348
f 3348 3347 3349
f 3349 3347 3350
f 3349 3350 3351
f 3351 3350 3352
f 3351 3352 3353
f 3353 3352 3354
f 3354 3352 3355
f 3355 3352 3350
f 3355 3350 3356
f 3356 3350 3347
f 3356 3347 3346
f 5040 3354 3357
f 3357 3354 3358
f 3357 3358 3359
f 3359 3358 3360
f 3359 3360 3361
f 3361 3360 3362
f 3361 3362 3328
f 5041 3327 3361
f 3361 3327 3363
f 3361 3363 3364
f 3361 3364 3359
f 3359 3364 3365
f 3359 3365 3357
f 3357 3365 3353
f 3353 3365 3351
f 3351 3365 3349
f 3349 3365 3364
f 3349 3364 3338
f 3338 3364 3363
f 3338 3363 3339
f 3339 3363 3327
f 3349 3338 3348
f 3348 3338 3337
f 3348 3337 3342
f 3342 3337 3340
f 3340 3337 3336
f 3342 3344 3348
f 3366 3367 3368
f 3368 3367 3369
f 3368 3369 3370
f 3370 3369 3371
f 3371 3369 3372
f 3371 3372 3373
f 3373 3372 3374
f 3373 3374 3327
f 3327 3374 3328
f 3328 3374 3375
f 3375 3374 3372
f 3375 3372 3376
f 3376 3372 3369
f 3376 3369 3367
f 3327 5041 3377
f 3327 3377 3378
f 3327 3378 3379
f 3379 3378 3380
f 3380 3378 3381
f 3380 3381 3382
f 3382 3381 3383
f 3382 3383 3009
f 3009 3383 3007
f 3007 3383 3384
f 3384 3383 3381
f 3384 3381 3385
f 3385 3381 3378
f 3385 3378 3377
f 3007 3386 3009
f 3009 3386 3387
f 3009 3387 3388
f 3388 3387 3389
f 3389 3387 3390
f 3390 3387 3391
f 3390 3391 3392
f 3392 3391 3393
f 3392 3393 3394
f 3394 3393 3395
f 3394 3395 3396
f 3396 3395 3397
f 3396 3397 3398
f 3398 3397 3366
f 3398 3366 3368
f 3386 3399 3387
f 3387 3399 3400
f 3387 3400 3391
f 3391 3400 3401
f 3391 3401 3393
f 3393 3401 3402
f 3393 3402 3395
f 3395 3402 3403
f 3395 3403 3397
f 3397 3403 3404
f 3397 3404 3366
f 3009 3388 3382
f 3382 3388 3389
f 3382 3389 3380
f 3380 3389 3390
f 3380 3390 3371
f 3371 3390 3392
f 3371 3392 3394
f 3371 3394 3370
f 3370 3394 3396
f 3370 3396 3398
f 3398 3368 3370
f 3371 3373 3380
f 3380 3373 3379
f 3379 3373 3327
f 3353 3354 3405
f 3405 3354 3406
f 3405 3406 3407
f 3407 3406 3408
f 3407 3408 3409
f 3409 3408 3410
f 3409 3410 3411
f 3412 3413 3411
f 3411 3413 3409
f 3413 3414 3409
f 3409 3414 3407
f 3414 3415 3407
f 3407 3415 3405
f 3415 3353 3405
f 3411 3416 3412
f 3412 3416 3417
f 3412 3417 3418
f 3418 3417 3419
f 3419 3417 3420
f 3419 3420 3421
f 3421 3420 3422
f 3421 3422 3423
f 3423 3422 3424
f 3423 3424 3425
f 3425 3424 3426
f 3425 3426 3427
f 3427 3426 3428
f 3427 3428 3429
f 3429 3428 3430
f 3429 3430 3023
f 3023 3430 3022
f 3022 3430 3431
f 3431 3430 3428
f 3431 3428 3432
f 3432 3428 3426
f 3432 3426 3433
f 3433 3426 3424
f 3433 3424 3434
f 3434 3424 3422
f 3434 3422 3435
f 3435 3422 3420
f 3435 3420 3436
f 3436 3420 3417
f 3436 3417 3416
f 3023 3022 3437
f 3437 3022 3438
f 3437 3438 3439
f 3439 3438 3440
f 3439 3440 3441
f 3441 3440 3442
f 3441 3442 3354
f 3354 5040 3443
f 3354 3443 3441
f 3443 3444 3441
f 3441 3444 3439
f 3444 3445 3439
f 3439 3445 3437
f 3445 3023 3437
f 3023 3445 3429
f 3429 3445 3427
f 3427 3445 3444
f 3427 3444 3425
f 3425 3444 3414
f 3425 3414 3423
f 3423 3414 3421
f 3421 3414 3413
f 3421 3413 3419
f 3419 3413 3418
f 3418 3413 3412
f 3414 3444 3415
f 3415 3444 3443
f 3415 3443 3353
f 3448 5042 3447
f 3448 3447 3449
f 3448 3449 3450
f 3450 3449 3451
f 3451 3449 3452
f 3451 3452 3453
f 3453 3452 3454
f 3453 3454 2586
f 2586 3454 2587
f 2587 3454 3455
f 3455 3454 3452
f 3455 3452 3456
f 3456 3452 3449
f 3456 3449 3447
f 2586 5006 3457
f 3457 2587 3458
f 3457 3458 3459
f 3459 3458 3460
f 3459 3460 3344
f 3345 5039 3460
f 3344 3345 3461
f 3461 3345 3462
f 3461 3462 3463
f 3463 3462 3464
f 3463 3464 3465
f 3465 3464 3466
f 3465 3466 3446
f 3448 3467 3446
f 3446 3467 3465
f 3467 3468 3465
f 3465 3468 3463
f 3468 3469 3463
f 3463 3469 3461
f 3469 3344 3461
f 3344 3469 3459
f 3459 3469 3457
f 3457 3469 3453
f 3457 3453 2586
f 3469 3468 3453
f 3453 3468 3451
f 3451 3468 3467
f 3451 3467 3450
f 3450 3467 3448
f 3446 3470 3448
f 3448 3470 3471
f 3448 3471 3472
f 3472 3471 3473
f 3473 3471 3474
f 3473 3474 3475
f 3475 3474 3476
f 3475 3476 3336
f 3336 3476 3335
f 3335 3476 3477
f 3477 3476 3474
f 3477 3474 3478
f 3478 3474 3471
f 3478 3471 3470
f 5038 3335 3479
f 3479 3335 3480
f 3479 3480 3481
f 3481 3480 3482
f 3481 3482 2569
f 2570 5003 3482
f 2569 2570 3483
f 3483 2570 3484
f 3483 3484 3485
f 3485 3484 3486
f 3485 3486 3487
f 3487 3486 3488
f 3487 3488 3446
f 5042 3448 3489
f 3446 3489 3487
f 3489 3490 3487
f 3487 3490 3485
f 3490 3491 3485
f 3485 3491 3483
f 3491 2569 3483
f 2569 3491 3481
f 3481 3491 3475
f 3481 3475 3479
f 3479 3475 3336
f 3475 3491 3473
f 3473 3491 3490
f 3473 3490 3472
f 3472 3490 3489
f 3472 3489 3448
f 5010 2665 3492
f 2666 3492 3493
f 2666 3493 3494
f 3494 3493 3495
f 3495 3493 3496
f 3495 3496 3497
f 3497 3496 3498
f 3497 3498 2980
f 2980 3498 2979
f 2979 3498 3499
f 3499 3498 3496
f 3499 3496 3500
f 3500 3496 3493
f 3500 3493 3492
f 2979 3501 2980
f 2980 3501 3502
f 2980 3502 3503
f 3503 3502 3504
f 3504 3502 3505
f 3505 3502 3506
f 3505 3506 3507
f 3507 3506 3508
f 3507 3508 3509
f 3509 3508 3510
f 3509 3510 3511
f 3511 3510 3512
f 3511 3512 3513
f 3513 3512 3514
f 3513 3514 3515
f 3501 3516 3502
f 3502 3516 3517
f 3502 3517 3506
f 3506 3517 3518
f 3506 3518 3508
f 3508 3518 3519
f 3508 3519 3510
f 3510 3519 3520
f 3510 3520 3512
f 3512 3520 3521
f 3512 3521 3514
f 3514 3522 3515
f 3515 3522 3523
f 3515 3523 3524
f 3524 3523 3525
f 3525 3523 3526
f 3525 3526 3527
f 3527 3526 3528
f 3527 3528 2666
f 2666 3528 2665
f 2665 3528 3529
f 3529 3528 3526
f 3529 3526 3530
f 3530 3526 3523
f 3530 3523 3522
f 3515 3524 3513
f 3513 3524 3511
f 3511 3524 3509
f 3509 3524 3525
f 3509 3525 3507
f 3507 3525 3505
f 3505 3525 3495
f 3505 3495 3504
f 3504 3495 3497
f 3504 3497 3503
f 3503 3497 2980
f 3525 3527 3495
f 3495 3527 3494
f 3494 3527 2666
f 2655 2656 3531
f 3531 2656 3532
f 3531 3532 3533
f 3533 3532 3534
f 3533 3534 3535
f 3535 3534 3536
f 3535 3536 3537
f 3538 3539 3537
f 3537 3539 3535
f 3539 3540 3535
f 3535 3540 3533
f 3540 3541 3533
f 3533 3541 3531
f 3541 2655 3531
f 3537 3542 3538
f 3538 3542 3543
f 3538 3543 3544
f 3544 3543 3545
f 3545 3543 3546
f 3545 3546 3547
f 3547 3546 3548
f 3547 3548 3549
f 3549 3548 3550
f 3549 3550 3551
f 3551 3550 3552
f 3551 3552 3553
f 3553 3552 3554
f 3553 3554 3555
f 3555 3554 3556
f 3555 3556 2944
f 2944 3556 2942
f 2942 3556 3557
f 3557 3556 3554
f 3557 3554 3558
f 3558 3554 3552
f 3558 3552 3559
f 3559 3552 3550
f 3559 3550 3560
f 3560 3550 3548
f 3560 3548 3561
f 3561 3548 3546
f 3561 3546 3562
f 3562 3546 3543
f 3562 3543 3542
f 2944 2942 3563
f 3563 2942 3564
f 3563 3564 3565
f 3565 3564 3566
f 3565 3566 3567
f 3567 3566 3568
f 3567 3568 2656
f 2656 5009 3569
f 2656 3569 3567
f 3569 3570 3567
f 3567 3570 3565
f 3570 3571 3565
f 3565 3571 3563
f 3571 2944 3563
f 2944 3571 3555
f 3555 3571 3553
f 3553 3571 3570
f 3553 3570 3551
f 3551 3570 3540
f 3551 3540 3549
f 3549 3540 3547
f 3547 3540 3539
f 3547 3539 3545
f 3545 3539 3544
f 3544 3539 3538
f 3540 3570 3541
f 3541 3570 3569
f 3541 3569 2655
f 3572 5044 3574
f 3574 3573 3575
f 3574 3575 3576
f 3576 3575 3577
f 3576 3577 3578
f 3578 3577 3579
f 3578 3579 3580
f 3580 3579 3581
f 3580 3581 2685
f 2686 5012 3581
f 2686 3582 2685
f 2685 3582 3583
f 2685 3583 3584
f 3584 3583 3585
f 3585 3583 3586
f 3585 3586 3587
f 3587 3586 3588
f 3587 3588 3589
f 3589 3588 3590
f 3590 3588 3591
f 3591 3588 3586
f 3591 3586 3592
f 3592 3586 3583
f 3592 3583 3582
f 3589 3590 3593
f 3593 3590 3594
f 3594 5043 3593
f 3595 3589 3593
f 3595 3594 3596
f 3596 3594 3597
f 3596 3597 3573
f 3572 3598 3573
f 3573 3598 3596
f 3598 3595 3596
f 3598 3585 3595
f 3595 3585 3587
f 3595 3587 3589
f 3572 3574 3598
f 3598 3574 3576
f 3598 3576 3585
f 3585 3576 3578
f 3585 3578 3584
f 3584 3578 3580
f 3584 3580 2685
f 3599 3600 3601
f 3601 3600 3602
f 3601 3602 3603
f 3603 3602 3604
f 3603 3604 3605
f 3605 3604 3606
f 3605 3606 3607
f 3607 3606 3608
f 3607 3608 3572
f 5044 3572 3608
f 3573 3609 3572
f 3572 3609 3610
f 3572 3610 3611
f 3611 3610 3595
f 3595 3610 3594
f 3594 3610 3609
f 5043 3594 3612
f 3612 3594 3613
f 3612 3613 3614
f 3614 3595 3612
f 3614 3613 3615
f 3615 3613 3616
f 3615 3616 3617
f 3617 3616 3618
f 3617 3618 3619
f 3619 3618 3620
f 3619 3620 3600
f 5045 3599 3621
f 3600 3621 3619
f 3621 3622 3619
f 3619 3622 3617
f 3622 3623 3617
f 3617 3623 3615
f 3623 3614 3615
f 3614 3623 3595
f 3595 3623 3622
f 3595 3622 3611
f 3611 3622 3605
f 3611 3605 3607
f 3605 3622 3603
f 3603 3622 3621
f 3603 3621 3601
f 3601 3621 3599
f 3607 3572 3611
f 3599 5045 3624
f 3624 3600 3625
f 3624 3625 3626
f 3626 3625 3627
f 3626 3627 2646
f 2647 5008 3627
f 2646 2647 3628
f 3628 2647 3629
f 3628 3629 3630
f 3630 3629 3631
f 3630 3631 3632
f 3632 3631 3633
f 3632 3633 3634
f 3635 3636 3634
f 3634 3636 3632
f 3636 3637 3632
f 3632 3637 3630
f 3637 3638 3630
f 3630 3638 3628
f 3638 2646 3628
f 5046 3634 3639
f 3635 3639 3640
f 3635 3640 3641
f 3641 3640 3642
f 3642 3640 3643
f 3642 3643 3644
f 3644 3643 3645
f 3644 3645 3599
f 3599 3645 3600
f 3600 3645 3646
f 3646 3645 3643
f 3646 3643 3647
f 3647 3643 3640
f 3647 3640 3639
f 3635 3641 3636
f 3636 3641 3642
f 3636 3642 3637
f 3637 3642 3644
f 3637 3644 3638
f 3638 3644 3624
f 3638 3624 3626
f 3644 3599 3624
f 3626 2646 3638
f 2640 5011 3648
f 3648 2641 3649
f 3648 3649 3650
f 3650 3649 3651
f 3650 3651 2623
f 2624 5007 3651
f 2623 2624 3652
f 3652 2624 3653
f 3652 3653 3654
f 3654 3653 3655
f 3654 3655 3656
f 3656 3655 3657
f 3656 3657 3634
f 3634 5046 3658
f 3634 3658 3656
f 3658 3659 3656
f 3656 3659 3654
f 3659 3660 3654
f 3654 3660 3652
f 3660 2623 3652
f 3634 3661 3635
f 3635 3661 3662
f 3635 3662 3663
f 3663 3662 3664
f 3664 3662 3665
f 3664 3665 3666
f 3666 3665 3667
f 3666 3667 2640
f 2640 3667 2641
f 2641 3667 3668
f 3668 3667 3665
f 3668 3665 3669
f 3669 3665 3662
f 3669 3662 3661
f 3635 3663 3658
f 3658 3663 3659
f 3659 3663 3664
f 3659 3664 3660
f 3660 3664 3666
f 3660 3666 3650
f 3650 3666 3648
f 3648 3666 2640
f 3650 2623 3660
f 2570 2568 3484
f 3484 2568 3486
f 3486 2568 2566
f 3486 2566 3488
f 3488 2566 2564
f 3488 2564 2562
f 2543 3446 2562
f 2562 3446 3488
f 2597 2595 3446
f 3446 2595 3447
f 3447 2595 2593
f 3447 2593 2591
f 3447 2591 3456
f 3456 2591 2589
f 3456 2589 3455
f 3455 2589 2587
f 2533 3271 2535
f 2535 3271 3272
f 2535 3272 2537
f 2537 3272 3264
f 2537 3264 2539
f 2539 3264 2541
f 2541 3264 3250
f 2541 3250 2543
f 2597 3634 2616
f 2616 3634 3657
f 2616 3657 2618
f 2618 3657 2620
f 2620 3657 3655
f 2620 3655 2622
f 2622 3655 3653
f 2622 3653 2624
f 3573 3608 3634
f 3634 3608 3639
f 3639 3608 3606
f 3639 3606 3604
f 3639 3604 3647
f 3647 3604 3602
f 3647 3602 3646
f 3646 3602 3600
f 2768 2794 2693
f 2693 2794 2724
f 2724 2794 2792
f 2724 2792 2790
f 2724 2790 2732
f 2732 2790 2788
f 2732 2788 2731
f 2731 2788 2708
f 2686 3581 2688
f 2688 3581 2690
f 2690 3581 3579
f 2690 3579 2692
f 2692 3579 3577
f 2692 3577 3575
f 3573 2693 3575
f 3575 2693 2692
f 3187 3185 3245
f 3245 3185 3247
f 3247 3185 3183
f 3247 3183 3249
f 3249 3183 3181
f 3249 3181 3179
f 2768 3250 3179
f 3179 3250 3249
f 2587 2611 3458
f 3458 2611 3346
f 3458 3346 3460
f 3460 3346 3345
f 3346 2611 3356
f 3356 2611 2609
f 3356 2609 3408
f 3408 2609 2607
f 3408 2607 3410
f 3410 2607 3411
f 3411 2607 2604
f 3411 2604 3514
f 3514 2604 2633
f 3514 2633 2634
f 2604 2602 2633
f 2635 3530 2634
f 2634 3530 3522
f 2634 3522 3514
f 3530 2635 2673
f 2673 2635 2625
f 2673 2625 2675
f 2675 2625 3651
f 2675 3651 3649
f 2625 2624 3651
f 3649 2641 2675
f 2673 2671 3530
f 3530 2671 3529
f 3529 2671 2665
f 3411 3514 3416
f 3416 3514 3521
f 3416 3521 3436
f 3436 3521 3520
f 3436 3520 3435
f 3435 3520 3519
f 3435 3519 3434
f 3434 3519 3518
f 3434 3518 3433
f 3433 3518 3517
f 3433 3517 3432
f 3432 3517 3516
f 3432 3516 3431
f 3431 3516 3501
f 3431 3501 2978
f 2978 3501 2979
f 3431 2978 3030
f 3030 2978 2976
f 3030 2976 3050
f 3050 2976 2974
f 3050 2974 3049
f 3049 2974 2972
f 3049 2972 3048
f 3048 2972 2970
f 3048 2970 3047
f 3047 2970 2968
f 3047 2968 3046
f 3046 2968 2966
f 3046 2966 3045
f 3045 2966 2895
f 3030 3022 3431
f 3356 3408 3355
f 3355 3408 3406
f 3355 3406 3354
f 3345 3343 3462
f 3462 3343 3341
f 3462 3341 3477
f 3477 3341 3335
f 3462 3477 3464
f 3464 3477 3478
f 3464 3478 3466
f 3466 3478 3470
f 3466 3470 3446
f 2598 2597 2602
f 2602 2597 2638
f 2641 3668 2643
f 2643 3668 2645
f 2645 3668 3629
f 2645 3629 2647
f 3668 3669 3629
f 3629 3669 3631
f 3631 3669 3661
f 3631 3661 3633
f 3633 3661 3634
f 2665 2664 3492
f 3492 2664 3500
f 3500 2664 2662
f 3500 2662 3002
f 3002 2662 3003
f 3003 2662 3004
f 3004 2662 3566
f 3004 3566 3005
f 3005 3566 3564
f 3005 3564 3006
f 3006 3564 2942
f 2662 2660 3566
f 3566 2660 3568
f 3568 2660 2656
f 3002 3001 3500
f 3500 3001 3499
f 3499 3001 2988
f 3499 2988 2979
f 2895 2896 3117
f 3117 2896 3119
f 3119 2896 2897
f 3119 2897 3121
f 3121 2897 2898
f 3121 2898 3123
f 3123 2898 2899
f 3123 2899 3125
f 3125 2899 2900
f 3125 2900 3127
f 3127 2900 2901
f 3127 2901 3129
f 3129 2901 2879
f 3129 2879 3137
f 3137 2879 2823
f 3137 2823 2824
f 2879 2822 2823
f 3137 2824 3152
f 3152 2824 2825
f 3152 2825 3153
f 3153 2825 2826
f 3153 2826 3154
f 3154 2826 2827
f 3154 2827 3155
f 3155 2827 2828
f 3155 2828 3156
f 3156 2828 2806
f 3156 2806 3157
f 3157 2806 2801
f 3157 2801 3150
f 3150 2801 3196
f 3150 3196 3197
f 2800 2779 2801
f 2801 2779 2776
f 2801 2776 3196
f 3196 2776 2774
f 2800 2798 2779
f 2779 2798 2781
f 2781 2798 2743
f 2781 2743 2783
f 2783 2743 2733
f 2783 2733 2710
f 2710 2733 2712
f 2712 2733 2714
f 2743 2798 2742
f 2742 2798 2796
f 2742 2796 2741
f 2710 2708 2783
f 3198 3168 3197
f 3197 3168 3158
f 3197 3158 3150
f 3168 3198 3228
f 3228 3198 3188
f 3228 3188 3230
f 3230 3188 3243
f 3230 3243 3241
f 3188 3187 3243
f 3241 3231 3230
f 3228 3226 3168
f 3168 3226 3167
f 3167 3226 3166
f 3137 3072 3129
f 2895 2959 2903
f 2903 2959 2905
f 2905 2959 2960
f 2905 2960 2907
f 2907 2960 2961
f 2907 2961 2909
f 2909 2961 2962
f 2909 2962 2911
f 2911 2962 2963
f 2911 2963 2913
f 2913 2963 2964
f 2913 2964 2915
f 2915 2964 2943
f 2915 2943 2839
f 2839 2943 3557
f 2839 3557 2855
f 2855 3557 3558
f 2855 3558 2856
f 2856 3558 3559
f 2856 3559 2857
f 2857 3559 3560
f 2857 3560 2858
f 2858 3560 3561
f 2858 3561 2859
f 2859 3561 3562
f 2859 3562 2860
f 2860 3562 3542
f 2860 3542 2853
f 2853 3542 3537
f 2853 3537 3590
f 3590 3537 3613
f 3590 3613 3594
f 2943 2942 3557
f 3613 3537 3616
f 3616 3537 3536
f 3616 3536 3534
f 3532 2657 3534
f 3534 2657 2658
f 3534 2658 3618
f 3618 2658 3620
f 3620 2658 2648
f 3620 2648 3625
f 3625 2648 3627
f 3627 2648 2647
f 3532 2656 2657
f 3625 3600 3620
f 3618 3616 3534
f 3590 3591 2853
f 2853 3591 2861
f 2861 3591 2869
f 2869 3591 3592
f 2869 3592 2758
f 2758 3592 3582
f 2758 3582 2760
f 2760 3582 2684
f 2760 2684 2682
f 3582 2686 2684
f 2682 2680 2760
f 2758 2756 2869
f 2869 2756 2868
f 2868 2756 2750
f 2839 2838 2915
f 2895 3110 3052
f 3052 3110 3054
f 3054 3110 3111
f 3054 3111 3056
f 3056 3111 3112
f 3056 3112 3058
f 3058 3112 3113
f 3058 3113 3060
f 3060 3113 3114
f 3060 3114 3062
f 3062 3114 3115
f 3062 3115 3064
f 3064 3115 3095
f 3064 3095 3386
f 3386 3095 3312
f 3386 3312 3399
f 3399 3312 3313
f 3399 3313 3400
f 3400 3313 3314
f 3400 3314 3401
f 3401 3314 3315
f 3401 3315 3402
f 3402 3315 3316
f 3402 3316 3403
f 3403 3316 3317
f 3403 3317 3404
f 3404 3317 3297
f 3404 3297 3366
f 3366 3297 3292
f 3366 3292 2550
f 2550 3292 2553
f 2553 3292 3291
f 2553 3291 3289
f 3095 3087 3312
f 3287 3214 3289
f 3289 3214 3215
f 3289 3215 2555
f 2555 3215 2557
f 2557 3215 3204
f 2557 3204 3274
f 3274 3204 3276
f 3276 3204 3203
f 3287 3213 3214
f 3274 2533 2557
f 2555 2553 3289
f 2548 2579 2550
f 2550 2579 3366
f 2579 2580 3366
f 3366 2580 3367
f 3367 2580 3376
f 3376 2580 2581
f 3376 2581 3332
f 3332 2581 2571
f 3332 2571 3334
f 3334 2571 3482
f 3334 3482 3480
f 2571 2570 3482
f 3480 3335 3334
f 3332 3330 3376
f 3376 3330 3375
f 3375 3330 3328
f 3386 3007 3064
f 3022 3029 3438
f 3438 3029 3028
f 3438 3028 3440
f 3440 3028 3027
f 3440 3027 3360
f 3360 3027 3026
f 3360 3026 3025
f 3360 3025 3385
f 3385 3025 3024
f 3385 3024 3384
f 3384 3024 3008
f 3384 3008 3007
f 3360 3385 3362
f 3362 3385 3377
f 3362 3377 3328
f 3360 3358 3440
f 3440 3358 3442
f 3442 3358 3354
f 2822 2941 2830
f 2830 2941 2940
f 2830 2940 2832
f 2832 2940 2939
f 2832 2939 2747
f 2747 2939 2938
f 2747 2938 2937
f 2747 2937 2878
f 2878 2937 2936
f 2878 2936 2877
f 2877 2936 2923
f 2877 2923 2838
f 2747 2878 2749
f 2749 2878 2870
f 2749 2870 2750
f 2747 2745 2832
f 2832 2745 2834
f 2834 2745 2741
f 2714 2767 2716
f 2716 2767 2765
f 2716 2765 2705
f 2705 2765 2680
f 2716 2705 2718
f 2718 2705 2706
f 2718 2706 2720
f 2720 2706 2698
f 2720 2698 2693
f 2769 2768 2774
f 2774 2768 3201
f 3231 3262 3237
f 3237 3262 3239
f 3239 3262 3278
f 3239 3278 3203
f 3262 3263 3278
f 3278 3263 3280
f 3280 3263 3255
f 3280 3255 3282
f 3282 3255 3250
f 3166 3221 3169
f 3169 3221 3177
f 3177 3221 3219
f 3177 3219 3090
f 3090 3219 3091
f 3091 3219 3092
f 3092 3219 3321
f 3092 3321 3093
f 3093 3321 3319
f 3093 3319 3094
f 3094 3319 3087
f 3219 3217 3321
f 3321 3217 3323
f 3323 3217 3213
f 3090 3089 3177
f 3177 3089 3176
f 3176 3089 3073
f 3176 3073 3072
f 3609 3573 3594
f 3594 3573 3597
f 2544 2543 2548
f 2548 2543 2584
f 3670 3671 3672
f 3673 3674 3675
f 3676 3677 3678
f 3679 3680 3681
f 3682 3683 3684
f 3685 3686 3687
f 3688 3689 3690
f 2597 3688 3634
f 2597 3679 3688
f 3446 3679 2597
f 3691 3685 3692
f 3690 2768 2693
f 3693 2768 3690
f 3250 2768 3693
f 3694 3695 3696
f 3689 3688 3697
f 3688 3573 3634
f 3690 3573 3688
f 2693 3573 3690
f 3693 2543 3250
f 3679 2543 3693
f 3446 2543 3679
f 3698 3699 3700
f 3679 3681 3688
f 3693 3701 3679
f 3702 3703 3704
f 3705 3696 3695
f 3706 3707 3708
f 3709 3710 3711
f 3712 3713 3714
f 3715 3716 3717
f 3718 3719 3720
f 3721 3722 3723
f 3724 3725 3726
f 3727 3725 3728
f 3729 3730 3731
f 3732 3733 3734
f 3735 3736 3737
f 3738 3739 3740
f 3741 3742 3743
f 3744 3745 3746
f 3747 3748 3749
f 3750 3751 3752
f 3719 3718 3753
f 3754 3755 3756
f 3755 3757 3758
f 3759 3760 3761
f 3762 3763 3764
f 3765 3766 3767
f 3768 3769 3770
f 3771 3772 3773
f 3774 3775 3776
f 3725 3724 3728
f 3777 3778 3693
f 3779 3780 3781
f 3782 3783 3784
f 3785 3738 3740
f 3786 3787 3788
f 3789 3790 3791
f 3792 3793 3794
f 3795 3796 3797
f 3798 3799 3699
f 3800 3801 3802
f 3693 3690 3777
f 3803 3804 3805
f 3806 3807 3808
f 3726 3809 3810
f 3811 3812 3813
f 3814 3815 3816
f 3817 3800 3802
f 3818 3819 3820
f 3821 3822 3823
f 3824 3825 3826
f 3827 3828 3829
f 3830 3831 3832
f 3833 3834 3835
f 3836 3837 3838
f 3839 3829 3828
f 3840 3841 3842
f 3746 3843 3844
f 3800 3845 3801
f 3846 3847 3682
f 3699 3698 3798
f 3848 3849 3850
f 3790 3851 3852
f 3853 3854 3855
f 3856 3857 3858
f 3859 3860 3831
f 3861 3862 3863
f 3864 3865 3834
f 3786 3866 3867
f 3868 3869 3870
f 3871 3872 3873
f 3874 3875 3876
f 3877 3878 3879
f 3798 3880 3881
f 3882 3883 3884
f 3868 3885 3869
f 3886 3887 3888
f 3889 3890 3891
f 3892 3893 3894
f 3895 3896 3897
f 3689 3697 3898
f 3899 3900 3901
f 3902 3903 3904
f 3905 3719 3906
f 3907 3908 3909
f 3715 3910 3911
f 3912 3913 3914
f 3915 3679 3916
f 3912 3917 3877
f 3701 3916 3679
f 3918 3919 3920
f 3921 3922 3923
f 3924 3728 3925
f 3918 3926 3927
f 3928 3929 3930
f 3847 3846 3931
f 3774 3932 3933
f 3934 3935 3936
f 3775 3937 3938
f 3939 3940 3941
f 3750 3752 3942
f 3943 3944 3945
f 3895 3946 3896
f 3792 3947 3948
f 3949 3950 3720
f 3951 3952 3953
f 3954 3752 3955
f 3956 3957 3958
f 3921 3959 3960
f 3882 3961 3927
f 3962 3963 3964
f 3965 3966 3967
f 3878 3968 3969
f 3970 3744 3971
f 3972 3973 3805
f 3974 3975 3976
f 3977 3978 3964
f 3979 3980 3981
f 3982 3983 3984
f 3985 3986 3987
f 3988 3989 3990
f 3991 3992 3993
f 3994 3995 3996
f 3997 3998 3999
f 4000 3752 3954
f 4001 4002 4003
f 4004 4005 4006
f 4007 3996 3952
f 4008 4009 4010
f 4011 4012 4013
f 4014 4015 4016
f 4017 4018 4019
f 4020 4021 4022
f 4023 4024 4025
f 4023 4026 4027
f 4028 4029 4030
f 4031 4032 4033
f 4034 4035 4036
f 4037 4038 4039
f 4040 4041 4042
f 4040 4043 4044
f 3835 4045 3833
f 4046 3687 3835
f 4047 4048 4049
f 4050 4051 4052
f 4053 4054 4055
f 4056 4057 4058
f 4059 4060 4061
f 4062 4063 4064
f 4065 4066 3848
f 4065 4067 4068
f 4069 4070 4071
f 3995 3953 3952
f 4072 4073 4074
f 4072 4075 4076
f 4077 4078 4079
f 4077 4080 4081
f 4082 4083 4084
f 4085 4086 4087
f 4088 4089 4090
f 4091 3777 4002
f 4092 4093 4094
f 4095 4096 4097
f 4093 4098 4099
f 4100 3781 4101
f 4102 4103 4104
f 4105 3711 4106
f 4107 4108 4109
f 4107 4110 4111
f 4008 4112 4113
f 4114 4115 4116
f 4117 4118 4119
f 4114 4120 4121
f 4014 4122 4123
f 4124 4125 4126
f 4127 4128 4129
f 4130 4131 4132
f 4133 4134 4135
f 3857 4136 3921
f 4137 4138 4139
f 4137 4140 4141
f 4142 4143 4144
f 4145 3984 4146
f 4147 4148 4149
f 3838 3837 4150
f 4151 3873 3872
f 4152 4153 4154
f 4155 4156 4157
f 4158 4159 4160
f 3907 4161 4162
f 4163 4164 4165
f 4163 4166 4167
f 4004 4168 4169
f 3918 3920 3926
f 4170 4171 4172
f 4173 4174 4175
f 3892 4176 3947
f 4177 4178 4179
f 4180 4181 4182
f 4183 4184 4151
f 4185 4186 4187
f 3886 4188 3887
f 3853 3855 4189
f 4190 3893 4191
f 3939 4192 4193
f 3741 3743 3760
f 4194 4195 4196
f 4197 3789 4198
f 4199 4200 3704
f 4201 4202 4203
f 4204 4205 4206
f 3721 4207 4208
f 3776 4209 4210
f 4211 3808 3807
f 4212 4169 4168
f 3985 4213 4214
f 4215 4216 4217
f 3703 4218 4219
f 3941 3940 4220
f 4031 4221 4222
f 4223 4224 4225
f 4226 4227 4086
f 4197 4198 4228
f 4229 4199 3704
f 4230 4231 4232
f 3795 4233 4230
f 4234 4235 4236
f 4237 4238 3817
f 4239 4240 3971
f 4241 3900 4242
f 4243 3960 3959
f 4244 4245 4246
f 4247 4248 4249
f 4250 3939 4193
f 4251 4252 4253
f 4254 4255 4256
f 4257 4258 3838
f 4259 4260 4261
f 4259 4262 4260
f 4263 3902 3904
f 4264 3863 4265
f 4266 4267 4268
f 4269 4270 3911
f 4269 4271 4270
f 3751 4272 4273
f 4176 3948 3947
f 3912 4274 3917
f 4275 4276 4277
f 4278 3982 3981
f 4279 4280 4281
f 4282 4283 4284
f 4285 4286 4287
f 4288 4289 4290
f 3791 4291 4292
f 4293 4294 4295
f 3941 4296 4297
f 3820 4298 3818
f 4279 4299 4280
f 4300 4301 4214
f 4302 3771 4303
f 4304 4178 4305
f 4153 4306 3757
f 4307 4308 4309
f 4310 4174 4088
f 4311 4312 4313
f 4314 4315 4316
f 4317 3810 4318
f 3972 4319 3932
f 4320 4321 4322
f 4323 3700 3699
f 4231 4324 4325
f 4163 4165 4166
f 4326 4327 4328
f 3890 4021 4329
f 4219 4330 4229
f 3739 4196 3828
f 4216 4331 3901
f 4332 4333 4334
f 4335 4336 4206
f 4182 4225 4180
f 4337 4338 4339
f 3931 4340 4341
f 4342 4022 4021
f 3673 3675 4119
f 4082 3864 4083
f 4343 3978 4344
f 4345 4346 4347
f 3900 3899 4242
f 4348 4248 4247
f 4279 4281 4349
f 3768 3770 4350
f 4351 4295 3969
f 4352 4353 4205
f 3748 3954 4354
f 4355 4356 3884
f 4357 4358 4359
f 4360 4205 4353
f 4361 4043 4019
f 4361 4063 4081
f 4011 4026 4012
f 4011 4013 4076
f 4362 4032 4010
f 4056 4058 4097
f 4050 4052 4016
f 4363 4018 4106
f 4364 4140 3840
f 3709 4365 4289
f 3873 3842 4366
f 4259 4261 4118
f 4245 3733 3732
f 4279 4067 4299
f 3972 3805 4367
f 4368 4369 4370
f 4371 4096 4372
f 4371 4373 4374
f 3709 3711 4111
f 3709 4375 4376
f 4034 4377 4035
f 4130 4134 4131
f 4378 4045 3835
f 4379 4380 4381
f 4147 4150 4148
f 4382 4110 4383
f 4384 4385 4386
f 4387 4080 4027
f 4109 4388 4107
f 4031 4033 4221
f 4250 4193 4141
f 4389 4390 4391
f 4180 3908 4181
f 4387 4075 4044
f 4195 4116 3828
f 3956 4392 4393
f 4394 4255 4254
f 4396 4308 3680
f 4398 4399 4006
f 4400 4401 4099
f 4178 4304 3859
f 4358 3681 4403
f 4201 4404 4405
f 4406 3812 4407
f 4154 4153 4408
f 4409 4410 4411
f 3934 3690 4413
f 4322 4414 4415
f 3928 3930 3825
f 4416 4315 4417
f 4418 3716 4419
f 4420 4170 4421
f 4364 4184 4422
f 3933 3932 4423
f 4424 4213 3987
f 4425 4426 3994
f 4213 4427 4428
f 4429 4430 4431
f 4432 4433 3714
f 4434 4155 4435
f 4201 4436 4202
f 4437 4229 4330
f 3928 4438 3929
f 3921 3923 3857
f 4439 3966 4440
f 4441 3729 4442
f 4275 4277 4210
f 4443 4415 4444
f 3717 3761 4445
f 3806 3808 4446
f 4379 4447 4380
f 4448 3684 3683
f 3891 4293 4449
f 4450 3945 4451
f 3758 4452 4453
f 4325 4406 4231
f 4454 4115 4094
f 4120 4394 4455
f 4124 4126 4104
f 4449 4245 4405
f 4456 4457 4458
f 3738 4459 3739
f 3965 4460 4461
f 3905 4462 3949
f 4463 4464 3888
f 4465 3788 3787
f 4466 4435 3894
f 4467 4468 4469
f 4470 4458 4471
f 3886 3746 4188
f 3936 4472 3934
f 4473 4425 3994
f 4474 3922 4475
f 3802 4476 3817
f 4268 3754 4477
f 4478 3717 4069
f 4479 4480 4481
f 4482 4483 4484
f 4485 4486 4191
f 4421 4487 4488
f 4028 4030 4025
f 4362 4029 4135
f 4047 4049 4042
f 4050 4048 4051
f 4489 4066 4084
f 4489 4073 4055
f 4090 4059 4490
f 4059 4078 4060
f 4482 4098 4121
f 3866 4491 4492
f 4493 4494 4246
f 4102 4108 4103
f 3786 3867 4495
f 4496 4497 4139
f 4498 4499 4428
f 4306 4500 4501
f 4502 4391 4503
f 4504 4505 4318
f 4504 4252 4505
f 3785 4506 3738
f 4124 4122 4125
f 4454 4112 4222
f 4397 3770 3681
f 4507 3829 4132
f 4508 4483 4509
f 3772 4510 4357
f 3853 4189 4511
f 4512 4513 4514
f 4515 4410 4516
f 3824 3689 3898
f 4358 4743 3688
f 3688 4298 3697
f 3693 3778 4517
f 3777 3690 4003
f 3693 4517 3701
f 3679 4518 4395
f 3679 4395 3680
f 4086 4085 4519
f 4520 4041 4074
f 4521 4024 4079
f 4243 4522 3960
f 4523 4524 4525
f 4354 3697 4298
f 4174 4526 3698
f 4384 4527 4528
f 3916 4529 4530
f 4531 3675 4514
f 4532 3818 3688
f 4533 4412 3690
f 3898 4354 3824
f 4234 3885 4235
f 4402 3896 3681
f 4535 4850 3778
f 4530 3847 4518
f 4537 4538 4324
f 4507 4138 4539
f 3772 4302 4510
f 4062 4064 4540
f 4014 4123 4015
f 4070 3984 4071
f 4056 4541 4057
f 4008 4113 4009
f 4474 4475 4509
f 3789 4197 3790
f 3834 3833 4083
f 4521 4089 4036
f 4212 4542 4543
f 4544 4545 4417
f 4546 4301 4300
f 4354 4271 3749
f 4529 3701 4517
f 3689 3824 4533
f 4358 3688 3681
f 4518 3679 3915
f 4533 3690 3689
f 4534 4782 3778
f 3934 4472 3690
f 4530 3915 3916
f 4529 3916 3701
f 3777 4535 3778
f 4354 3898 3697
f 3680 4397 3681
f 4395 4644 3680
f 4518 3915 4530
f 4003 4002 3777
f 4547 4548 4129
f 4343 4344 4162
f 4334 4549 4550
f 4551 4286 4552
f 4553 4273 4272
f 4554 4555 4253
f 4003 3690 3952
f 4419 4207 3723
f 4556 4557 4262
f 4322 4558 4453
f 3930 4559 3826
f 4560 4561 4562
f 4326 4412 4533
f 3962 4393 3963
f 3790 4563 3851
f 4213 4424 4427
f 3876 3875 4564
f 4146 4565 4145
f 4566 4567 4320
f 3843 3745 4568
f 3685 3691 4381
f 3742 4569 4570
f 4571 4572 4573
f 3803 4574 4575
f 3674 4512 4514
f 4155 4385 4576
f 3755 3754 4408
f 4577 4578 4275
f 4579 4335 4360
f 3965 3967 4226
f 3998 3997 4517
f 4167 4580 4163
f 4581 4288 4290
f 4582 4249 3678
f 4583 4582 4584
f 4585 4341 4586
f 4329 4293 3891
f 4148 4587 4588
f 4589 4590 4591
f 4101 3781 4592
f 4593 4522 4552
f 4594 4595 4596
f 4597 4598 3804
f 4237 3817 4476
f 4397 3680 4308
f 4599 4600 3850
f 3682 4601 4602
f 4603 3730 4434
f 4604 4605 4606
f 4087 3881 3880
f 4607 4608 4311
f 4609 4610 3954
f 3881 4087 4368
f 3725 3727 4353
f 4611 4612 4462
f 3737 4459 4613
f 4614 4037 4615
f 4616 4617 3753
f 3834 3865 3835
f 4618 3861 3813
f 4619 4620 3787
f 3910 4478 4621
f 4622 3742 3672
f 4359 3773 4357
f 4623 4624 4625
f 4626 3980 3979
f 4627 3890 3889
f 4628 4432 4629
f 4526 4310 4630
f 4631 4632 4633
f 4549 4634 4550
f 4635 4636 3770
f 3782 3856 4637
f 4638 4185 4232
f 4639 4640 4641
f 4642 4491 4643
f 4644 4645 4396
f 4646 4647 4550
f 4648 4528 4527
f 3847 4530 3682
f 4649 3861 4264
f 4650 4651 4624
f 4652 4653 4654
f 3880 3798 4655
f 4194 4394 4195
f 4656 4657 3925
f 4547 3673 4658
f 4659 3780 4660
f 4254 4455 4394
f 3794 4661 4376
f 4190 3987 4662
f 4590 4589 3909
f 4663 4179 4664
f 4665 4003 3951
f 4666 4667 4668
f 4383 4388 4669
f 4670 3706 3708
f 3707 3706 3870
f 4171 4671 4672
f 4420 4171 4170
f 4412 4413 3690
f 3763 3762 4537
f 3906 4534 3905
f 4220 3895 4296
f 4673 4674 4675
f 3677 4676 4584
f 4677 4678 3914
f 4339 4679 4680
f 4679 4681 4159
f 4666 4668 4499
f 4682 3765 4683
f 4684 4543 4542
f 4339 4186 4337
f 4685 4091 4686
f 4687 3712 3937
f 4555 4688 4338
f 4518 4689 4690
f 4691 4144 4143
f 4692 4423 4693
f 4276 4694 4574
f 4403 3896 3946
f 4695 4618 3813
f 4675 3749 4271
f 4696 4682 4697
f 4574 3973 4276
f 4651 4698 3999
f 4699 4046 4700
f 4701 4702 4703
f 4704 4429 4633
f 4705 3795 4706
f 4295 4351 4707
f 3836 4571 4708
f 4481 4516 4410
f 3974 4567 4533
f 4597 3803 4709
f 4670 4689 4710
f 4230 4232 4185
f 4414 4434 4711
f 4712 4422 4713
f 3866 4492 3841
f 3979 3981 3982
f 4316 4714 4715
f 4423 4716 4693
f 4717 4395 4718
f 4719 4545 4529
f 4371 4720 4096
f 3816 4721 4722
f 3670 3820 3819
f 4718 4395 4503
f 4684 4723 4665
f 4376 4661 4365
f 4136 3784 3959
f 4724 4243 3959
f 4725 4639 4641
f 3884 4726 3882
f 4727 4347 4728
f 3735 4613 4729
f 4578 4276 4275
f 4730 4627 4731
f 4584 4582 3677
f 3874 3876 4303
f 4732 4137 4139
f 3840 4732 3841
f 3791 3852 4733
f 4734 4735 4736
f 3825 4737 4738
f 4739 4400 4484
f 4739 4508 4451
f 4740 4002 4677
f 4621 4437 3910
f 4697 4682 4473
f 3800 3817 4238
f 4741 4742 4743
f 4744 3811 4505
f 4744 4251 4407
f 4327 4326 4443
f 4216 4241 3851
f 4745 3750 4746
f 4728 4100 4468
f 4517 4604 4529
f 4747 4095 4748
f 4372 4747 4401
f 4478 4069 4071
f 4347 4693 4728
f 4564 4749 4750
f 4422 4184 4751
f 3945 3843 3943
f 3814 4463 4752
f 4371 4753 4720
f 3710 4289 4754
f 4755 4467 4690
f 4756 3925 3728
f 4756 4487 4656
f 3848 4757 4758
f 4757 4489 4055
f 4759 4082 4084
f 4759 4065 4068
f 4635 4285 4287
f 4760 4144 4691
f 4761 3873 4151
f 4761 4364 3840
f 4762 3886 3888
f 4762 4239 3971
f 4763 4594 4206
f 4764 4317 4765
f 4764 4420 4421
f 4766 4190 4191
f 4766 4398 4006
f 4603 3731 3730
f 4517 4605 4604
f 4625 3999 4623
f 4767 4503 4391
f 4768 4374 4769
f 3983 4146 3984
f 3945 4450 3844
f 3989 4631 4344
f 3989 3977 3990
f 4770 4244 4246
f 4770 4102 4104
f 4771 4489 4084
f 4771 4520 4074
f 4772 4773 4009
f 4772 4095 4097
f 4588 4774 4149
f 4052 4588 4587
f 4697 4007 4696
f 4648 3792 3948
f 3739 3827 3740
f 4775 4776 4777
f 4778 4735 4173
f 4305 4779 4780
f 3906 4781 4782
f 4402 4550 4783
f 4182 4431 4430
f 4431 4633 4429
f 4706 4258 4257
f 4784 4105 4103
f 4784 4107 4111
f 4738 4610 4273
f 4738 3928 3825
f 3988 4785 4786
f 3989 3988 4631
f 4787 4476 3766
f 4788 4789 4735
f 4790 4017 4015
f 4790 4105 4106
f 4766 4486 4398
f 4486 4485 4791
f 3991 4792 4793
f 4794 4795 3991
f 4770 4494 4102
f 4494 4493 3854
f 4221 4796 4797
f 4798 4799 4316
f 4798 4785 3919
f 4551 4724 4287
f 4800 4384 4386
f 4712 4364 4422
f 4712 4250 4141
f 4801 4802 3753
f 4803 3924 4804
f 4805 4482 4121
f 4568 3745 4806
f 4800 4386 4501
f 4143 4142 3820
f 4643 3788 4465
f 4807 3970 3971
f 4807 4234 3958
f 3859 3831 4808
f 4747 4093 4401
f 4809 4782 4617
f 4342 4686 4022
f 4810 4244 4126
f 4811 4812 4802
f 3750 4813 3751
f 3889 4449 4405
f 4529 3925 4657
f 4572 4258 4160
f 4039 4611 4037
f 4814 4815 3926
f 4814 3977 3964
f 4199 4621 4816
f 4248 4295 4294
f 4725 4370 4369
f 4356 4726 3884
f 3734 4817 4436
f 4810 3734 3733
f 4004 4006 4168
f 4542 4818 4723
f 4628 4508 4509
f 4447 4379 4705
f 3985 4819 3731
f 4490 4310 4090
f 4820 4343 4281
f 4820 3962 3964
f 3794 4375 4382
f 4375 3709 4111
f 3856 3858 4334
f 3970 3957 4821
f 4626 3979 4070
f 3982 4183 3983
f 4338 4251 4253
f 4635 4287 4636
f 4373 4371 4372
f 4822 4676 4002
f 4823 4773 4030
f 4823 4362 4010
f 4824 4815 4236
f 4824 4355 3884
f 4725 4227 4639
f 4825 3785 4539
f 4825 4137 4141
f 3889 4404 4627
f 4404 4203 4731
f 4826 4133 4135
f 4826 4028 4035
f 4827 4040 4042
f 4827 4017 4019
f 4828 4829 4349
f 4828 4343 4162
f 3859 4664 4179
f 3913 4583 4584
f 4582 4583 4247
f 4830 4831 4832
f 4792 4833 4570
f 4183 4151 3983
f 4071 3984 4145
f 4534 3778 4834
f 4502 4503 4395
f 4251 4337 4638
f 4531 4832 4831
f 4835 4023 4025
f 4835 4773 4012
f 4573 4159 4681
f 4571 4573 4836
f 4837 4072 4074
f 4837 4040 4044
f 4673 4269 4838
f 4219 4839 4330
f 4420 4764 4264
f 4840 4841 4723
f 4842 4077 4079
f 4842 4023 4027
f 4665 4843 4003
f 4481 4409 4776
f 4242 4844 4241
f 3698 3700 4175
f 4845 4493 4246
f 4845 4707 4351
f 4846 4496 4139
f 4846 4507 4132
f 4485 4847 4669
f 4511 4669 4388
f 4848 4554 4253
f 4848 4504 4165
f 4844 4733 3852
f 4849 4730 4535
f 4797 4454 4222
f 4116 4797 4796
f 4085 3860 4304
f 4128 3778 4850
f 3847 4585 4536
f 4403 3681 3896
f 4851 3892 3894
f 4576 4851 4155
f 4852 4065 3848
f 4852 4853 4299
f 4854 4855 4751
f 4726 4601 4448
f 4538 4225 4224
f 3862 4618 4430
f 4840 4723 4818
f 4818 4542 4168
f 4046 4699 3692
f 4856 4363 4064
f 4856 4361 4019
f 3961 4448 4857
f 4204 4594 4167
f 4308 4396 4858
f 4577 4275 4210
f 4209 4859 4577
f 3672 4570 4860
f 4570 4833 4860
f 4736 4034 4036
f 4736 4088 4734
f 4861 4562 4438
f 4862 4439 3929
f 4863 4773 4058
f 4863 4053 4013
f 3723 4794 4419
f 4819 4442 3729
f 3785 4193 4192
f 4632 4515 4704
f 4631 3988 4632
f 4864 4361 4081
f 4864 4387 4044
f 4865 4481 4776
f 4621 4478 4071
f 4816 4145 4565
f 4866 3956 4867
f 4088 4090 4310
f 4174 4310 4526
f 4769 4868 4869
f 4706 4160 4258
f 4142 4144 4298
f 4779 4305 4178
f 4870 4774 4051
f 4870 4047 4045
f 4808 3831 3830
f 4664 4808 4581
f 3754 3975 4477
f 3969 4871 4351
f 3855 4871 3968
f 4650 4624 4872
f 4873 4114 4121
f 4094 4873 4092
f 4038 4037 4127
f 3770 4333 4647
f 3874 4303 4874
f 4204 4167 4166
f 4616 4802 4875
f 4175 4174 3698
f 4876 4598 4644
f 4877 4520 3833
f 4877 4047 4042
f 3743 4313 4312
f 3980 4626 4312
f 4878 4095 4113
f 4878 4454 4094
f 4879 4521 4036
f 4879 4028 4025
f 4880 4362 4135
f 4880 4130 4033
f 3826 3825 3930
f 4881 4166 4882
f 4883 4504 4318
f 3958 4234 4236
f 4807 3958 3957
f 4884 4543 3953
f 4867 3956 4393
f 4867 4853 4600
f 4460 4885 4800
f 3766 4696 4787
f 3791 4733 4291
f 3805 3804 4367
f 4886 4531 4831
f 3905 3949 3720
f 3905 4615 4462
f 4397 4307 4887
f 4888 4328 4442
f 4220 4296 3941
f 4266 4559 4267
f 4461 4152 3965
f 3722 4298 4144
f 4808 4889 4652
f 4890 4059 4090
f 4890 4521 4079
f 4884 3994 4426
f 3732 4201 4405
f 4611 4039 4261
f 4365 4663 4290
f 4891 4133 4495
f 4891 4496 4131
f 4892 3907 4162
f 4892 4631 4181
f 4630 4653 4889
f 4708 4284 4202
f 4708 4817 3837
f 4804 4893 3727
f 4716 4423 3932
f 4093 4099 4401
f 4894 4586 4895
f 3874 4874 3939
f 4874 4303 4525
f 4761 4151 4184
f 3754 3756 3975
f 4896 4130 4132
f 4796 4221 3839
f 4847 4485 4191
f 4847 3892 4897
f 3814 4898 4899
f 4223 4182 4430
f 4431 4182 4181
f 4106 3710 4754
f 4807 3957 3970
f 3957 3956 4866
f 4824 4236 4235
f 4236 4815 4900
f 4901 3757 4306
f 4374 4373 4806
f 4900 4815 3963
f 3958 4900 3956
f 4242 3703 4844
f 3704 3703 4229
f 4282 4836 4283
f 4117 4886 4836
f 4190 4424 3987
f 4325 4324 4538
f 4902 4903 3871
f 3758 4453 4558
f 4493 4351 4871
f 4295 4348 3969
f 4265 4904 4420
f 4372 3944 3943
f 4184 4183 4751
f 4761 4184 4364
f 4767 4659 4905
f 4583 3913 3879
f 4906 4907 4516
f 4907 4908 4704
f 4349 4829 4068
f 4828 4349 4281
f 4814 3963 4815
f 3963 4393 4392
f 4909 3744 3970
f 4762 3744 3886
f 4642 4643 4292
f 4643 4465 4198
f 4494 4910 4102
f 4910 3853 4109
f 4005 4004 4427
f 4766 4005 4190
f 4686 3678 4022
f 3939 4250 3874
f 4906 4516 4481
f 4667 3767 4911
f 4912 4053 4055
f 4912 4072 4076
f 4176 4528 3948
f 4851 4176 3892
f 4143 4860 4833
f 4356 4355 4211
f 4389 4502 4100
f 4766 4191 4486
f 4847 4191 3893
f 4913 4011 4076
f 4913 4387 4027
f 3930 4440 4559
f 4914 4440 3966
f 4747 4372 4096
f 4372 3943 4373
f 3791 4292 3789
f 4241 3852 3851
f 4915 4916 4125
f 4915 4014 4016
f 4620 4465 3787
f 4901 3758 3757
f 4917 4062 4060
f 4917 4077 4081
f 4338 4253 4555
f 4848 4253 4252
f 4752 4463 3888
f 4752 4918 4898
f 4654 4062 4540
f 4739 4484 4483
f 4919 4105 4123
f 4919 4124 4104
f 3798 4526 4655
f 3981 4854 4278
f 4920 3776 4210
f 4920 3972 3932
f 4555 4557 4688
f 4555 4554 3950
f 3771 4525 4303
f 4205 4360 4335
f 4852 3850 4853
f 4143 3670 4860
f 4921 4450 4922
f 4921 4918 3887
f 4712 4141 4140
f 4825 4141 4193
f 4923 4924 3923
f 4923 4474 4925
f 4169 4926 4498
f 4426 4927 4212
f 4054 4758 4757
f 4128 4850 4513
f 3953 3995 4884
f 3844 4450 4188
f 3992 4795 3722
f 3811 3813 4649
f 4928 4017 4049
f 4928 4050 4016
f 4762 3888 4464
f 4752 3888 3887
f 4791 4485 4189
f 4791 4929 4930
f 3821 4859 4593
f 4098 4092 4873
f 4931 4809 4616
f 4129 3674 4547
f 4805 4121 4120
f 4873 4121 4098
f 4770 4246 4494
f 4845 4246 4245
f 3843 3746 3745
f 3744 4909 3745
f 4932 4336 4579
f 4778 4173 4228
f 4902 4200 4903
f 4933 4355 4235
f 4933 3808 4211
f 4732 3840 4140
f 4761 3840 3842
f 4607 4313 4263
f 4934 4608 4935
f 4807 4240 4234
f 4240 4239 3869
f 4668 4428 4499
f 4498 4004 4169
f 3990 3977 3920
f 4177 4179 4663
f 4572 4160 4159
f 4186 4680 4158
f 4149 4774 4380
f 4588 4149 4148
f 4426 4425 4927
f 4713 4855 4564
f 4870 4378 4774
f 4378 3687 3686
f 4778 4198 4465
f 4643 4198 3789
f 3826 4470 3824
f 4099 4484 4400
f 4382 4383 4897
f 3794 3793 4661
f 4366 4291 3871
f 4698 4932 4936
f 3932 4319 4716
f 4920 3932 3774
f 4838 4269 3911
f 4838 4437 4330
f 4046 3835 3865
f 4921 4188 4450
f 3844 4188 3746
f 4456 3826 4559
f 4440 3930 3929
f 3986 4603 4466
f 3863 3862 4429
f 3972 4277 3973
f 4574 3803 3973
f 4828 4281 4343
f 4820 4281 4280
f 4784 4111 3711
f 4375 4111 4110
f 4812 4650 4872
f 4595 4763 4651
f 4762 4464 4239
f 4722 3707 4937
f 4762 3971 3744
f 4807 3971 4240
f 4786 4785 4411
f 4786 4515 4632
f 4892 4344 4631
f 3989 4344 3978
f 4938 4207 4419
f 4938 3715 3911
f 4914 3965 4152
f 4152 4154 4267
f 4204 4166 4881
f 4883 4166 4165
f 4939 4418 4419
f 3991 4939 4794
f 4643 3789 4292
f 4940 3790 4197
f 4148 4941 4587
f 4941 4817 3734
f 3842 3841 4492
f 4761 3842 3873
f 4770 4126 4244
f 4810 4126 4125
f 4942 4031 4222
f 4942 4008 4010
f 4808 4652 4581
f 4652 4889 4653
f 4752 3887 4918
f 4921 3887 4188
f 4887 4307 4694
f 3806 4895 4586
f 4734 4174 4173
f 4245 4244 3733
f 4845 4245 4449
f 4757 3848 4066
f 4852 3848 3850
f 4943 4888 4546
f 3938 3776 3775
f 4637 4334 4333
f 4156 4453 4452
f 4826 4377 4133
f 4788 4619 4944
f 4759 4084 4066
f 4771 4084 4083
f 4945 3918 3927
f 4798 4945 4799
f 4380 4774 3686
f 4149 4380 4447
f 4946 4560 4562
f 4946 4947 3901
f 4862 4561 4439
f 4948 4640 4639
f 4919 4103 4105
f 4784 4103 4108
f 4949 3962 4280
f 4867 4949 4853
f 4838 3911 3910
f 4938 3911 4270
f 4934 4750 4950
f 4935 4951 4934
f 4952 4560 4331
f 4215 4953 4952
f 4411 4785 4715
f 4786 4411 4410
f 4790 4106 4018
f 4106 3711 3710
f 4914 3966 3965
f 3966 4439 4948
f 4475 3960 4522
f 4825 4193 3785
f 4297 4192 3941
f 4356 4602 4601
f 4954 3763 3797
f 4765 4317 4318
f 4765 3811 4649
f 3814 3816 4463
f 4721 3816 4346
f 3825 3824 4737
f 4955 4689 4670
f 4759 4068 4956
f 4349 4068 4067
f 4765 4505 3811
f 4744 4505 4252
f 4772 4058 4773
f 4863 4058 4057
f 4823 4009 4773
f 4772 4009 4113
f 4946 4957 4947
f 4813 4957 4861
f 4958 4581 4540
f 3779 3804 4598
f 4790 4018 4017
f 4856 4018 4363
f 4592 3781 3780
f 4659 4767 4592
f 4863 4012 4773
f 4835 4012 4026
f 4445 4069 3717
f 4662 4466 3894
f 4891 4134 4133
f 4880 4134 4130
f 4634 4783 4550
f 4744 4252 4251
f 4848 4252 4504
f 4959 4256 3857
f 4827 4019 4043
f 4856 4019 4018
f 4263 4313 4960
f 4961 3902 4263
f 4820 4280 3962
f 4949 4280 4299
f 4539 3740 3827
f 4825 4539 4138
f 4407 4638 4232
f 4744 4407 3812
f 4916 4587 4941
f 4941 4148 4150
f 4128 4512 4129
f 3874 4250 3875
f 4486 4930 4398
f 4930 4929 3877
f 4745 4746 4962
f 4745 4947 4957
f 4933 3885 3868
f 4240 3885 4234
f 4431 4181 4631
f 4892 4181 3908
f 4853 3850 4600
f 4400 3945 3944
f 3931 4585 3847
f 3811 4744 3812
f 3812 4406 4695
f 4260 4262 4557
f 4262 4117 4681
f 4848 4164 4554
f 4963 3718 4964
f 4732 4139 4497
f 4846 4139 4138
f 4054 4053 4057
f 3849 4758 4541
f 4641 4370 4725
f 4539 3827 4507
f 4771 4074 4073
f 4837 4074 4041
f 4054 4541 4758
f 4056 4720 4541
f 4938 4419 3716
f 4794 3723 4795
f 4846 4132 4131
f 4896 4132 3829
f 4607 3904 4935
f 3956 4900 4392
f 4393 3962 4949
f 4915 4052 4916
f 4588 4052 4051
f 4965 4207 4270
f 4965 4354 4208
f 4847 3893 3892
f 4662 3893 4190
f 4835 4025 4030
f 4879 4025 4024
f 4795 3723 3722
f 3854 3853 4910
f 4827 4042 4049
f 4877 4042 4041
f 4251 4338 4337
f 4842 4079 4024
f 4890 4079 4078
f 4840 4678 4841
f 4665 4723 4841
f 4883 4318 3810
f 4765 4318 4505
f 4814 3964 3963
f 4820 3964 3978
f 4189 4485 4669
f 4791 4189 3855
f 4271 4269 4675
f 4965 4271 4354
f 4873 4115 4114
f 4797 4115 4454
f 4481 4410 4409
f 4786 4410 4515
f 4883 4165 4504
f 4848 4165 4164
f 4784 3711 4105
f 4404 4731 4627
f 3823 4577 4859
f 4209 3938 3712
f 4826 4029 4028
f 4823 4029 4362
f 4082 4759 4956
f 4829 4703 4956
f 4925 4474 4509
f 4805 4925 4482
f 4747 4096 4095
f 4389 4100 4101
f 4745 4966 4947
f 4854 4950 4749
f 4818 4399 4840
f 4399 4398 3917
f 4736 4036 4089
f 4879 4036 4035
f 4654 4540 4652
f 4958 4540 4064
f 4679 4339 4556
f 4688 4339 4338
f 4772 4097 4058
f 4536 4710 4518
f 4835 4030 4773
f 4823 4030 4029
f 4959 3923 4924
f 4923 3923 3922
f 4096 4720 4097
f 4791 3855 4929
f 4871 3855 3854
f 4945 3961 4799
f 4448 3961 3882
f 4928 4015 4017
f 4790 4015 4123
f 4826 4135 4029
f 4880 4135 4134
f 4083 3864 3834
f 4877 3833 4045
f 4302 4303 3876
f 4824 4235 4355
f 4933 4235 3885
f 4110 4107 4388
f 4382 4375 4110
f 4837 4044 4075
f 4864 4044 4043
f 4325 4224 4695
f 4842 4027 4080
f 4913 4027 4026
f 4925 4483 4482
f 4739 4483 4508
f 4552 4243 4551
f 3990 3919 4785
f 3919 3918 4945
f 3878 4929 3968
f 4348 3879 3878
f 4797 4116 4115
f 4692 4899 4423
f 3814 4692 3815
f 4555 4967 4557
f 4967 3949 4612
f 4593 4859 3714
f 3821 4593 4552
f 4878 4748 4095
f 4747 4748 4093
f 3869 4239 4937
f 4240 3869 3885
f 4953 4215 4217
f 4732 4140 4137
f 4712 4140 4364
f 4855 4713 4422
f 4335 4206 4205
f 4707 4449 4293
f 4800 4501 4460
f 4879 4035 4028
f 4826 4035 4377
f 4202 4284 4830
f 4708 4202 4436
f 4497 4496 3867
f 4708 4436 4817
f 4436 4201 3732
f 4109 4511 4388
f 4910 4109 4108
f 4896 3829 3839
f 3829 4507 3827
f 4862 4562 4561
f 4946 4562 4957
f 4750 4749 4950
f 3974 4968 3975
f 4326 4969 4970
f 3731 4819 3729
f 4497 3866 3841
f 3788 4491 3786
f 3928 4738 4553
f 4941 4150 4817
f 4147 4257 3838
f 4930 3917 4398
f 4399 3917 4274
f 3989 3978 3977
f 4820 3978 4343
f 4428 4300 4214
f 4628 4475 4433
f 3960 4475 3922
f 4883 3810 4882
f 3810 4317 4488
f 4736 4089 4088
f 4890 4089 4521
f 4692 4347 3815
f 4085 3832 3860
f 4345 4955 3708
f 3815 4347 4346
f 4810 4125 4916
f 4915 4125 4122
f 3715 4938 3716
f 3716 4418 3761
f 4799 4857 4314
f 4572 3838 4258
f 4886 4119 3675
f 4690 4955 4755
f 4417 4971 4544
f 4827 4049 4017
f 4928 4049 4048
f 4958 4064 4363
f 4856 4064 4063
f 4319 3781 4716
f 4319 4367 3779
f 4684 3953 4543
f 4896 4221 4033
f 4864 4081 4080
f 4917 4081 4063
f 4384 4576 4385
f 4851 4576 4176
f 4120 4114 4195
f 4805 4120 4924
f 4416 4417 4545
f 4972 4869 4868
f 4870 4048 4047
f 4928 4048 4050
f 4825 4138 4137
f 4846 4138 4507
f 4920 4277 3972
f 4277 4276 3973
f 4243 4552 4522
f 3821 4552 4286
f 4814 3920 3977
f 3990 3920 3919
f 4634 3735 4783
f 4751 4183 4278
f 4495 4133 4944
f 4891 4495 3867
f 3942 4746 3750
f 3857 3856 4136
f 4959 3857 3923
f 4973 4590 4974
f 4182 4223 4225
f 4612 3949 4462
f 4612 4261 4260
f 3883 3882 3927
f 4824 3883 4815
f 3910 3715 4478
f 4838 3910 4437
f 4834 4127 4614
f 4792 3993 4833
f 4784 4108 4107
f 4070 3982 3984
f 4588 4051 4774
f 4870 4051 4048
f 4061 4490 4059
f 4890 4090 4089
f 4945 3927 3961
f 3883 3927 3926
f 4396 4975 4709
f 4501 4500 4461
f 4757 4055 4054
f 4912 4055 4073
f 4294 4249 4248
f 4179 4178 3859
f 4712 3875 4250
f 4790 4123 4105
f 4919 4123 4122
f 4828 4161 4829
f 4976 4701 4703
f 4977 4978 3694
f 3694 4479 4865
f 4948 4639 4227
f 4771 4083 4520
f 4734 4173 4735
f 4085 4304 4519
f 4793 4792 4569
f 4793 4418 4939
f 3878 3877 4929
f 4930 3877 3917
f 4772 4113 4095
f 4878 4113 4112
f 4557 4967 4260
f 4204 4206 4594
f 4863 4057 4053
f 4054 4057 4541
f 4759 4066 4065
f 4757 4066 4489
f 4942 4032 4031
f 4880 4032 4362
f 4766 4006 4005
f 4818 4006 4399
f 4098 4093 4092
f 4099 4098 4484
f 4846 4131 4496
f 4891 4131 4134
f 4117 4262 4118
f 4658 4119 4118
f 4962 4746 4674
f 4745 4962 4966
f 4629 3713 4922
f 4636 4287 4724
f 3883 3926 4815
f 4814 3926 3920
f 4828 4162 4161
f 4892 4162 4344
f 4352 4881 3809
f 4204 4352 4205
f 4946 4331 4560
f 4331 4216 4215
f 4852 4067 4065
f 4349 4067 4279
f 4322 4415 4320
f 4154 4268 4267
f 4356 4601 4726
f 4824 3884 3883
f 4230 4185 4187
f 4268 4154 4408
f 3950 4554 4964
f 3950 3949 4967
f 4256 3858 3857
f 4763 4206 4336
f 4228 4175 3700
f 4778 4228 4198
f 4226 4086 4519
f 4577 4210 4209
f 4920 4210 4277
f 4751 4278 4854
f 4641 4952 4953
f 4397 4887 4979
f 4877 4045 4047
f 4870 4045 4378
f 4399 4274 4840
f 4274 3914 4678
f 4630 4061 4653
f 4654 4061 4060
f 4827 4043 4040
f 4864 4043 4361
f 3960 3922 3921
f 4923 3922 4474
f 4912 4073 4072
f 4771 4073 4489
f 4149 4447 4147
f 4942 4112 4008
f 4878 4112 4454
f 4912 4076 4013
f 4913 4076 4075
f 4793 3759 4418
f 4809 4931 4623
f 4949 4299 4853
f 4852 4299 4067
f 4938 4270 4207
f 4965 4270 4271
f 3901 4947 3899
f 4946 3901 4331
f 4673 4330 4839
f 4229 4437 4199
f 4837 4041 4040
f 4877 4041 4520
f 4917 4063 4062
f 4856 4063 4361
f 4348 4583 3879
f 4886 4117 4119
f 4842 4024 4023
f 4879 4024 4521
f 4241 4216 3900
f 4563 4980 4217
f 4654 4060 4062
f 4917 4060 4078
f 4851 3894 4435
f 4662 3894 3893
f 4837 4075 4072
f 4913 4075 4387
f 3809 4881 4882
f 4887 4578 4979
f 4842 4080 4077
f 4864 4080 4387
f 4899 4898 3775
f 4920 3774 3776
f 4440 3929 4439
f 4862 3929 4438
f 4875 4802 4812
f 4569 3741 3759
f 4357 4981 4358
f 4981 4935 4742
f 4896 4033 4130
f 4880 4033 4032
f 4770 4104 4126
f 4919 4104 4103
f 3889 4405 4404
f 3732 4405 4245
f 4119 4658 3673
f 4658 4261 4039
f 4648 3948 4528
f 4428 4214 4213
f 4469 4100 4502
f 4931 4875 4872
f 4531 4982 4832
f 4849 4535 4342
f 4514 3675 3674
f 4873 4094 4115
f 4878 4094 4748
f 3730 4711 4434
f 4886 3675 4531
f 4207 3721 3723
f 4914 4267 4559
f 4456 4266 4457
f 4682 4683 4473
f 4428 4668 4300
f 4498 4428 4427
f 4915 4122 4014
f 4919 4122 4124
f 4350 4724 3783
f 3986 4466 4662
f 4498 4427 4004
f 4005 4427 4424
f 3980 4312 4311
f 4403 4523 4359
f 4818 4168 4006
f 3744 3746 3886
f 4940 4563 3790
f 4659 4660 4905
f 4402 4783 4983
f 4797 4222 4221
f 4942 4222 4112
f 4628 4509 4475
f 4925 4509 4483
f 4005 4424 4190
f 3985 3987 4213
f 4892 3908 3907
f 3908 4180 4974
f 4823 4010 4009
f 4942 4010 4032
f 4912 4013 4053
f 4863 4013 4012
f 4835 4026 4023
f 4913 4026 4011
f 4917 4078 4077
f 4890 4078 4059
f 4891 3867 4496
f 4497 3867 3866
f 4619 3787 3786
f 4915 4016 4052
f 4928 4016 4015
f 4317 4764 4421
f 3724 4488 4487
f 4391 4502 4389
f 3742 4570 3672
f 3997 4936 4605
f 4943 4984 4969
f 4268 4457 4266
f 4171 4420 4904
f 4985 4961 4622
f 4886 4283 4836
f 4412 3845 4238
f 4760 3993 3992
f 3683 3682 4530
f 4821 4868 4806
f 4833 3993 4691
f 4395 4518 4502
f 4647 4333 4332
f 4858 4574 4308
f 4611 4261 4612
f 4666 4927 4683
f 4711 4444 4415
f 4321 3976 3756
f 4187 4160 4706
f 3722 4144 4760
f 3831 3860 3832
f 4986 4987 4579
f 4445 4312 4626
f 4530 4529 4545
f 4348 3878 3969
f 3982 4070 3979
f 4551 4287 4286
f 4709 4575 4858
f 4091 4002 4676
f 4435 4155 4851
f 4822 4740 4988
f 4444 4441 4443
f 4579 4987 4932
f 3998 4623 3999
f 4301 4442 4819
f 3856 4334 4637
f 4000 3748 3747
f 4730 4731 4982
f 4874 4525 4989
f 4462 4615 4611
f 3803 4597 3804
f 4719 4978 4977
f 4617 4782 4781
f 4776 4775 4865
f 4990 4777 4776
f 4637 4333 3769
f 4385 4901 4386
f 4736 4789 4034
f 3892 3947 4897
f 3695 4719 3705
f 3784 3783 4724
f 4743 3903 3902
f 4968 4991 4477
f 4217 3851 4563
f 4866 4821 3957
f 4931 4616 4875
f 4566 4415 4443
f 4197 3700 4940
f 4906 4481 4480
f 4656 4487 4172
f 4172 3705 4657
f 4321 4567 3976
f 3702 3704 4200
f 4456 4559 4266
f 4666 3765 4667
f 3736 4256 4255
f 4323 3699 3799
f 3678 3677 4582
f 4220 4989 3946
f 3792 4648 3793
f 4909 3970 4821
f 4212 4926 4169
f 4733 4844 3702
f 4309 4308 4574
f 4285 4635 4397
f 4371 4374 4768
f 4885 4305 4780
f 4663 4365 4661
f 4413 4237 3935
f 4908 4265 3863
f 4395 4717 4876
f 4660 4598 4876
f 4382 3947 3792
f 4808 4664 3859
f 3824 4470 3974
f 4961 4985 4532
f 4685 4686 4342
f 4128 4513 4512
f 4829 4956 4068
f 4801 3753 3718
f 3753 4781 3719
f 4592 4390 4101
f 3702 4200 4902
f 4422 4751 4855
f 4617 4616 4809
f 4702 4701 4700
f 4987 4986 4604
f 4620 4778 4465
f 4902 3871 4291
f 3988 3990 4785
f 4742 3904 3903
f 4992 4506 4297
f 3897 4783 4729
f 4568 4806 4373
f 4643 4491 3788
f 3955 4273 4609
f 3846 4602 4340
f 4347 4692 4693
f 3737 3736 4255
f 4533 4566 4326
f 4821 4866 4868
f 3955 3751 4273
f 4236 4900 3958
f 4941 3734 4810
f 3727 4803 4804
f 3800 4238 3845
f 4896 3839 4221
f 4263 4622 4961
f 3954 3955 4609
f 3785 4192 4506
f 3756 3976 3975
f 3846 4340 3931
f 4886 4831 4283
f 3850 3849 4993
f 4992 4729 4613
f 4921 4687 4918
f 3712 4687 3713
f 4994 4657 3705
f 4396 4645 4975
f 4378 3835 3687
f 3738 4506 4613
f 4177 4661 3793
f 4745 4813 3750
f 4020 4022 3678
f 4862 4438 4562
f 4992 4297 4296
f 4798 4715 4785
f 4411 4715 4714
f 4285 4979 4286
f 3822 4979 4578
f 4971 4417 4314
f 4781 3753 4617
f 4804 4604 4893
f 4673 4675 4269
f 4581 4958 4288
f 4779 4648 4527
f 4567 3974 3976
f 4993 4599 3850
f 4519 4304 4885
f 4106 4754 4363
f 4332 4550 4647
f 3818 4532 3819
f 3942 4995 4746
f 4706 4257 4447
f 4518 4710 4689
f 4765 4649 4764
f 4786 4632 3988
f 4752 4898 3814
f 4320 4415 4566
f 4847 4897 4669
f 4183 3982 4278
f 4298 3820 4142
f 3943 3843 4568
f 4208 4354 3722
f 4806 4769 4374
f 3830 4655 4889
f 4943 3802 3801
f 4755 4347 4727
f 4606 4605 4936
f 4501 4461 4460
f 4869 4972 4600
f 3722 4760 3992
f 4992 4613 4506
f 3897 4296 3895
f 3709 4376 4365
f 4834 4615 4534
f 3906 3719 4781
f 4663 4664 4290
f 4642 4292 4366
f 4547 3674 3673
f 4981 4741 4358
f 4488 3724 3726
f 4801 4811 4802
f 3821 3823 4859
f 4577 3823 3822
f 4756 3728 3724
f 4468 4100 4469
f 3724 4487 4756
f 4882 3810 3809
f 3702 4902 4733
f 4526 3798 3698
f 4615 4834 4614
f 4926 4212 4927
f 4926 4927 4499
f 4943 4546 4911
f 3678 4686 3676
f 4020 3678 4249
f 4382 3792 3794
f 3940 3939 4874
f 4867 4972 4866
f 4741 4743 4358
f 4725 4369 4086
f 4347 4755 4345
f 4630 4889 4655
f 3991 3993 4792
f 4544 4530 4545
f 4335 4579 4336
f 4288 4958 4754
f 4623 3998 3778
f 4100 4728 3781
f 4593 4433 4522
f 4628 4433 4432
f 4636 4724 4350
f 3736 4634 4549
f 4943 4969 4888
f 4194 4459 4255
f 4955 4345 4755
f 4871 3969 3968
f 4256 3736 4549
f 4760 4691 3993
f 4810 4916 4941
f 3764 4699 4591
f 3691 3764 3763
f 3805 3973 3803
f 3806 4586 3807
f 3963 4392 4900
f 4527 4780 4779
f 4816 4621 4071
f 4690 4467 4518
f 4779 3793 4648
f 3797 3763 4537
f 4268 4477 4457
f 4968 4477 3975
f 4214 4819 3985
f 4943 4911 3802
f 4705 4379 3796
f 3763 4954 3691
f 4157 4156 4452
f 4436 3732 3734
f 4775 4777 4977
f 3854 4910 4494
f 4537 3762 4973
f 4288 4754 4289
f 4955 4690 4689
f 4232 4231 4406
f 4558 3756 3755
f 4576 4528 4176
f 4408 4153 3757
f 3889 3891 4449
f 3827 3739 3828
f 3755 3758 4558
f 4326 4970 4412
f 4789 4736 4735
f 3728 3924 4803
f 4791 4930 4486
f 4698 4651 4763
f 4694 4578 4887
f 3868 4446 3808
f 4895 3706 4670
f 4836 4282 4571
f 3945 3844 3843
f 4164 4964 4554
f 4990 4416 4777
f 4263 3904 4607
f 4307 4397 4308
f 4524 3946 4989
f 4697 4473 4007
f 4163 4963 4164
f 3718 4963 4801
f 4649 4264 4764
f 3814 4899 4692
f 4598 3780 3779
f 4904 4265 4907
f 3720 3950 4964
f 4981 4951 4935
f 4951 4510 4934
f 4750 4302 4564
f 4750 4510 4302
f 4960 4313 3743
f 4960 4622 4263
f 3729 4444 3730
f 4393 4949 4867
f 4423 4899 3933
f 4923 4925 4805
f 4755 4727 4467
f 4696 3766 4682
f 4414 4453 4156
f 3730 4444 4711
f 3741 4569 3742
f 3714 4859 3712
f 4432 3714 3713
f 4810 3733 4244
f 4415 4414 4711
f 4493 4871 3854
f 4603 4434 4435
f 4301 4888 4442
f 4969 4328 4888
f 4953 4217 4980
f 3782 4637 3769
f 3995 3952 3996
f 4962 4839 4219
f 4673 4839 4674
f 3905 3720 3719
f 4306 4501 4386
f 4508 4629 4451
f 3713 4629 4432
f 3809 3725 4353
f 4604 4606 4987
f 4056 4097 4720
f 4805 4924 4923
f 4488 3726 3810
f 3809 3726 3725
f 4451 4922 4450
f 4922 3713 4687
f 4116 4796 3828
f 3905 4534 4615
f 4472 3936 4696
f 4326 4328 4969
f 3753 4802 4616
f 3722 3721 4208
f 3695 3694 4978
f 3696 4479 3694
f 4464 4937 4239
f 4937 3707 3870
f 4353 3727 4893
f 4985 3672 3671
f 3692 4699 3764
f 3687 4046 3685
f 4463 4722 4464
f 3707 4722 4721
f 4514 4982 4531
f 4721 3708 3707
f 4524 4989 4525
f 4231 4233 4324
f 3996 4473 3994
f 4340 4211 3807
f 3901 3900 4216
f 3870 3706 4446
f 4429 3862 4430
f 4645 4644 4598
f 3736 3735 4634
f 3985 3731 3986
f 4447 4257 4147
f 4730 4982 4513
f 3720 4964 3718
f 4666 4499 4927
f 4985 4622 3672
f 3696 4480 4479
f 3696 3705 4672
f 4476 3767 3766
f 3692 3685 4046
f 4378 3686 4774
f 4627 4849 3890
f 4745 4957 4813
f 4602 3846 3682
f 4894 4895 4670
f 4550 4332 4334
f 3819 3671 3670
f 4448 3683 4857
f 4988 4740 4677
f 3913 4988 3914
f 4713 4564 3875
f 4728 4693 3781
f 4471 4458 4457
f 4575 4574 4858
f 3961 4857 4799
f 4857 3683 4971
f 4645 4598 4597
f 4381 3691 4954
f 4381 4380 3686
f 4472 4696 4007
f 4499 4498 4926
f 4584 4822 4988
f 3935 3934 4413
f 3709 4289 3710
f 3684 4448 4601
f 4987 4606 4932
f 3692 3764 3691
f 4951 4981 4357
f 4897 4383 4669
f 4414 4322 4453
f 4558 4322 4321
f 4155 4157 4385
f 4850 4535 4730
f 4021 4849 4342
f 4730 4849 4627
f 3890 4849 4021
f 4561 4948 4439
f 4948 4227 3967
f 4390 4592 4767
f 4598 4660 3780
f 4607 4935 4608
f 4071 4145 4816
f 4792 4570 4569
f 4604 4804 4529
f 4954 3797 3796
f 4607 4311 4313
f 4311 4608 3980
f 4808 3830 4889
f 4984 3801 3845
f 4608 4934 4950
f 4329 3891 3890
f 3919 4945 4798
f 3906 4782 4534
f 4381 3686 3685
f 4400 3944 4401
f 4220 3946 3895
f 4996 4869 4599
f 4173 4175 4228
f 4532 3688 4743
f 4381 4954 4379
f 4470 3826 4458
f 4457 4477 4991
f 4560 4640 4561
f 3676 4676 3677
f 4259 4118 4262
f 4396 3680 4644
f 4541 4993 3849
f 4408 3757 3755
f 4268 4408 3754
f 4585 3931 4341
f 4591 4699 4997
f 3762 4591 4590
f 4294 4329 4249
f 4537 4324 4233
f 4712 4713 3875
f 4979 3821 4286
f 4152 4500 4153
f 4319 3779 3781
f 4594 4596 4167
f 4811 4801 4580
f 4020 4249 4329
f 4120 4455 4924
f 4963 4163 4580
f 4963 4964 4164
f 4965 4208 4207
f 4787 3936 3935
f 4698 4936 3999
f 4348 4247 4583
f 4582 4247 4249
f 3838 4150 4147
f 3799 3798 3881
f 4589 4997 4701
f 4700 4997 4699
f 4960 3742 4622
f 4329 4021 4020
f 4953 4998 4370
f 4995 3747 4675
f 4779 4178 4177
f 4456 4458 3826
f 3765 4682 3766
f 4729 4783 3735
f 3858 4256 4549
f 4538 4973 4225
f 4590 4973 3762
f 4225 4974 4180
f 4974 4590 3909
f 4161 4703 4829
f 4956 4703 4702
f 4975 4645 4597
f 4152 4267 4914
f 3909 4589 4976
f 4986 4893 4604
f 4963 4580 4801
f 4596 4580 4167
f 4769 4869 4996
f 4838 4330 4673
f 4061 4630 4490
f 4414 4156 4434
f 4292 4291 4366
f 4902 4291 4733
f 3671 4532 4985
f 3768 4350 3783
f 4441 4444 3729
f 3871 4903 3872
f 4660 4876 4717
f 4659 4592 3780
f 4046 3865 4700
f 4893 4986 4579
f 4738 4737 4610
f 3880 3832 4087
f 4194 4196 4459
f 4293 4329 4294
f 3832 4085 4087
f 3972 4367 4319
f 3779 4367 3804
f 4624 4623 4872
f 4447 4705 4706
f 4630 4655 4526
f 4603 4435 4466
f 4127 3778 4128
f 4939 4419 4794
f 4482 4484 4098
f 3803 4575 4709
f 4700 3864 4702
f 3952 3690 4472
f 4874 4989 3940
f 4155 4434 4156
f 4565 4903 4200
f 4402 4646 4550
f 3950 4967 4555
f 4909 4821 4806
f 4309 4574 4694
f 3717 4478 3715
f 4960 3743 3742
f 4460 4519 4885
f 4284 4283 4831
f 4793 4939 3991
f 4517 3778 3998
f 4426 4212 4884
f 4136 3782 3784
f 3728 4803 3727
f 4809 3778 4782
f 3781 4693 4716
f 3802 4911 4476
f 4593 3714 4433
f 3986 3731 4603
f 4389 4101 4390
f 4950 3981 3980
f 4950 4854 3981
f 4342 4535 4685
f 4195 4114 4116
f 4992 4296 3897
f 3785 3740 4539
f 4980 4999 4953
f 4596 4812 4811
f 3761 3760 4445
f 4867 4600 4972
f 4334 3858 4549
f 3877 3879 3912
f 4457 4991 4471
f 4394 4120 4195
f 3864 4700 3865
f 4546 4667 4911
f 4151 3872 4146
f 4629 4922 4451
f 4775 4977 4865
f 4256 4959 4254
f 4143 4833 4691
f 3907 4976 4161
f 4701 4976 4589
f 4948 3967 3966
f 4983 3897 3896
f 3775 3774 4899
f 4628 4629 4508
f 3809 4353 4352
f 4978 4719 3695
f 4780 4800 4885
f 4272 3751 4813
f 4545 4777 4416
f 4227 4226 3967
f 4226 4519 4460
f 4621 4199 4437
f 3839 3828 4796
f 4546 4300 4667
f 4819 4214 4301
f 4708 3837 3836
f 4858 4396 4709
f 3848 4758 3849
f 3955 3752 3751
f 4475 4522 4433
f 4649 3813 3861
f 4569 3759 4793
f 4377 4944 4133
f 4495 4944 4619
f 4577 3822 4578
f 4657 4994 4529
f 4323 4940 3700
f 4157 4452 4901
f 4129 4512 3674
f 4865 4479 4481
f 4370 4641 4953
f 4952 4641 4640
f 4979 4285 4397
f 4620 4619 4788
f 4990 4315 4416
f 4975 4597 4709
f 4223 4430 4618
f 3821 4979 3822
f 3806 4446 4895
f 4384 4780 4527
f 4353 4893 4360
f 4372 4401 3944
f 4591 4997 4589
f 4523 4525 3771
f 4640 4948 4561
f 4034 4788 4377
f 4403 4359 4358
f 4684 3951 3953
f 3986 4662 3987
f 4980 4563 4940
f 4656 3925 4756
f 4990 4776 4409
f 4146 4903 4565
f 4620 4788 4735
f 3739 4459 4196
f 4584 4988 3913
f 3828 4196 4195
f 4788 4944 4377
f 4578 4694 4276
f 3769 3768 3782
f 4787 3935 4237
f 3952 3951 4003
f 4529 3924 3925
f 4844 3852 4241
f 4373 3943 4568
f 3676 4686 4091
f 4146 3983 4151
f 4831 4830 4284
f 4202 4830 4203
f 4976 4703 4161
f 4515 4516 4907
f 4952 4640 4560
f 4614 4127 4037
f 4365 4290 4289
f 4576 4384 4528
f 4480 4904 4906
f 4654 4653 4061
f 4545 4977 4777
f 4152 4461 4500
f 4535 3777 4685
f 4788 4034 4789
f 4298 3688 3818
f 3771 3773 4523
f 4413 4238 4237
f 4668 4667 4300
f 3783 3782 3768
f 3764 4591 3762
f 4317 4421 4488
f 4995 3942 3747
f 4571 3836 4572
f 4731 4832 4982
f 4730 4513 4850
f 4199 4565 4200
f 4127 4834 3778
f 4201 4203 4404
f 4731 4203 4832
f 4989 4220 3940
f 4171 4904 4671
f 3952 4472 4007
f 4619 3786 4495
f 4787 4237 4476
f 4994 4719 4529
f 4331 4215 4952
f 4409 4714 4990
f 4382 4897 3947
f 4136 3959 3921
f 4812 4872 4875
f 4670 3708 4955
f 3702 4844 3703
f 4356 4211 4340
f 4800 4780 4384
f 4974 3909 3908
f 3897 4729 4992
f 4274 4678 4840
f 4822 4584 4676
f 4420 4264 4265
f 3909 4976 3907
f 4573 4681 4117
f 4262 4681 4556
f 4172 4657 4656
f 4911 3767 4476
f 4937 3870 3869
f 4543 4884 4212
f 4572 4159 4573
f 4679 4159 4680
f 4339 4680 4186
f 4158 4680 4159
f 4672 4671 3696
f 4480 4671 4904
f 4636 4350 3770
f 4402 3681 4647
f 4830 4832 4203
f 3924 4529 4804
f 4264 3861 3863
f 3870 4446 3868
f 4312 3760 3743
f 4445 3760 4312
f 4445 4626 4069
f 4359 4523 3773
f 4170 4172 4487
f 4127 4129 4038
f 4966 4218 3899
f 4172 4672 3705
f 4480 3696 4671
f 3797 4537 4233
f 3965 4226 4460
f 4052 4587 4916
f 4973 4974 4225
f 4441 4442 4328
f 3782 4136 3856
f 4537 4973 4538
f 4932 4698 4336
f 4841 4843 4665
f 4314 4857 4971
f 4314 4417 4315
f 4687 3937 4918
f 4546 4888 4301
f 4991 4470 4471
f 4557 4556 4688
f 4679 4556 4681
f 3902 4961 4743
f 4936 4932 4606
f 4972 4868 4866
f 3861 4618 3862
f 4223 4618 4695
f 3737 4255 4459
f 4429 4704 4908
f 4421 4170 4487
f 4672 4172 4171
f 4209 3712 4859
f 4667 3765 3767
f 3912 3914 4274
f 3914 4988 4677
f 4610 4354 3954
f 3759 3761 4418
f 4748 4094 4093
f 3830 3832 3880
f 4767 4391 4390
f 4467 4727 4468
f 4325 4695 4406
f 4354 3749 3748
f 4650 4595 4651
f 3999 4625 4651
f 4532 4743 4961
f 3748 4000 3954
f 4695 3813 3812
f 4189 4669 4511
f 4883 4882 4166
f 4995 4674 4746
f 4962 4674 4839
f 4983 3896 4402
f 4383 4110 4388
f 4564 4855 4749
f 4187 4158 4160
f 4769 4806 4868
f 4566 4533 4567
f 4922 4687 4921
f 4187 4706 3795
f 4907 4704 4515
f 4333 3770 3769
f 4600 4599 4869
f 3717 3716 3761
f 4298 3722 4354
f 4212 4168 4542
f 4908 4907 4265
f 4545 4719 4977
f 3853 4511 4109
f 4199 4816 4565
f 4538 4224 4325
f 4695 4224 4223
f 3776 3938 4209
f 3712 3938 3937
f 4304 4305 4885
f 4994 3705 4719
f 4348 4295 4248
f 4666 4683 3765
f 4683 4927 4425
f 4845 4351 4493
f 4717 4718 4660
f 4646 4402 4647
f 4530 4971 3683
f 3738 4613 4459
f 4990 4714 4315
f 4117 4836 4573
f 4314 4316 4799
f 4798 4316 4715
f 3855 3968 4929
f 4954 3796 4379
f 4611 4615 4037
f 3864 4082 4702
f 3797 4233 3795
f 4631 4633 4431
f 4633 4632 4704
f 4594 4763 4595
f 4698 4763 4336
f 3816 3815 4346
f 3845 4412 4984
f 4638 4337 4185
f 3759 3741 3760
f 4002 4740 4822
f 3868 3808 4933
f 4341 3807 4586
f 4506 4192 4297
f 4998 4953 4999
f 4407 4232 4406
f 4363 4754 4958
f 4251 4638 4407
f 4186 4185 4337
f 3770 4397 4635
f 4370 4998 4368
f 4966 3899 4947
f 4218 4242 3899
f 3795 4230 4187
f 4230 4233 4231
f 4933 4211 4355
f 4769 4996 4768
f 4523 4403 4524
f 4449 4707 4845
f 4295 4707 4293
f 4951 4357 4510
f 4411 4714 4409
f 4708 4282 4284
f 4724 3959 3784
f 3994 4884 3995
f 3694 4865 4977
f 4996 4993 4768
f 4903 4146 3872
f 3799 4999 4323
f 4514 4513 4982
f 4572 3836 3838
f 4734 4088 4174
f 4642 4492 4491
f 4369 4087 4086
f 4854 4749 4855
f 3771 4302 3772
f 4371 4768 4753
f 3676 4091 4676
f 4721 4346 4345
f 3773 3772 4357
f 4204 4881 4352
f 4536 4894 4710
f 3851 4217 4216
f 4302 3876 4564
f 4684 4665 3951
f 4924 4455 4959
f 4345 3708 4721
f 4306 4386 4901
f 4254 4959 4455
f 4966 4219 4218
f 4724 4551 4243
f 4739 4451 3945
f 3873 4366 3871
f 4642 4366 3842
f 4767 4905 4503
f 3816 4722 4463
f 4547 4039 4548
f 4843 4841 4677
f 4542 4723 4684
f 4728 4468 4727
f 3939 3941 4192
f 4931 4872 4623
f 4722 4937 4464
f 4779 4177 3793
f 4904 4907 4906
f 4753 4541 4720
f 3749 4675 3747
f 3974 4470 4991
f 4069 4626 4070
f 4609 4273 4610
f 4718 4503 4905
f 3735 3737 4613
f 3824 4354 4737
f 4983 4783 3897
f 4086 4227 4725
f 4448 3882 4726
f 4219 4966 4962
f 4811 4580 4596
f 4429 4908 3863
f 4950 3980 4608
f 4548 4039 4038
f 3937 3775 4898
f 3933 4899 3774
f 4536 4585 4894
f 3824 3974 4533
f 4581 4290 4664
f 4091 4685 3777
f 4502 4518 4469
f 4540 4581 4652
f 4228 3700 4197
f 4469 4518 4467
f 3912 3879 3913
f 3790 3852 3791
f 3866 3786 4491
f 4566 4443 4326
f 4940 4323 4980
f 4610 4737 4354
f 3672 4860 3670
f 3807 4341 4340
f 4150 3837 4817
f 4194 4255 4394
f 4957 4562 4861
f 3860 3859 4304
f 4579 4360 4893
f 4991 4968 3974
f 4143 3820 3670
f 4108 4102 4910
f 4905 4660 4718
f 4918 3937 4898
f 4316 4315 4714
f 4970 4969 4984
f 3881 4368 3799
f 4368 4087 4369
f 4605 4517 3997
f 4787 4696 3936
f 4943 3801 4984
f 4612 4260 4967
f 3758 4901 4452
f 4998 3799 4368
f 4438 4272 4861
f 4909 4806 3745
f 4876 4644 4395
f 4670 4710 4894
f 3682 3684 4601
f 4813 4861 4272
f 4272 4438 4553
f 4620 4735 4778
f 4321 3756 4558
f 4473 4683 4425
f 4995 4675 4674
f 4339 4688 4556
f 3794 4376 4375
f 4956 4702 4082
f 4997 4700 4701
f 4001 4003 4843
f 4001 4843 4677
f 3706 4895 4446
f 4497 3841 4732
f 4328 4327 4441
f 4971 4530 4544
f 4541 4753 4993
f 4282 4708 4571
f 4536 4518 3847
f 4970 4984 4412
f 4229 3703 4219
f 4242 4218 3703
f 4309 4694 4307
f 4993 4996 4599
f 3795 4705 3796
f 3770 4647 3681
f 3903 4743 4742
f 3992 3991 4795
f 3830 3880 4655
f 3945 4400 4739
f 4914 4559 4440
f 4663 4661 4177
f 4936 3997 3999
f 4306 4153 4500
f 4412 4238 4413
f 4547 4658 4039
f 4596 4595 4812
f 4595 4650 4812
f 4993 4753 4768
f 4157 4901 4385
f 3904 4742 4935
f 4981 4742 4741
f 4038 4129 4548
f 4658 4118 4261
f 4585 4586 4894
f 4273 4553 4738
f 3928 4553 4438
f 4678 4677 4841
f 4158 4187 4186
f 4490 4630 4310
f 4001 4677 4002
f 3842 4492 4642
f 4000 3942 3752
f 4998 4999 3799
f 4323 4999 4980
f 4340 4602 4356
f 3996 4007 4473
f 4520 4083 3833
f 4809 4623 3778
f 4321 4320 4567
f 3671 3819 4532
f 3946 4524 4403
f 4934 4510 4750
f 4327 4443 4441
f 4000 3747 3942
f 4624 4651 4625
f 5000 2547 2545
f 2547 5000 2583
f 2533 5001 2558
f 5001 2533 3273
f 5002 2542 2541
f 2542 5002 2561
f 2569 5003 2571
f 5003 2569 3482
f 5004 2596 2595
f 2596 5004 2615
f 5005 2601 2599
f 2601 5005 2637
f 2587 5006 2612
f 5006 2587 3457
f 2623 5007 2625
f 5007 2623 3651
f 2646 5008 2648
f 5008 2646 3627
f 2655 5009 2659
f 5009 2655 3569
f 5010 2666 2663
f 2666 5010 3492
f 2641 5011 2676
f 5011 2641 3648
f 2685 5012 2687
f 5012 2685 3581
f 5013 2694 2695
f 2694 5013 2724
f 2680 5014 2704
f 5014 2680 2764
f 2713 5015 2715
f 5015 2713 2767
f 2708 5016 2730
f 5016 2708 2787
f 2740 5017 2744
f 5017 2740 2835
f 5018 2751 2748
f 2751 5018 2870
f 5019 2773 2771
f 2773 5019 3200
f 5020 2821 2820
f 2821 5020 2829
f 5021 2838 2839
f 2838 5021 2876
f 5022 2894 3044
f 2894 5022 3116
f 5023 2894 2958
f 2894 5023 2965
f 5024 2894 2893
f 2894 5024 2902
f 5025 2942 2943
f 2942 5025 3000
f 5026 2980 2981
f 2980 5026 2988
f 5027 3023 3021
f 3023 5027 3030
f 5028 3007 3008
f 3007 5028 3065
f 5029 3088 3086
f 3088 5029 3095
f 5030 3072 3073
f 3072 5030 3130
f 5031 3165 3164
f 3165 5031 3225
f 2768 5032 2794
f 5032 2768 3178
f 3186 5033 3188
f 5033 3186 3243
f 5034 3203 3204
f 3203 5034 3276
f 3212 5035 3216
f 5035 3212 3324
f 5036 3232 3233
f 3232 5036 3240
f 5037 3251 3252
f 3251 5037 3264
f 5038 3336 3337
f 3336 5038 3479
f 3344 5039 3346
f 5039 3344 3460
f 3353 5040 3357
f 5040 3353 3443
f 3328 5041 3361
f 5041 3328 3377
f 5042 3446 3447
f 3446 5042 3489
f 5043 3595 3593
f 3595 5043 3612
f 5044 3573 3574
f 3573 5044 3608
f 3600 5045 3621
f 5045 3600 3624
f 3635 5046 3639
f 5046 3635 3658
g Body1

v -1.732000 -0.212000 0.024000
v -1.732000 -0.212000 -0.002000
v -1.638000 -0.172000 0.023250
v -1.638000 -0.172000 -0.002000
v -1.540000 -0.140000 0.024000
v -1.540000 -0.140000 -0.002000
v -1.442000 -0.118000 0.023250
v -1.442000 -0.118000 -0.002000
v -1.340000 -0.104000 0.024000
v -1.340000 -0.104000 -0.002000
v -1.238000 -0.100000 0.023250
v -1.238000 -0.100000 -0.002000
v -1.240000 -0.188000 -0.002750
v -1.240000 -0.192000 0.012000
v -1.240000 -0.188000 0.024000
v -1.238000 -0.274000 0.024000
v -1.238000 -0.274000 -0.002000
v -1.242000 -0.334000 0.012000
v -1.246000 -0.390000 -0.002000
v -1.246000 -0.390000 0.024000
v -1.352000 -0.342000 0.012000
v -1.360000 -0.338000 -0.002000
v -1.462000 -0.298000 0.012000
v -1.480000 -0.292000 -0.002000
v -1.594000 -0.252000 0.012000
v -1.604000 -0.250000 -0.002000
v -1.604000 -0.250000 0.024000
v -1.480000 -0.292000 0.024000
v -1.360000 -0.338000 0.024000
v -1.136000 -0.104000 0.024000
v -1.136000 -0.104000 -0.002000
v -1.036000 -0.118000 0.023250
v -1.036000 -0.118000 -0.002000
v -0.936000 -0.140000 0.024000
v -0.936000 -0.140000 -0.002000
v -0.840000 -0.172000 0.023250
v -0.840000 -0.172000 -0.002000
v -0.746000 -0.212000 0.024000
v -0.746000 -0.212000 -0.002000
v -0.874000 -0.250000 -0.002000
v -0.882000 -0.252000 0.012000
v -0.874000 -0.250000 0.024000
v -0.998000 -0.292000 0.024000
v -1.012000 -0.296000 0.012000
v -1.116000 -0.338000 0.024000
v -1.124000 -0.342000 0.012000
v -1.230000 -0.390000 0.024000
v -1.230000 -0.390000 -0.002000
v -1.116000 -0.338000 -0.002000
v -0.998000 -0.292000 -0.002000
v -1.236000 -0.334000 0.012000
v -1.236000 -0.192000 0.012000
v -1.236000 -0.188000 -0.002000
v -1.236000 -0.188000 0.024000
v -0.212000 -0.746000 0.024000
v -0.212000 -0.746000 -0.002000
v -0.172000 -0.840000 0.023250
v -0.172000 -0.840000 -0.002000
v -0.140000 -0.936000 0.024000
v -0.140000 -0.936000 -0.002000
v -0.118000 -1.036000 0.023250
v -0.118000 -1.036000 -0.002000
v -0.104000 -1.136000 0.024000
v -0.104000 -1.136000 -0.002000
v -0.100000 -1.238000 0.023250
v -0.100000 -1.238000 -0.002000
v -0.188000 -1.236000 -0.002750
v -0.192000 -1.236000 0.012000
v -0.188000 -1.236000 0.024000
v -0.274000 -1.238000 0.024000
v -0.274000 -1.238000 -0.002000
v -0.334000 -1.236000 0.012000
v -0.390000 -1.230000 -0.002000
v -0.390000 -1.230000 0.024000
v -0.342000 -1.124000 0.012000
v -0.338000 -1.116000 -0.002000
v -0.298000 -1.014000 0.012000
v -0.292000 -0.998000 -0.002000
v -0.252000 -0.882000 0.012000
v -0.250000 -0.874000 -0.002000
v -0.250000 -0.874000 0.024000
v -0.292000 -0.998000 0.024000
v -0.338000 -1.116000 0.024000
v -0.104000 -1.340000 0.024000
v -0.104000 -1.340000 -0.002000
v -0.118000 -1.442000 0.023250
v -0.118000 -1.442000 -0.002000
v -0.140000 -1.540000 0.024000
v -0.140000 -1.540000 -0.002000
v -0.172000 -1.638000 0.023250
v -0.172000 -1.638000 -0.002000
v -0.212000 -1.732000 0.024000
v -0.212000 -1.732000 -0.002000
v -0.250000 -1.604000 -0.002000
v -0.252000 -1.596000 0.012000
v -0.250000 -1.604000 0.024000
v -0.292000 -1.480000 0.024000
v -0.296000 -1.466000 0.012000
v -0.338000 -1.360000 0.024000
v -0.342000 -1.354000 0.012000
v -0.390000 -1.246000 0.024000
v -0.390000 -1.246000 -0.002000
v -0.338000 -1.360000 -0.002000
v -0.292000 -1.480000 -0.002000
v -0.334000 -1.242000 0.012000
v -0.192000 -1.240000 0.012000
v -0.188000 -1.240000 -0.002000
v -0.188000 -1.240000 0.024000
v -0.350000 -1.950000 0.024000
v -0.350000 -1.950000 -0.002000
v -0.404000 -2.014000 0.023250
v -0.404000 -2.014000 -0.002000
v -0.464000 -2.072000 0.024000
v -0.464000 -2.072000 -0.002000
v -0.528000 -2.128000 0.023250
v -0.528000 -2.128000 -0.002000
v -0.626000 -2.060000 -0.002000
v -0.636000 -2.054000 0.012000
v -0.626000 -2.060000 0.024000
v -0.720000 -1.994000 0.024000
v -0.736000 -1.982000 0.012000
v -0.804000 -1.926000 0.024000
v -0.812000 -1.920000 0.012000
v -0.884000 -1.858000 0.024000
v -0.884000 -1.858000 -0.002000
v -0.804000 -1.926000 -0.002000
v -0.720000 -1.994000 -0.002000
v -0.812000 -1.798000 0.012000
v -0.812000 -1.798000 -0.002000
v -0.744000 -1.734000 0.011250
v -0.744000 -1.734000 -0.002000
v -0.680000 -1.666000 0.012000
v -0.680000 -1.666000 -0.002000
v -0.618000 -1.594000 -0.002000
v -0.618000 -1.594000 0.024000
v -0.680000 -1.666000 0.024000
v -0.744000 -1.734000 0.024000
v -0.812000 -1.798000 0.024000
v -0.558000 -1.664000 0.012000
v -0.550000 -1.672000 -0.002000
v -0.498000 -1.740000 0.012000
v -0.484000 -1.758000 -0.002000
v -0.424000 -1.840000 0.012000
v -0.416000 -1.850000 -0.002000
v -0.416000 -1.850000 0.024000
v -0.484000 -1.758000 0.024000
v -0.550000 -1.672000 0.024000
v -1.950000 -2.128000 0.024000
v -1.950000 -2.128000 -0.002000
v -1.880000 -2.178000 0.023250
v -1.880000 -2.178000 -0.002000
v -1.808000 -2.224000 0.024000
v -1.808000 -2.224000 -0.002000
v -1.732000 -2.264000 0.023250
v -1.732000 -2.264000 -0.002000
v -1.874000 -2.300000 0.012000
v -1.884000 -2.302000 -0.002000
v -2.022000 -2.328000 0.012000
v -2.042000 -2.332000 -0.002000
v -2.196000 -2.356000 0.012000
v -2.208000 -2.358000 -0.002000
v -2.376000 -2.376000 0.000000
v -2.376000 -2.376000 0.024000
v -2.208000 -2.358000 0.023250
v -2.042000 -2.332000 0.024000
v -1.884000 -2.302000 0.024000
v -2.262000 -2.314000 -0.002000
v -2.254000 -2.310000 0.012000
v -2.262000 -2.314000 0.024000
v -2.152000 -2.252000 0.024000
v -2.138000 -2.244000 0.012000
v -2.048000 -2.190000 0.024000
v -2.042000 -2.186000 0.012000
v -2.048000 -2.190000 -0.002000
v -2.152000 -2.252000 -0.002000
v -2.264000 -1.732000 0.024000
v -2.264000 -1.732000 -0.002000
v -2.224000 -1.808000 0.023250
v -2.224000 -1.808000 -0.002000
v -2.178000 -1.880000 0.024000
v -2.178000 -1.880000 -0.002000
v -2.128000 -1.950000 0.023250
v -2.128000 -1.950000 -0.002000
v -2.186000 -2.040000 0.012000
v -2.190000 -2.048000 -0.002000
v -2.244000 -2.138000 0.012000
v -2.252000 -2.152000 -0.002000
v -2.310000 -2.254000 0.012000
v -2.314000 -2.262000 -0.002000
v -2.314000 -2.262000 0.024000
v -2.252000 -2.152000 0.024000
v -2.190000 -2.048000 0.024000
v -2.358000 -2.208000 -0.002000
v -2.356000 -2.198000 0.012000
v -2.358000 -2.208000 0.024000
v -2.332000 -2.042000 0.024000
v -2.330000 -2.024000 0.012000
v -2.302000 -1.884000 0.024000
v -2.300000 -1.876000 0.012000
v -2.302000 -1.884000 -0.002000
v -2.332000 -2.042000 -0.002000
v -2.060000 -1.850000 -0.002750
v -2.054000 -1.842000 0.012000
v -2.060000 -1.850000 0.024000
v -1.994000 -1.758000 0.024000
v -1.982000 -1.742000 0.012000
v -1.926000 -1.672000 0.024000
v -1.920000 -1.664000 0.012000
v -1.858000 -1.594000 0.024000
v -1.858000 -1.594000 -0.002000
v -1.926000 -1.672000 -0.002000
v -1.994000 -1.758000 -0.002000
v -1.798000 -1.666000 0.012000
v -1.798000 -1.666000 -0.002000
v -1.734000 -1.732000 0.011250
v -1.734000 -1.734000 -0.002000
v -1.666000 -1.798000 0.012000
v -1.666000 -1.798000 -0.002000
v -1.594000 -1.858000 -0.002000
v -1.594000 -1.858000 0.024000
v -1.666000 -1.798000 0.024000
v -1.734000 -1.734000 0.024000
v -1.798000 -1.666000 0.024000
v -1.664000 -1.920000 0.012000
v -1.672000 -1.926000 -0.002000
v -1.740000 -1.980000 0.012000
v -1.758000 -1.994000 -0.002000
v -1.840000 -2.054000 0.012000
v -1.850000 -2.060000 -0.002000
v -1.850000 -2.060000 0.023250
v -1.758000 -1.994000 0.024000
v -1.672000 -1.926000 0.024000
v -2.014000 -2.072000 0.024000
v -2.014000 -2.072000 -0.002000
v -2.072000 -2.014000 0.023250
v -2.072750 -2.014000 -0.002000
v -2.376000 -1.238000 -0.002000
v -2.288000 -1.240000 -0.002000
v -2.376750 -1.238000 0.024000
v -2.286000 -1.240000 0.012000
v -2.288000 -1.240000 0.024000
v -2.202000 -1.238000 0.024000
v -2.202000 -1.238000 -0.002000
v -2.142000 -1.242000 0.012000
v -2.086000 -1.246000 -0.002000
v -2.086000 -1.246000 0.024000
v -2.136000 -1.352000 0.012000
v -2.138000 -1.360000 -0.002000
v -2.180000 -1.462000 0.012000
v -2.186000 -1.480000 -0.002000
v -2.224000 -1.594000 0.012000
v -2.228000 -1.604000 -0.002000
v -2.228000 -1.604000 0.023250
v -2.186000 -1.480000 0.024000
v -2.138000 -1.360000 0.024000
v -2.304000 -1.638000 0.024000
v -2.304000 -1.638000 -0.002000
v -2.336000 -1.540000 0.023250
v -2.336000 -1.540000 -0.002000
v -2.358000 -1.442000 0.024000
v -2.358000 -1.442000 -0.002000
v -2.372000 -1.340000 0.023250
v -2.372000 -1.340000 -0.002000
v -1.918000 -1.516000 0.012000
v -1.920000 -1.512000 -0.002000
v -1.972000 -1.436000 0.012000
v -1.976000 -1.428000 -0.002000
v -2.028000 -1.344000 0.012000
v -2.030000 -1.340000 -0.002000
v -2.078000 -1.246000 -0.002000
v -2.078000 -1.246000 0.024000
v -2.030000 -1.340000 0.023250
v -1.976000 -1.428000 0.024000
v -1.920000 -1.512000 0.024000
v -2.014000 -1.254000 -0.002750
v -2.006000 -1.256000 0.012000
v -2.014000 -1.254000 0.024000
v -1.950000 -1.266000 0.024000
v -1.936000 -1.268000 0.012000
v -1.890000 -1.278000 0.024000
v -1.870000 -1.282000 0.012000
v -1.832000 -1.292000 0.024000
v -1.806000 -1.300000 0.012000
v -1.776000 -1.310000 0.024000
v -1.758000 -1.318000 0.012000
v -1.724000 -1.330000 0.024000
v -1.712000 -1.336000 0.012000
v -1.672000 -1.354000 0.024000
v -1.668000 -1.356000 0.012000
v -1.626000 -1.380000 0.024000
v -1.626000 -1.380000 -0.002000
v -1.672750 -1.354000 -0.002000
v -1.724000 -1.330000 -0.002000
v -1.776000 -1.310000 -0.002000
v -1.832000 -1.292000 -0.002000
v -1.890000 -1.278000 -0.002000
v -1.950000 -1.266000 -0.002000
v -1.678000 -1.420000 0.012000
v -1.684000 -1.424000 -0.002000
v -1.730000 -1.464000 0.012000
v -1.742000 -1.474000 -0.002000
v -1.794000 -1.526000 0.012000
v -1.800000 -1.532000 -0.002000
v -1.800000 -1.532000 0.024000
v -1.742000 -1.474000 0.024000
v -1.684000 -1.424000 0.024000
v -1.380000 -1.626000 -0.002000
v -1.354000 -1.672000 -0.002000
v -1.380000 -1.626000 0.024000
v -1.338000 -1.708000 0.012000
v -1.354000 -1.672000 0.024000
v -1.330000 -1.724000 0.024000
v -1.310000 -1.776000 0.024000
v -1.304000 -1.798000 0.012000
v -1.292000 -1.832000 0.024000
v -1.284000 -1.862000 0.012000
v -1.278000 -1.890000 0.024000
v -1.268000 -1.932000 0.012000
v -1.266000 -1.950000 0.024000
v -1.256000 -2.004000 0.012000
v -1.254000 -2.014000 0.024000
v -1.246000 -2.078000 -0.002000
v -1.246000 -2.078000 0.024000
v -1.330000 -1.724000 -0.002000
v -1.310000 -1.776000 -0.002000
v -1.292000 -1.832000 -0.002000
v -1.278000 -1.890000 -0.002000
v -1.266000 -1.950000 -0.002000
v -1.254000 -2.014000 -0.002000
v -1.340000 -2.030000 -0.002750
v -1.342000 -2.028000 0.012000
v -1.340000 -2.030000 0.024000
v -1.428000 -1.976000 0.024000
v -1.434000 -1.974000 0.012000
v -1.512000 -1.920000 0.024000
v -1.516000 -1.918000 0.012000
v -1.512000 -1.920000 -0.002000
v -1.428000 -1.976000 -0.002000
v -1.532000 -1.800000 -0.002000
v -1.526000 -1.796000 0.012000
v -1.532000 -1.800000 0.024000
v -1.474000 -1.742000 0.024000
v -1.466000 -1.732000 0.012000
v -1.424000 -1.684000 0.024000
v -1.420000 -1.678000 0.012000
v -1.424000 -1.684000 -0.002000
v -1.474000 -1.742000 -0.002000
v -1.576000 -1.346000 -0.002750
v -1.574000 -1.344000 0.012000
v -1.576000 -1.346000 0.024000
v -1.528000 -1.318000 0.024000
v -1.522000 -1.314000 0.012000
v -1.480000 -1.294000 0.024000
v -1.470000 -1.290000 0.012000
v -1.432000 -1.274000 0.024000
v -1.420000 -1.270000 0.012000
v -1.384000 -1.258000 0.024000
v -1.374000 -1.256000 0.012000
v -1.336000 -1.248000 0.024000
v -1.328000 -1.246000 0.012000
v -1.286000 -1.240000 0.024000
v -1.284000 -1.240000 0.012000
v -1.238000 -1.238000 0.024000
v -1.238000 -1.238000 -0.002000
v -1.286000 -1.240000 -0.002000
v -1.336000 -1.248000 -0.002000
v -1.384000 -1.258000 -0.002000
v -1.432000 -1.274000 -0.002000
v -1.480000 -1.294000 -0.002000
v -1.528000 -1.318000 -0.002000
v -1.240000 -1.280000 0.012000
v -1.240000 -1.286000 -0.002000
v -1.246000 -1.322000 0.012000
v -1.248000 -1.336000 -0.002000
v -1.254000 -1.362000 0.012000
v -1.258000 -1.384000 -0.002000
v -1.264000 -1.404000 0.012000
v -1.274000 -1.432000 -0.002000
v -1.284000 -1.460000 0.012000
v -1.294000 -1.480000 -0.002000
v -1.310000 -1.514000 0.012000
v -1.318000 -1.528000 -0.002000
v -1.342000 -1.570000 0.012000
v -1.346000 -1.576000 -0.002000
v -1.346000 -1.576000 0.023250
v -1.318000 -1.528000 0.024000
v -1.294000 -1.480000 0.024000
v -1.274000 -1.432000 0.024000
v -1.258000 -1.384000 0.024000
v -1.248000 -1.336000 0.024000
v -1.240000 -1.286000 0.024000
v -1.402000 -1.588000 -0.002750
v -1.402000 -1.588000 0.024000
v -1.428000 -1.554000 0.012000
v -1.428000 -1.552000 0.024000
v -1.456000 -1.518000 0.024000
v -1.482000 -1.490000 0.012000
v -1.486000 -1.486000 0.024000
v -1.516000 -1.458000 0.012000
v -1.518000 -1.456000 0.024000
v -1.550000 -1.430000 0.012000
v -1.552000 -1.428000 0.024000
v -1.586000 -1.404000 0.012000
v -1.588000 -1.402000 0.024000
v -1.428000 -1.552000 -0.002000
v -1.456000 -1.518000 -0.002000
v -1.486000 -1.486000 -0.002000
v -1.518000 -1.456000 -0.002000
v -1.552000 -1.428000 -0.002000
v -1.588000 -1.402000 -0.002000
v -1.098000 -1.626000 -0.002000
v -1.130000 -1.576000 -0.002000
v -1.098000 -1.626000 0.024000
v -1.132000 -1.574000 0.012000
v -1.130000 -1.576000 0.024000
v -1.158000 -1.528000 0.024000
v -1.162000 -1.522000 0.012000
v -1.184000 -1.480000 0.024000
v -1.188000 -1.470000 0.012000
v -1.202000 -1.432000 0.024000
v -1.208000 -1.420000 0.012000
v -1.218000 -1.384000 0.024000
v -1.220000 -1.374000 0.012000
v -1.230000 -1.336000 0.024000
v -1.230000 -1.328000 0.012000
v -1.236000 -1.286000 0.024000
v -1.236000 -1.284000 0.012000
v -1.236000 -1.286000 -0.002000
v -1.230000 -1.336000 -0.002000
v -1.218000 -1.384000 -0.002000
v -1.202000 -1.432000 -0.002000
v -1.184000 -1.480000 -0.002000
v -1.158000 -1.528000 -0.002000
v -1.198000 -1.240000 0.012000
v -1.190000 -1.240000 -0.002000
v -1.156000 -1.246000 0.012000
v -1.142000 -1.248000 -0.002000
v -1.114000 -1.254000 0.012000
v -1.094000 -1.258000 -0.002000
v -1.072000 -1.264000 0.012000
v -1.046000 -1.274000 -0.002000
v -1.018000 -1.284000 0.012000
v -0.996000 -1.294000 -0.002000
v -0.962000 -1.310000 0.012000
v -0.948000 -1.318000 -0.002000
v -0.908000 -1.342000 0.012000
v -0.900000 -1.346000 -0.002000
v -0.852000 -1.380000 -0.002000
v -0.852000 -1.380000 0.024000
v -0.900000 -1.346000 0.024000
v -0.948000 -1.318000 0.024000
v -0.996000 -1.294000 0.024000
v -1.046000 -1.274000 0.024000
v -1.094000 -1.258000 0.024000
v -1.142000 -1.248000 0.024000
v -1.190000 -1.240000 0.024000
v -0.890000 -1.402000 -0.002000
v -0.890000 -1.402000 0.024000
v -0.924000 -1.428000 0.012000
v -0.926000 -1.428000 0.024000
v -0.960000 -1.456000 0.024000
v -0.988000 -1.482000 0.012000
v -0.990000 -1.486000 0.024000
v -1.018000 -1.516000 0.012000
v -1.020000 -1.518000 0.024000
v -1.046000 -1.550000 0.012000
v -1.048000 -1.552000 0.024000
v -1.074000 -1.586000 0.012000
v -1.074000 -1.588000 0.024000
v -0.926000 -1.428000 -0.002000
v -0.960000 -1.456000 -0.002000
v -0.990000 -1.486000 -0.002000
v -1.020000 -1.518000 -0.002000
v -1.048000 -1.552000 -0.002000
v -1.074000 -1.588000 -0.002000
v -1.098000 -0.852000 -0.002000
v -1.074000 -0.890000 -0.002000
v -1.098000 -0.852000 0.024000
v -1.074000 -0.890000 0.024000
v -1.050000 -0.924000 0.012000
v -1.048000 -0.926000 0.024000
v -1.020000 -0.960000 0.024000
v -0.994000 -0.988000 0.012000
v -0.990000 -0.990000 0.024000
v -0.962000 -1.018000 0.012000
v -0.960000 -1.020000 0.024000
v -0.928000 -1.046000 0.012000
v -0.926000 -1.048000 0.024000
v -0.890000 -1.074000 0.012000
v -0.890000 -1.074000 0.024000
v -0.852000 -1.098000 -0.002000
v -0.852000 -1.098000 0.024000
v -1.048000 -0.926000 -0.002000
v -1.020000 -0.960000 -0.002000
v -0.990000 -0.990000 -0.002000
v -0.960000 -1.020000 -0.002000
v -0.926000 -1.048000 -0.002000
v -0.890000 -1.074000 -0.002000
v -0.900000 -1.130000 -0.002000
v -0.904000 -1.132000 0.012000
v -0.900000 -1.130000 0.024000
v -0.948000 -1.158000 0.024000
v -0.954000 -1.162000 0.012000
v -0.996000 -1.184000 0.024000
v -1.006000 -1.188000 0.012000
v -1.046000 -1.202000 0.024000
v -1.058000 -1.208000 0.012000
v -1.094000 -1.218000 0.024000
v -1.102000 -1.220000 0.012000
v -1.142000 -1.230000 0.024000
v -1.148000 -1.230000 0.012000
v -1.190000 -1.236000 0.024000
v -1.194000 -1.236000 0.012000
v -1.190000 -1.236000 -0.002000
v -1.142000 -1.230000 -0.002000
v -1.094000 -1.218000 -0.002000
v -1.046000 -1.202000 -0.002000
v -0.996000 -1.184000 -0.002000
v -0.948000 -1.158000 -0.002000
v -1.236000 -1.198000 0.012000
v -1.236000 -1.190000 -0.002000
v -1.232000 -1.156000 0.012000
v -1.230000 -1.142000 -0.002000
v -1.224000 -1.114000 0.012000
v -1.218000 -1.094000 -0.002000
v -1.212000 -1.072000 0.012000
v -1.202000 -1.046000 -0.002000
v -1.192000 -1.018000 0.012000
v -1.184000 -0.996000 -0.002000
v -1.166000 -0.962000 0.012000
v -1.158000 -0.948000 -0.002000
v -1.134000 -0.908000 0.012000
v -1.130000 -0.900000 -0.002000
v -1.130000 -0.900000 0.024000
v -1.158000 -0.948000 0.024000
v -1.184000 -0.996000 0.024000
v -1.202000 -1.046000 0.024000
v -1.218000 -1.094000 0.024000
v -1.230000 -1.142000 0.024000
v -1.236000 -1.190000 0.024000
v -1.626000 -1.098000 -0.002000
v -1.588000 -1.074000 -0.002000
v -1.626000 -1.098000 0.024000
v -1.588000 -1.074000 0.024000
v -1.554000 -1.050000 0.012000
v -1.552000 -1.048000 0.024000
v -1.518000 -1.020000 0.024000
v -1.490000 -0.994000 0.012000
v -1.486000 -0.990000 0.024000
v -1.458000 -0.962000 0.012000
v -1.456000 -0.960000 0.024000
v -1.430000 -0.928000 0.012000
v -1.428000 -0.926000 0.024000
v -1.404000 -0.890000 0.012000
v -1.402000 -0.890000 0.024000
v -1.380000 -0.852000 -0.002000
v -1.380000 -0.852000 0.024000
v -1.552000 -1.048000 -0.002000
v -1.518000 -1.020000 -0.002000
v -1.486000 -0.990000 -0.002000
v -1.456000 -0.960000 -0.002000
v -1.428000 -0.926000 -0.002000
v -1.402000 -0.890000 -0.002000
v -1.346000 -0.900000 -0.002000
v -1.344000 -0.904000 0.012000
v -1.346000 -0.900000 0.024000
v -1.318000 -0.948000 0.024000
v -1.314000 -0.954000 0.012000
v -1.294000 -0.996000 0.024000
v -1.290000 -1.006000 0.012000
v -1.274000 -1.046000 0.024000
v -1.270000 -1.058000 0.012000
v -1.258000 -1.094000 0.024000
v -1.256000 -1.102000 0.012000
v -1.248000 -1.142000 0.024000
v -1.246000 -1.148000 0.012000
v -1.240000 -1.190000 0.024000
v -1.240000 -1.194000 0.012000
v -1.240000 -1.190000 -0.002000
v -1.248000 -1.142000 -0.002000
v -1.258000 -1.094000 -0.002000
v -1.274000 -1.046000 -0.002000
v -1.294000 -0.996000 -0.002000
v -1.318000 -0.948000 -0.002000
v -1.280000 -1.236000 0.012000
v -1.286000 -1.236000 -0.002000
v -1.322000 -1.232000 0.012000
v -1.336000 -1.230000 -0.002000
v -1.362000 -1.224000 0.012000
v -1.384000 -1.218000 -0.002000
v -1.404000 -1.212000 0.012000
v -1.432000 -1.202000 -0.002000
v -1.460000 -1.192000 0.012000
v -1.480000 -1.184000 -0.002000
v -1.514000 -1.166000 0.012000
v -1.528000 -1.158000 -0.002000
v -1.570000 -1.134000 0.012000
v -1.576000 -1.130000 -0.002000
v -1.576000 -1.130000 0.024000
v -1.528000 -1.158000 0.024000
v -1.480000 -1.184000 0.024000
v -1.432000 -1.202000 0.024000
v -1.384000 -1.218000 0.024000
v -1.336000 -1.230000 0.024000
v -1.286000 -1.236000 0.024000
v -1.672000 -1.124000 -0.002750
v -1.708000 -1.140000 0.012000
v -1.672000 -1.124000 0.024000
v -1.724000 -1.146000 0.024000
v -1.776000 -1.166000 0.024000
v -1.798000 -1.174000 0.012000
v -1.832000 -1.184000 0.024000
v -1.862000 -1.192000 0.012000
v -1.890000 -1.200000 0.024000
v -1.932000 -1.208000 0.012000
v -1.950000 -1.212000 0.024000
v -2.004000 -1.220000 0.012000
v -2.014000 -1.222000 0.024000
v -2.078000 -1.230000 -0.002000
v -2.078000 -1.230000 0.024000
v -1.724000 -1.146000 -0.002000
v -1.776000 -1.166000 -0.002000
v -1.832000 -1.184000 -0.002000
v -1.890000 -1.200000 -0.002000
v -1.950000 -1.212000 -0.002000
v -2.014000 -1.222000 -0.002000
v -2.030000 -1.138000 -0.002750
v -2.028000 -1.134000 0.012000
v -2.030000 -1.138000 0.024000
v -1.976000 -1.048000 0.024000
v -1.974000 -1.044000 0.012000
v -1.920000 -0.964000 0.024000
v -1.918000 -0.962000 0.012000
v -1.858000 -0.884000 0.024000
v -1.858000 -0.884000 -0.002000
v -1.920000 -0.964000 -0.002000
v -1.976000 -1.048000 -0.002000
v -1.800000 -0.946000 -0.002750
v -1.796000 -0.950000 0.012000
v -1.800000 -0.946000 0.024000
v -1.742000 -1.002000 0.024000
v -1.732000 -1.012000 0.012000
v -1.684000 -1.052000 0.024000
v -1.678000 -1.058000 0.012000
v -1.684000 -1.052000 -0.002000
v -1.742000 -1.002000 -0.002000
v -2.372000 -1.136000 0.024000
v -2.372000 -1.136000 -0.002000
v -2.358000 -1.036000 0.023250
v -2.358000 -1.036000 -0.002000
v -2.336000 -0.936000 0.024000
v -2.336000 -0.936000 -0.002000
v -2.304000 -0.840000 0.023250
v -2.304000 -0.840000 -0.002000
v -2.264000 -0.746000 0.024000
v -2.264000 -0.746000 -0.002000
v -2.228000 -0.874000 -0.002000
v -2.226000 -0.882000 0.012000
v -2.228000 -0.874000 0.024000
v -2.186000 -0.998000 0.024000
v -2.180000 -1.012000 0.012000
v -2.138000 -1.116000 0.024000
v -2.136000 -1.124000 0.012000
v -2.086000 -1.230000 0.024000
v -2.086000 -1.230750 -0.002000
v -2.138000 -1.116000 -0.002000
v -2.186000 -0.998000 -0.002000
v -2.142000 -1.236000 0.012000
v -2.286000 -1.236000 0.012000
v -2.288000 -1.236000 -0.002000
v -2.288000 -1.236000 0.024000
v -1.950000 -0.350000 -0.002000
v -1.850000 -0.416000 -0.002000
v -1.950000 -0.350000 0.024000
v -1.842000 -0.422000 0.012000
v -1.850000 -0.416000 0.024000
v -1.758000 -0.484000 0.024000
v -1.742000 -0.496000 0.012000
v -1.672000 -0.550000 0.024000
v -1.664000 -0.558000 0.012000
v -1.594000 -0.618000 0.024000
v -1.594000 -0.618000 -0.002000
v -1.672000 -0.550000 -0.002000
v -1.758000 -0.484000 -0.002000
v -1.666000 -0.678000 0.012000
v -1.666000 -0.680000 -0.002000
v -1.732000 -0.742000 0.012000
v -1.734000 -0.744000 -0.002000
v -1.798000 -0.812000 0.012000
v -1.798000 -0.812000 -0.002000
v -1.798000 -0.812000 0.024000
v -1.734000 -0.744000 0.024000
v -1.666000 -0.680000 0.024000
v -1.920000 -0.814000 0.012000
v -1.926000 -0.804000 -0.002000
v -1.980000 -0.736000 0.012000
v -1.994000 -0.720000 -0.002000
v -2.054000 -0.636000 0.012000
v -2.060000 -0.626000 -0.002000
v -2.128000 -0.528000 -0.002000
v -2.128000 -0.528000 0.024000
v -2.060000 -0.626000 0.024000
v -1.994000 -0.720000 0.024000
v -1.926000 -0.804000 0.024000
v -2.072000 -0.464000 0.023250
v -2.072000 -0.464000 -0.002000
v -2.014000 -0.404000 0.024000
v -2.014750 -0.404000 -0.002000
v -2.178000 -0.596000 0.024000
v -2.178000 -0.596000 -0.002000
v -2.224000 -0.670000 0.023250
v -2.224000 -0.670000 -0.002000
v -2.300000 -0.602000 0.012000
v -2.302000 -0.592000 -0.002000
v -2.328000 -0.454000 0.012000
v -2.332000 -0.434000 -0.002000
v -2.356000 -0.280000 0.012000
v -2.358000 -0.270000 -0.002000
v -2.376000 -0.100000 0.000000
v -2.376000 -0.100000 0.024000
v -2.358000 -0.270000 0.024000
v -2.332000 -0.434000 0.024000
v -2.302000 -0.592000 0.024000
v -2.314000 -0.216000 -0.002000
v -2.310000 -0.222000 0.012000
v -2.314000 -0.216000 0.024000
v -2.252000 -0.326000 0.024000
v -2.244000 -0.338000 0.012000
v -2.190000 -0.430000 0.024000
v -2.186000 -0.436000 0.012000
v -2.190000 -0.430000 -0.002000
v -2.252000 -0.326000 -0.002000
v -2.208000 -0.120000 -0.002000
v -2.198000 -0.120000 0.012000
v -2.208000 -0.120000 0.024000
v -2.042000 -0.144000 0.024000
v -2.024000 -0.148000 0.012000
v -1.884000 -0.176000 0.024000
v -1.876000 -0.178000 0.012000
v -1.884000 -0.176000 -0.002000
v -2.042000 -0.144000 -0.002000
v -1.808000 -0.252000 0.024000
v -1.808000 -0.252000 -0.002000
v -1.880000 -0.298000 0.023250
v -1.880000 -0.298000 -0.002000
v -2.040000 -0.292000 0.012000
v -2.048000 -0.288000 -0.002000
v -2.138000 -0.234000 0.012000
v -2.152000 -0.224000 -0.002000
v -2.254000 -0.166000 0.012000
v -2.262000 -0.162000 -0.002000
v -2.262000 -0.162000 0.023250
v -2.152000 -0.224000 0.024000
v -2.048000 -0.288000 0.024000
v -1.516000 -0.560000 0.012000
v -1.512000 -0.558000 -0.002000
v -1.436000 -0.504000 0.012000
v -1.428000 -0.500000 -0.002000
v -1.344000 -0.450000 0.012000
v -1.340000 -0.448000 -0.002000
v -1.246000 -0.398000 -0.002000
v -1.246000 -0.398000 0.024000
v -1.340000 -0.448000 0.023250
v -1.428000 -0.500000 0.024000
v -1.512000 -0.558000 0.024000
v -1.254000 -0.464000 -0.002750
v -1.256000 -0.470000 0.012000
v -1.254000 -0.464000 0.024000
v -1.266000 -0.526000 0.024000
v -1.268000 -0.540000 0.012000
v -1.278000 -0.588000 0.024000
v -1.282000 -0.608000 0.012000
v -1.292000 -0.646000 0.024000
v -1.300000 -0.670000 0.012000
v -1.310000 -0.700000 0.024000
v -1.318000 -0.720000 0.012000
v -1.330000 -0.754000 0.024000
v -1.336000 -0.766000 0.012000
v -1.354000 -0.804000 0.024000
v -1.356000 -0.810000 0.012000
v -1.354000 -0.804000 -0.002000
v -1.330000 -0.754000 -0.002000
v -1.310000 -0.700000 -0.002000
v -1.292000 -0.646000 -0.002000
v -1.278000 -0.588000 -0.002000
v -1.266000 -0.526000 -0.002000
v -1.420000 -0.800000 0.012000
v -1.424000 -0.794000 -0.002000
v -1.464000 -0.746000 0.012000
v -1.474000 -0.734000 -0.002000
v -1.526000 -0.682000 0.012000
v -1.532000 -0.676000 -0.002000
v -1.532000 -0.676000 0.024000
v -1.474000 -0.734000 0.024000
v -1.424000 -0.794000 0.024000
v -0.884000 -0.618000 0.024000
v -0.884000 -0.618000 -0.002000
v -0.814000 -0.558000 0.012000
v -0.804000 -0.550000 -0.002000
v -0.736000 -0.498000 0.012000
v -0.720000 -0.484000 -0.002000
v -0.636000 -0.424000 0.012000
v -0.626000 -0.416000 -0.002000
v -0.528000 -0.350000 -0.002000
v -0.528000 -0.350000 0.024000
v -0.626000 -0.416000 0.024000
v -0.720000 -0.484000 0.024000
v -0.804000 -0.550000 0.024000
v -0.464000 -0.404000 0.023250
v -0.464000 -0.404000 -0.002000
v -0.404000 -0.464000 0.024000
v -0.404000 -0.464000 -0.002000
v -0.350000 -0.528000 0.023250
v -0.350000 -0.528000 -0.002000
v -0.416000 -0.626000 -0.002000
v -0.422000 -0.636000 0.012000
v -0.416000 -0.626000 0.024000
v -0.484000 -0.720000 0.024000
v -0.496000 -0.736000 0.012000
v -0.550000 -0.804000 0.024000
v -0.558000 -0.812000 0.012000
v -0.618000 -0.884000 0.024000
v -0.618000 -0.884000 -0.002000
v -0.550000 -0.804000 -0.002000
v -0.484000 -0.720000 -0.002000
v -0.678000 -0.812000 0.012000
v -0.680000 -0.812000 -0.002000
v -0.742000 -0.744000 0.012000
v -0.744000 -0.744000 -0.002000
v -0.812000 -0.680000 0.012000
v -0.812000 -0.680000 -0.002000
v -0.812000 -0.680000 0.024000
v -0.744000 -0.744000 0.024000
v -0.680000 -0.812000 0.024000
v -1.230000 -0.398000 -0.002000
v -1.138000 -0.448000 -0.002000
v -1.230750 -0.398000 0.024000
v -1.134000 -0.448000 0.012000
v -1.138000 -0.448000 0.024000
v -1.048000 -0.500000 0.024000
v -1.044000 -0.504000 0.012000
v -0.964000 -0.558000 0.024000
v -0.962000 -0.560000 0.012000
v -0.964000 -0.558000 -0.002000
v -1.048000 -0.500000 -0.002000
v -0.946000 -0.676000 -0.002000
v -0.950000 -0.682000 0.012000
v -0.946000 -0.676000 0.024000
v -1.002000 -0.734000 0.024000
v -1.012000 -0.746000 0.012000
v -1.052000 -0.794000 0.024000
v -1.058000 -0.798000 0.012000
v -1.052000 -0.794000 -0.002000
v -1.002000 -0.734000 -0.002000
v -1.124000 -0.804000 -0.002750
v -1.140000 -0.770000 0.012000
v -1.124000 -0.804000 0.024000
v -1.146000 -0.754000 0.024000
v -1.166000 -0.700000 0.024000
v -1.174000 -0.680000 0.012000
v -1.184000 -0.646000 0.024000
v -1.192000 -0.614000 0.012000
v -1.200000 -0.588000 0.024000
v -1.208000 -0.546000 0.012000
v -1.212000 -0.526000 0.024000
v -1.220000 -0.474000 0.012000
v -1.222000 -0.464000 0.024000
v -1.146000 -0.754000 -0.002000
v -1.166000 -0.700000 -0.002000
v -1.184000 -0.646000 -0.002000
v -1.200000 -0.588000 -0.002000
v -1.212000 -0.526000 -0.002000
v -1.222000 -0.464000 -0.002000
v -0.560000 -0.960000 0.012000
v -0.558000 -0.964000 -0.002000
v -0.504000 -1.042000 0.012000
v -0.500000 -1.048000 -0.002000
v -0.450000 -1.134000 0.012000
v -0.448000 -1.138000 -0.002000
v -0.398000 -1.230000 -0.002000
v -0.398000 -1.230000 0.024000
v -0.448000 -1.138000 0.023250
v -0.500000 -1.048000 0.024000
v -0.558000 -0.964000 0.024000
v -0.464000 -1.222000 -0.002750
v -0.470000 -1.222000 0.012000
v -0.464000 -1.222000 0.024000
v -0.526000 -1.212000 0.024000
v -0.540000 -1.210000 0.012000
v -0.588000 -1.200000 0.024000
v -0.608000 -1.194000 0.012000
v -0.646000 -1.184000 0.024000
v -0.670000 -1.176000 0.012000
v -0.700000 -1.166000 0.024000
v -0.720000 -1.160000 0.012000
v -0.754000 -1.146000 0.024000
v -0.766000 -1.142000 0.012000
v -0.804000 -1.124000 0.024000
v -0.810000 -1.120000 0.012000
v -0.804000 -1.124000 -0.002000
v -0.754000 -1.146000 -0.002000
v -0.700000 -1.166000 -0.002000
v -0.646000 -1.184000 -0.002000
v -0.588000 -1.200000 -0.002000
v -0.526000 -1.212000 -0.002000
v -0.800000 -1.058000 0.012000
v -0.794000 -1.052000 -0.002000
v -0.746000 -1.012000 0.012000
v -0.734000 -1.002000 -0.002000
v -0.682000 -0.952000 0.012000
v -0.676000 -0.946000 -0.002000
v -0.676000 -0.946000 0.024000
v -0.734000 -1.002000 0.024000
v -0.794000 -1.052000 0.024000
v -0.100000 -0.100000 0.000000
v -0.120000 -0.270000 -0.002000
v -0.100000 -0.100000 0.024000
v -0.120000 -0.280000 0.012000
v -0.120000 -0.270000 0.024000
v -0.144000 -0.434000 0.024000
v -0.148000 -0.452000 0.012000
v -0.176000 -0.592000 0.024000
v -0.178000 -0.602000 0.012000
v -0.176000 -0.592000 -0.002000
v -0.144000 -0.434000 -0.002000
v -0.252000 -0.670000 0.024000
v -0.252000 -0.670000 -0.002000
v -0.298000 -0.596000 0.023250
v -0.298750 -0.596000 -0.002000
v -0.292000 -0.436000 0.012000
v -0.288000 -0.430000 -0.002000
v -0.234000 -0.340000 0.012000
v -0.224000 -0.326000 -0.002000
v -0.166000 -0.224000 0.012000
v -0.162000 -0.216000 -0.002000
v -0.162000 -0.216000 0.024000
v -0.224000 -0.326000 0.024000
v -0.288000 -0.430000 0.024000
v -0.216000 -0.162000 -0.002000
v -0.222000 -0.166000 0.012000
v -0.216000 -0.162000 0.024000
v -0.326000 -0.224000 0.024000
v -0.338000 -0.232000 0.012000
v -0.430000 -0.288000 0.024000
v -0.436000 -0.292000 0.012000
v -0.430000 -0.288000 -0.002000
v -0.326000 -0.224000 -0.002000
v -0.596000 -0.298000 0.024000
v -0.596000 -0.298000 -0.002000
v -0.670000 -0.252000 0.023250
v -0.670000 -0.252000 -0.002000
v -0.602000 -0.178000 0.012000
v -0.592000 -0.176000 -0.002000
v -0.454000 -0.148000 0.012000
v -0.434000 -0.144000 -0.002000
v -0.280000 -0.120000 0.012000
v -0.270000 -0.120000 -0.002000
v -0.270000 -0.120000 0.023250
v -0.434000 -0.144000 0.024000
v -0.592000 -0.176000 0.024000
v -0.676000 -1.532000 -0.002000
v -0.682000 -1.526000 0.012000
v -0.676000 -1.532000 0.024000
v -0.734000 -1.474000 0.024000
v -0.746000 -1.466000 0.012000
v -0.794000 -1.424000 0.024000
v -0.798000 -1.420000 0.012000
v -0.794000 -1.424000 -0.002000
v -0.734000 -1.474000 -0.002000
v -0.804000 -1.354000 -0.002750
v -0.770000 -1.338000 0.012000
v -0.804000 -1.354000 0.024000
v -0.754000 -1.330000 0.024000
v -0.700000 -1.310000 0.024000
v -0.680000 -1.304000 0.012000
v -0.646000 -1.292000 0.024000
v -0.614000 -1.284000 0.012000
v -0.588000 -1.278000 0.024000
v -0.546000 -1.268000 0.012000
v -0.526000 -1.266000 0.024000
v -0.474000 -1.256000 0.012000
v -0.464000 -1.254000 0.024000
v -0.398750 -1.246000 -0.002000
v -0.398000 -1.246000 0.024000
v -0.754000 -1.330000 -0.002000
v -0.700000 -1.310000 -0.002000
v -0.646000 -1.292000 -0.002000
v -0.588000 -1.278000 -0.002000
v -0.526000 -1.266000 -0.002000
v -0.464000 -1.254000 -0.002000
v -0.448000 -1.340000 -0.002000
v -0.448000 -1.342000 0.012000
v -0.448000 -1.340000 0.024000
v -0.500000 -1.428000 0.024000
v -0.504000 -1.434000 0.012000
v -0.558000 -1.512000 0.024000
v -0.560000 -1.516000 0.012000
v -0.558000 -1.512000 -0.002000
v -0.500000 -1.428000 -0.002000
v -0.960000 -1.918000 0.012000
v -0.964000 -1.920000 -0.002000
v -1.042000 -1.972000 0.012000
v -1.048000 -1.976000 -0.002000
v -1.134000 -2.028000 0.012000
v -1.138000 -2.030000 -0.002000
v -1.230000 -2.078000 -0.002000
v -1.230000 -2.078000 0.024000
v -1.138000 -2.030000 0.023250
v -1.048000 -1.976000 0.024000
v -0.964000 -1.920000 0.024000
v -1.222000 -2.014000 -0.002750
v -1.222000 -2.006000 0.012000
v -1.222000 -2.014000 0.024000
v -1.212000 -1.950000 0.024000
v -1.210000 -1.936000 0.012000
v -1.200000 -1.890000 0.024000
v -1.194000 -1.870000 0.012000
v -1.184000 -1.832000 0.024000
v -1.176000 -1.806000 0.012000
v -1.166000 -1.776000 0.024000
v -1.160000 -1.758000 0.012000
v -1.146000 -1.724000 0.024000
v -1.142000 -1.712000 0.012000
v -1.124000 -1.672000 0.024000
v -1.120000 -1.668000 0.012000
v -1.124000 -1.672000 -0.002000
v -1.146000 -1.724000 -0.002000
v -1.166000 -1.776000 -0.002000
v -1.184000 -1.832000 -0.002000
v -1.200000 -1.890000 -0.002000
v -1.212000 -1.950000 -0.002000
v -1.058000 -1.678000 0.012000
v -1.052000 -1.684000 -0.002000
v -1.012000 -1.730000 0.012000
v -1.002000 -1.742000 -0.002000
v -0.952000 -1.794000 0.012000
v -0.946000 -1.800000 -0.002000
v -0.946000 -1.800000 0.024000
v -1.002000 -1.742000 0.024000
v -1.052000 -1.684000 0.024000
v -1.238000 -2.376000 0.024000
v -1.238000 -2.376000 -0.002000
v -1.340000 -2.372000 0.024000
v -1.340000 -2.372000 -0.002000
v -1.442000 -2.358000 0.023250
v -1.442000 -2.358000 -0.002000
v -1.540000 -2.336000 0.024000
v -1.540000 -2.336000 -0.002000
v -1.638000 -2.304000 0.023250
v -1.638750 -2.304000 -0.002000
v -1.604000 -2.228000 -0.002750
v -1.596000 -2.226000 0.012000
v -1.604000 -2.228000 0.024000
v -1.480000 -2.186000 0.024000
v -1.466000 -2.180000 0.012000
v -1.360000 -2.138000 0.024000
v -1.354000 -2.136000 0.012000
v -1.246000 -2.086000 0.024000
v -1.246750 -2.086000 -0.002000
v -1.360000 -2.138000 -0.002000
v -1.480000 -2.186000 -0.002000
v -1.242000 -2.142000 0.012000
v -1.238000 -2.202000 -0.002000
v -1.238000 -2.202000 0.024000
v -1.240000 -2.286000 0.012000
v -1.240000 -2.288000 -0.002000
v -1.240000 -2.288000 0.023250
v -0.746000 -2.264000 0.024000
v -0.746000 -2.264000 -0.002000
v -0.840000 -2.304000 0.023250
v -0.840000 -2.304000 -0.002000
v -0.936000 -2.336000 0.024000
v -0.936000 -2.336000 -0.002000
v -1.036000 -2.358000 0.023250
v -1.036000 -2.358000 -0.002000
v -1.136000 -2.372000 0.024000
v -1.136750 -2.372000 -0.002000
v -1.236000 -2.288000 -0.002750
v -1.236000 -2.286000 0.012000
v -1.236000 -2.288000 0.024000
v -1.236000 -2.142000 0.012000
v -1.230000 -2.086000 -0.002000
v -1.230000 -2.086000 0.024000
v -1.124000 -2.136000 0.012000
v -1.116000 -2.138000 -0.002000
v -1.014000 -2.180000 0.012000
v -0.998000 -2.186000 -0.002000
v -0.882000 -2.224000 0.012000
v -0.874000 -2.228000 -0.002000
v -0.874000 -2.228000 0.024000
v -0.998000 -2.186000 0.024000
v -1.116000 -2.138000 0.024000
v -0.670000 -2.224000 0.024000
v -0.670000 -2.224000 -0.002000
v -0.596000 -2.178000 0.023250
v -0.596750 -2.178000 -0.002000
v -0.436000 -2.186000 0.012000
v -0.430000 -2.190000 -0.002000
v -0.340000 -2.244000 0.012000
v -0.326000 -2.252000 -0.002000
v -0.224000 -2.310000 0.012000
v -0.216000 -2.314000 -0.002000
v -0.100000 -2.376000 0.000000
v -0.100000 -2.376000 0.024000
v -0.216000 -2.314000 0.024000
v -0.326000 -2.252000 0.024000
v -0.430000 -2.190000 0.024000
v -0.270000 -2.358000 -0.002000
v -0.280000 -2.356000 0.012000
v -0.270000 -2.358000 0.024000
v -0.434000 -2.332000 0.024000
v -0.452000 -2.330000 0.012000
v -0.592000 -2.302000 0.024000
v -0.602000 -2.300000 0.012000
v -0.592000 -2.302000 -0.002000
v -0.434000 -2.332000 -0.002000
v -0.298000 -1.880000 0.024000
v -0.298000 -1.880000 -0.002000
v -0.252000 -1.808000 0.023250
v -0.252000 -1.808000 -0.002000
v -0.178000 -1.874000 0.012000
v -0.176000 -1.884000 -0.002000
v -0.148000 -2.022000 0.012000
v -0.144000 -2.042000 -0.002000
v -0.120000 -2.196000 0.012000
v -0.120000 -2.208000 -0.002000
v -0.120000 -2.208000 0.023250
v -0.144000 -2.042000 0.024000
v -0.176000 -1.884000 0.024000
v -0.162000 -2.262000 -0.002000
v -0.166000 -2.254000 0.012000
v -0.162000 -2.262000 0.024000
v -0.224000 -2.152000 0.024000
v -0.232000 -2.138000 0.012000
v -0.288000 -2.048000 0.024000
v -0.292000 -2.042000 0.012000
v -0.288000 -2.048000 -0.002000
v -0.224000 -2.152000 -0.002000
v -0.026000 -2.408000 0.498000
v -0.086000 -2.404000 0.498000
v -0.076000 -2.476000 0.498000
v -0.002000 -2.476000 0.200000
v -1.684000 -2.476000 0.232000
v -2.476000 -2.476000 0.200000
v -2.476000 -0.620000 0.498000
v -2.474000 -0.682000 0.498000
v -2.394000 -0.634000 0.498000
v -2.124000 -1.538000 0.498000
v -2.182000 -1.610000 0.498000
v -2.098000 -1.616000 0.498000
v -1.406000 -1.962000 0.498000
v -1.438000 -1.916000 0.498000
v -1.456000 -2.010000 0.498000
v -2.346000 -0.472000 0.498000
v -2.300000 -0.544000 0.498000
v -2.268000 -0.484000 0.498000
v -0.152000 -1.078000 0.498000
v -0.140000 -1.148000 0.498000
v -0.080000 -1.112000 0.498000
v -1.414000 -2.420000 0.498000
v -1.466000 -2.436000 0.498000
v -1.442000 -2.476000 0.498000
v -2.476000 -1.606000 0.204000
v -2.476000 -0.922000 0.208000
v -2.476000 -0.462000 0.204000
v 0.000000 0.000000 0.200000
v -0.154000 -0.642000 0.498000
v -0.178000 -0.704000 0.498000
v -0.106000 -0.708000 0.498000
v -2.476000 0.000000 0.198000
v -2.250000 -1.524000 0.498000
v -2.238000 -1.592000 0.498000
v -2.196000 -1.518000 0.498000
v -0.354000 -1.646000 0.498000
v -0.320000 -1.722000 0.498000
v -0.276000 -1.680000 0.498000
v -2.374000 -0.552000 0.498000
v -2.326000 -0.600000 0.498000
v -0.140000 -1.286000 0.498000
v -0.078000 -1.352000 0.498000
v -0.084000 -1.260000 0.498000
v -0.122000 -0.332000 0.498000
v -0.078000 -0.248000 0.498000
v -0.178000 -0.262000 0.498000
v -1.054000 -0.246000 0.498000
v -1.096000 -0.186000 0.498000
v -1.108000 -0.268000 0.498000
v -1.148000 -0.128000 0.498000
v -1.078000 -0.106000 0.498000
v -0.200000 -1.130000 0.498000
v -0.226000 -1.070000 0.498000
v -2.076000 -1.688000 0.498000
v -2.026000 -1.614000 0.498000
v -2.290000 -1.492000 0.498000
v -2.298000 -1.562000 0.498000
v -2.452000 -1.532000 0.498000
v -2.386000 -1.488000 0.498000
v -2.428000 -1.454000 0.498000
v 0.000000 -0.778000 0.210000
v 0.000000 -1.556000 0.222000
v 0.000000 -2.016000 0.210000
v -0.308000 -0.220000 0.498000
v -0.242000 -0.228000 0.498000
v -0.260000 -0.168000 0.498000
v -0.024000 -0.194000 0.498000
v -0.010000 -0.118000 0.498000
v -0.072000 -0.160000 0.498000
v -1.488000 -2.466000 0.498000
v -1.628000 -2.470000 0.498000
v -0.116000 -1.748000 0.498000
v -0.172000 -1.750000 0.498000
v -0.130000 -1.816000 0.498000
v -2.100000 -0.836000 0.498000
v -2.022000 -0.870000 0.498000
v -2.044000 -0.786000 0.498000
v -1.412000 -2.074000 0.498000
v -1.496000 -2.072000 0.498000
v -1.888000 -1.086000 0.498000
v -1.796000 -1.074000 0.498000
v -1.868000 -1.018000 0.498000
v -0.580000 -2.362000 0.498000
v -0.648000 -2.412000 0.498000
v -0.558000 -2.420000 0.498000
v -0.510000 -1.742000 0.498000
v -0.548000 -1.810000 0.498000
v -0.486000 -1.814000 0.498000
v -2.166000 -0.792000 0.498000
v -2.170000 -0.716000 0.498000
v -2.218000 -0.748000 0.498000
v -0.794000 -2.224000 0.498000
v -0.738000 -2.258000 0.498000
v -0.718000 -2.204000 0.498000
v -1.154000 -0.474000 0.498000
v -1.104000 -0.558000 0.498000
v -1.054000 -0.522000 0.498000
v -1.150000 -0.410000 0.498000
v -1.214000 -0.366000 0.498000
v -1.234000 -0.436000 0.498000
v -2.272000 -1.390000 0.498000
v -2.192000 -1.398000 0.498000
v -2.228000 -1.352000 0.498000
v -0.210000 -0.758000 0.498000
v -0.232000 -0.702000 0.498000
v -0.270000 -0.754000 0.498000
v -0.176000 -1.438000 0.498000
v -0.116000 -1.404000 0.498000
v -0.166000 -1.366000 0.498000
v -0.512000 -0.094000 0.498000
v -0.558000 -0.006000 0.498000
v -0.578000 -0.104000 0.498000
v -0.814000 -1.758000 0.498000
v -0.872000 -1.724000 0.498000
v -0.870000 -1.794000 0.498000
v -1.918000 -0.966000 0.498000
v -1.992000 -0.990000 0.498000
v -1.942000 -1.038000 0.498000
v -2.098000 -0.910000 0.498000
v -2.078000 -0.996000 0.498000
v -2.030000 -0.938000 0.498000
v -2.136000 -2.242000 0.498000
v -2.188000 -2.300000 0.498000
v -2.120000 -2.316000 0.498000
v -1.404000 -0.158000 0.498000
v -1.384000 -0.230000 0.498000
v -1.326000 -0.160000 0.498000
v -1.470000 -0.032000 0.498000
v -1.520000 -0.102000 0.498000
v -1.430000 -0.086000 0.498000
v -0.134000 -1.214000 0.498000
v -0.218000 -1.188000 0.498000
v -0.140000 -0.970000 0.498000
v -0.182000 -1.018000 0.498000
v -0.088000 -1.030000 0.498000
v -1.948000 -2.474000 0.498000
v -2.058000 -2.476000 0.498000
v -1.858000 -2.476000 0.498000
v -0.240000 -1.378000 0.498000
v -0.314000 -1.412000 0.498000
v -0.252000 -1.444000 0.498000
v -2.234000 -2.384000 0.498000
v -2.164000 -2.360000 0.498000
v -0.788000 -0.852000 0.498000
v -0.756000 -0.786000 0.498000
v -0.830000 -0.804000 0.498000
v -1.696000 -0.110000 0.498000
v -1.744000 -0.068000 0.498000
v -1.744000 -0.162000 0.498000
v -0.476000 -1.944000 0.498000
v -0.422000 -1.896000 0.498000
v -0.494000 -1.876000 0.498000
v -0.862000 0.000000 0.270000
v -2.372000 -0.944000 0.498000
v -2.402000 -1.010000 0.498000
v -2.338000 -1.030000 0.498000
v -2.476000 0.000000 0.498000
v -2.362000 -0.002000 0.500000
v -1.858000 0.000000 0.497250
v -0.002000 -1.178000 0.498000
v -0.064000 -1.182000 0.498000
v 0.000000 -1.238000 0.498000
v -0.004000 -2.382000 0.498000
v -0.028000 -2.352000 0.498000
v -0.072000 -1.830000 0.498000
v -0.076000 -1.894000 0.498000
v -0.620000 -2.476000 0.498000
v -1.250000 -2.250000 0.498000
v -1.324000 -2.216000 0.498000
v -1.312000 -2.286000 0.498000
v -2.416000 -0.002000 0.498000
v -0.236000 -1.738000 0.498000
v -0.200000 -1.812000 0.498000
v -0.160000 -0.918000 0.498000
v -0.214000 -0.960000 0.498000
v -2.054000 -0.120000 0.498000
v -2.068000 -0.214000 0.498000
v -2.004000 -0.192000 0.498000
v -0.022000 -1.056000 0.498000
v -0.008000 -1.014000 0.498000
v -0.008000 -2.166000 0.498000
v -0.024000 -2.202000 0.498000
v -0.016000 -2.282000 0.498000
v -0.418000 -0.028000 0.498000
v -0.478000 -0.018000 0.498000
v -0.462000 -0.060000 0.498000
v -0.276000 -0.582000 0.498000
v -0.226000 -0.644000 0.498000
v -0.200000 -0.580000 0.498000
v -0.342000 -1.568000 0.498000
v -0.316000 -1.500000 0.498000
v -0.404000 -1.504000 0.498000
v -0.274000 -0.290000 0.498000
v -0.334000 -0.268000 0.498000
v -0.340000 -0.328000 0.498000
v -0.390000 -1.312000 0.498000
v -0.306000 -1.316000 0.498000
v -0.342000 -1.234000 0.498000
v -2.476000 -1.976000 0.498000
v -2.446000 -2.056000 0.498000
v -2.442000 -1.980000 0.498000
v -0.420000 -0.104000 0.498000
v -0.752000 -2.160000 0.498000
v -0.802000 -2.136000 0.498000
v -0.004000 -1.916000 0.498000
v 0.000000 -1.858000 0.498000
v -0.874000 -1.874000 0.498000
v -0.812000 -1.836000 0.498000
v -2.456000 -0.898000 0.498000
v -2.456000 -0.820000 0.498000
v -2.474000 -0.830000 0.498000
v -0.450000 -2.164000 0.498000
v -0.418000 -2.232000 0.498000
v -0.370000 -2.168000 0.498000
v -1.792000 -2.246000 0.498000
v -1.816000 -2.184000 0.498000
v -1.874000 -2.242000 0.498000
v -0.512000 -0.336000 0.498000
v -0.576000 -0.252000 0.498000
v -0.618000 -0.338000 0.498000
v -1.436000 -2.276000 0.498000
v -1.368000 -2.318000 0.498000
v -1.376000 -2.258000 0.498000
v -0.880000 -2.052000 0.498000
v -0.858000 -2.114000 0.498000
v -0.806000 -2.066000 0.498000
v -2.474000 -0.132000 0.498000
v -2.402000 -0.188000 0.498000
v -2.372000 -0.136000 0.498000
v -2.456000 -2.210000 0.498000
v -2.390000 -2.202000 0.498000
v -2.448000 -2.146000 0.498000
v -0.658000 -1.680000 0.498000
v -0.736000 -1.718000 0.498000
v -0.656000 -1.748000 0.498000
v -1.876000 -1.650000 0.498000
v -1.928000 -1.732000 0.498000
v -1.828000 -1.720000 0.498000
v -0.190000 -0.002000 0.498000
v -0.620000 0.000000 0.498000
v -0.498000 -0.002000 0.498000
v -0.230000 -0.436000 0.498000
v -0.286000 -0.380000 0.498000
v -0.310000 -0.462000 0.498000
v -1.170000 -1.836000 0.498000
v -1.140000 -1.926000 0.498000
v -1.090000 -1.844000 0.498000
v -1.758000 -1.714000 0.498000
v -1.796000 -1.638000 0.498000
v -1.730000 -2.124000 0.498000
v -1.820000 -2.112000 0.498000
v -1.754000 -2.186000 0.498000
v -1.354000 -2.454000 0.498000
v -0.026000 -0.678000 0.498000
v -0.078000 -0.632000 0.498000
v -1.842000 -1.580000 0.498000
v -1.934000 -1.590000 0.498000
v -2.046000 -0.714000 0.498000
v -2.110000 -0.768000 0.498000
v -1.040000 -2.458000 0.498000
v -1.022000 -2.382000 0.498000
v -1.116000 -2.426000 0.498000
v -0.632000 -1.984000 0.498000
v -0.718000 -2.030000 0.498000
v -0.628000 -2.060000 0.498000
v -0.404000 -0.698000 0.498000
v -0.338000 -0.640000 0.498000
v -0.402000 -0.606000 0.498000
v -1.876000 -2.320000 0.498000
v -1.814000 -2.312000 0.498000
v -0.794000 -0.724000 0.498000
v -0.716000 -0.730000 0.498000
v -1.260000 -2.426000 0.498000
v -1.294000 -2.474000 0.498000
v -1.238000 -2.476000 0.498000
v -0.340000 -0.990000 0.498000
v -0.392000 -1.044000 0.498000
v -0.308000 -1.054000 0.498000
v -1.346000 -0.754000 0.498000
v -1.432000 -0.774000 0.498000
v -1.356000 -0.824000 0.498000
v -0.148000 -0.786000 0.498000
v -1.130000 -1.756000 0.498000
v -0.028000 -1.502000 0.498000
v -0.044000 -1.428000 0.498000
v -0.106000 -1.468000 0.498000
v -2.470000 -1.038000 0.498000
v -1.162000 -2.378000 0.498000
v -1.226000 -2.376000 0.498000
v -1.184000 -2.438000 0.498000
v -1.682000 -0.062000 0.498000
v -1.718000 -0.018000 0.498000
v -1.222000 -0.504000 0.498000
v -1.292000 -0.498000 0.498000
v -1.286000 -0.566000 0.498000
v -0.714000 -0.340000 0.498000
v -0.766000 -0.416000 0.498000
v -0.668000 -0.428000 0.498000
v -0.450000 -1.718000 0.498000
v -0.436000 -1.780000 0.498000
v -1.254000 -1.818000 0.498000
v -1.222000 -1.910000 0.498000
v -0.252000 -1.852000 0.498000
v -0.166000 -1.872000 0.498000
v -1.114000 -2.014000 0.498000
v -1.092000 -2.094000 0.498000
v -1.038000 -2.026000 0.498000
v -1.808000 -0.980000 0.498000
v -1.860000 -0.946000 0.498000
v -1.856000 -1.958000 0.498000
v -1.816000 -1.876000 0.498000
v -1.918000 -1.884000 0.498000
v -1.550000 -0.570000 0.498000
v -1.502000 -0.506000 0.498000
v -1.562000 -0.502000 0.498000
v -0.660000 -0.620000 0.498000
v -0.594000 -0.588000 0.498000
v -0.674000 -0.562000 0.498000
v -0.308000 -2.038000 0.498000
v -0.306000 -2.112000 0.498000
v -0.244000 -2.082000 0.498000
v 0.000000 -2.476000 0.498000
v -0.004000 -2.072000 0.498000
v -2.398000 -0.858000 0.498000
v -2.368000 -0.382000 0.498000
v -2.290000 -0.416000 0.498000
v -2.308000 -0.324000 0.498000
v -0.282000 -0.672000 0.498000
v -0.334000 -0.738000 0.498000
v -1.714000 -1.334000 0.498000
v -1.644000 -1.336000 0.498000
v -1.702000 -1.276000 0.498000
v -1.556000 -1.330000 0.498000
v -1.540000 -1.416000 0.498000
v -1.470000 -1.348000 0.498000
v -0.762000 -1.144000 0.498000
v -0.832000 -1.142000 0.498000
v -0.774000 -1.200000 0.498000
v -0.920000 -1.146000 0.498000
v -0.938000 -1.060000 0.498000
v -1.008000 -1.130000 0.498000
v -1.378000 -0.484000 0.498000
v -1.380000 -0.402000 0.498000
v -1.450000 -0.452000 0.498000
v -0.416000 -1.244000 0.498000
v -0.384000 -1.172000 0.498000
v -1.390000 -1.218000 0.498000
v -1.388000 -1.150000 0.498000
v -1.468000 -1.202000 0.498000
v -1.392000 -1.288000 0.498000
v -1.314000 -1.228000 0.498000
v -1.542000 -1.176000 0.498000
v -1.622000 -1.198000 0.498000
v -1.548000 -1.250000 0.498000
v -0.338000 -2.340000 0.498000
v -0.404000 -2.368000 0.498000
v -0.322000 -2.400000 0.498000
v -1.530000 -1.052000 0.498000
v -1.530000 -1.112000 0.498000
v -1.458000 -1.068000 0.498000
v -1.582000 -0.958000 0.498000
v -1.606000 -1.020000 0.498000
v -1.528000 -0.986000 0.498000
v -1.086000 -1.260000 0.498000
v -1.088000 -1.328000 0.498000
v -1.010000 -1.276000 0.500000
v -1.084000 -1.190000 0.498000
v -1.162000 -1.248000 0.498000
v -0.956000 -1.428000 0.498000
v -0.942000 -1.368000 0.498000
v -1.020000 -1.410000 0.498000
v -0.948000 -1.486000 0.498000
v -0.886000 -1.422000 0.498000
v -0.934000 -1.302000 0.498000
v -0.856000 -1.280000 0.498000
v -0.930000 -1.228000 0.498000
v -0.644000 -1.236000 0.498000
v -0.706000 -1.254000 0.498000
v -0.630000 -1.300000 0.498000
v -1.230000 -1.494000 0.498000
v -1.296000 -1.500000 0.498000
v -1.248000 -1.560000 0.498000
v -1.368000 -1.502000 0.498000
v -1.384000 -1.430000 0.498000
v -1.442000 -1.502000 0.498000
v -1.250000 -0.974000 0.498000
v -1.180000 -0.974000 0.498000
v -1.224000 -0.898000 0.498000
v -1.110000 -0.974000 0.498000
v -1.094000 -1.046000 0.498000
v -1.038000 -0.968000 0.498000
v -1.432000 -1.658000 0.498000
v -1.350000 -1.654000 0.498000
v -1.402000 -1.580000 0.498000
v -1.086000 -1.682000 0.498000
v -1.168000 -1.666000 0.498000
v -0.016000 -1.368000 0.498000
v -0.002000 -1.360000 0.498000
v -0.014000 -1.296000 0.498000
v -1.242000 -1.374000 0.498000
v -1.240000 -1.438000 0.498000
v -1.166000 -1.384000 0.498000
v -1.242000 -1.306000 0.498000
v -1.316000 -1.366000 0.498000
v -1.234000 -1.102000 0.498000
v -1.238000 -1.038000 0.498000
v -1.310000 -1.094000 0.498000
v -1.236000 -1.170000 0.498000
v -1.160000 -1.110000 0.498000
v -1.098000 -1.532000 0.498000
v -1.094000 -1.462000 0.498000
v -1.170000 -1.514000 0.498000
v -1.096000 -1.604000 0.498000
v -1.022000 -1.544000 0.498000
v -1.384000 -0.946000 0.498000
v -1.382000 -1.016000 0.498000
v -1.316000 -0.964000 0.498000
v -1.816000 -1.520000 0.498000
v -1.754000 -1.494000 0.498000
v -1.836000 -1.456000 0.498000
v -1.686000 -1.464000 0.498000
v -1.674000 -1.542000 0.498000
v -1.606000 -1.484000 0.498000
v -1.780000 -1.794000 0.498000
v -0.662000 -0.958000 0.498000
v -0.724000 -0.984000 0.498000
v -0.644000 -1.022000 0.498000
v -0.792000 -1.014000 0.498000
v -0.804000 -0.932000 0.498000
v -0.870000 -0.994000 0.498000
v -2.474000 -1.772000 0.498000
v -2.454000 -1.710000 0.498000
v -2.466000 -1.624000 0.498000
v -1.778000 -1.356000 0.498000
v -1.700000 -1.394000 0.498000
v -2.028000 -1.374000 0.498000
v -1.952000 -1.378000 0.498000
v -2.006000 -1.310000 0.498000
v -1.806000 -0.804000 0.498000
v -1.828000 -0.738000 0.498000
v -1.870000 -0.822000 0.498000
v -1.992000 -1.522000 0.498000
v -2.366000 -2.464000 0.498000
v -2.476000 -2.476000 0.498000
v -2.344000 -2.476000 0.497250
v -0.700000 -1.122000 0.498000
v -0.778000 -1.084000 0.498000
v -0.440000 -1.104000 0.498000
v -0.528000 -1.102000 0.498000
v -0.470000 -1.172000 0.498000
v -0.476000 -1.032000 0.498000
v -1.994000 -0.816000 0.498000
v -1.944000 -0.836000 0.498000
v -1.266000 -0.638000 0.498000
v -1.224000 -0.582000 0.498000
v -0.806000 -1.606000 0.498000
v -0.802000 -1.518000 0.498000
v -0.876000 -1.576000 0.498000
v -0.444000 -1.380000 0.498000
v -0.524000 -1.384000 0.498000
v -0.468000 -1.454000 0.498000
v -0.800000 -1.424000 0.498000
v -0.710000 -1.400000 0.498000
v -0.784000 -1.342000 0.498000
v -1.882000 -0.516000 0.498000
v -1.810000 -0.504000 0.498000
v -1.868000 -0.440000 0.498000
v -1.848000 -0.662000 0.498000
v -1.864000 -0.584000 0.498000
v -1.924000 -0.662000 0.498000
v -2.154000 -1.460000 0.498000
v -0.668000 -1.528000 0.498000
v -0.582000 -1.526000 0.498000
v -0.644000 -1.458000 0.498000
v -0.416000 -1.668000 0.498000
v -0.412000 -1.592000 0.498000
v -0.450000 -1.630000 0.498000
v -0.958000 -2.038000 0.498000
v -0.892000 -1.966000 0.498000
v -0.982000 -1.948000 0.498000
v -1.336000 -1.802000 0.498000
v -1.298000 -1.730000 0.498000
v -0.386000 -2.024000 0.498000
v -0.314000 -1.968000 0.498000
v -0.372000 -0.006000 0.498000
v -0.254000 -0.018000 0.498000
v -1.366000 -0.556000 0.498000
v -1.278000 -1.982000 0.498000
v -1.194000 -2.000000 0.498000
v -2.346000 -1.286000 0.498000
v -2.316000 -1.348000 0.498000
v -2.238000 -1.300000 0.498000
v -1.756000 -1.960000 0.498000
v -0.724000 -0.510000 0.498000
v -0.734000 -0.596000 0.498000
v -1.998000 -0.654000 0.498000
v -2.018000 -0.566000 0.498000
v -2.076000 -0.640000 0.498000
v -1.972000 -0.742000 0.498000
v -1.488000 -2.220000 0.498000
v -1.498000 -2.306000 0.498000
v -2.150000 -0.434000 0.498000
v -2.094000 -0.362000 0.498000
v -2.184000 -0.358000 0.498000
v -1.206000 -2.186000 0.498000
v -1.170000 -2.250000 0.498000
v -1.146000 -2.160000 0.498000
v -2.140000 -0.194000 0.498000
v -2.134000 -0.278000 0.498000
v -1.724000 -2.246000 0.498000
v -0.196000 -1.254000 0.498000
v -1.260000 -2.320000 0.498000
v -1.304000 -2.380000 0.498000
v -1.556000 -1.876000 0.498000
v -1.582000 -1.944000 0.498000
v -1.514000 -1.946000 0.498000
v -1.618000 -0.626000 0.498000
v -1.524000 -0.652000 0.498000
v -0.864000 -0.306000 0.498000
v -0.828000 -0.256000 0.498000
v -0.902000 -0.254000 0.498000
v -1.198000 -0.064000 0.498000
v -1.204000 -0.158000 0.498000
v -0.210000 -0.128000 0.498000
v -0.178000 -0.182000 0.498000
v -2.192000 -2.034000 0.498000
v -2.206000 -2.118000 0.498000
v -2.128000 -2.082000 0.498000
v -0.338000 -0.552000 0.498000
v -0.414000 -0.542000 0.498000
v -1.532000 -0.422000 0.498000
v -1.718000 -0.496000 0.498000
v -1.624000 -0.454000 0.498000
v -1.702000 -0.396000 0.498000
v -2.472000 -0.068000 0.498000
v -2.422000 -0.064000 0.498000
v -0.944000 -1.702000 0.498000
v -0.950000 -1.630000 0.498000
v -1.014000 -1.694000 0.498000
v -2.034000 -1.054000 0.498000
v -1.828000 -1.218000 0.498000
v -1.910000 -1.238000 0.498000
v -1.846000 -1.302000 0.498000
v -1.682000 -0.772000 0.498000
v -1.600000 -0.806000 0.498000
v -1.604000 -0.718000 0.498000
v -1.518000 -0.746000 0.498000
v -1.518000 -0.840000 0.498000
v -0.498000 -1.244000 0.498000
v -0.472000 -1.314000 0.498000
v -0.576000 -1.242000 0.498000
v -0.632000 -1.176000 0.498000
v -1.640000 -2.138000 0.498000
v -1.688000 -2.046000 0.498000
v -0.786000 -0.202000 0.498000
v -0.706000 -0.186000 0.498000
v -0.756000 -0.146000 0.498000
v -0.796000 -0.326000 0.498000
v -1.994000 -0.112000 0.498000
v -2.022000 -0.048000 0.498000
v -2.264000 -1.928000 0.498000
v -2.270000 -1.844000 0.498000
v -2.350000 -1.886000 0.498000
v -1.870000 -2.406000 0.498000
v -1.798000 -2.452000 0.498000
v -1.814000 -2.372000 0.498000
v -0.228000 -0.896000 0.498000
v -0.286000 -0.928000 0.498000
v -0.004000 -0.246000 0.498000
v -2.080000 -1.116000 0.498000
v -2.160000 -1.110000 0.498000
v -2.114000 -1.184000 0.498000
v -1.858000 -0.098000 0.498000
v -1.862000 -0.160000 0.498000
v -1.798000 -0.106000 0.498000
v -2.048000 -2.276000 0.498000
v -2.052000 -2.356000 0.498000
v -1.998000 -2.312000 0.498000
v -1.038000 -0.758000 0.498000
v -0.982000 -0.820000 0.498000
v -0.988000 -0.730000 0.498000
v -0.016750 -1.104000 0.498000
v -0.548000 -2.002000 0.498000
v -0.636000 -1.832000 0.498000
v -0.724000 -1.874000 0.498000
v -0.636000 -1.910000 0.498000
v -1.498000 -1.652000 0.498000
v -1.532000 -1.714000 0.498000
v -1.462000 -1.726000 0.498000
v -0.154000 -1.520000 0.498000
v -0.946000 -1.556000 0.498000
v -1.816000 -0.892000 0.498000
v -1.748000 -0.824000 0.498000
v -2.118000 -2.398000 0.498000
v -1.034000 -0.384000 0.498000
v -0.982000 -0.440000 0.498000
v -0.970000 -0.368000 0.498000
v -0.684000 -2.474000 0.498000
v -0.462000 -2.090000 0.498000
v -0.532000 -2.160000 0.498000
v -1.404000 -0.024000 0.498000
v -1.354000 -0.082000 0.498000
v -2.148000 -1.260000 0.498000
v -2.162000 -1.340000 0.498000
v -0.342000 -1.910000 0.498000
v -0.346000 -1.846000 0.498000
v -0.852000 -2.242000 0.498000
v -0.848000 -2.174000 0.498000
v -0.738000 -1.562000 0.498000
v -0.668000 -1.602000 0.498000
v -1.548000 -2.454000 0.498000
v -1.608000 -2.452000 0.498000
v -1.606000 -1.798000 0.498000
v -1.664000 -1.816000 0.498000
v -1.622000 -1.872000 0.498000
v -1.070000 -2.166000 0.498000
v -2.454000 -2.274000 0.498000
v -2.102000 -1.400000 0.498000
v -0.486000 -1.668000 0.498000
v -0.546000 -1.664000 0.498000
v -2.238000 -1.226000 0.498000
v -2.318000 -1.232000 0.498000
v -1.754000 -2.366000 0.498000
v -0.082000 -0.950000 0.498000
v -0.590000 -0.962000 0.498000
v -0.640000 -0.900000 0.498000
v -2.086000 -1.930000 0.498000
v -2.006000 -1.904000 0.498000
v -2.066000 -1.854000 0.498000
v -2.170000 -1.728000 0.498000
v -2.150000 -1.660000 0.498000
v -2.236000 -1.684000 0.498000
v -0.122000 -0.202000 0.498000
v -1.860000 -0.354000 0.498000
v -1.852000 -0.256000 0.498000
v -1.944000 -0.312000 0.498000
v -0.390000 -0.480000 0.498000
v -0.466000 -0.504000 0.498000
v -0.970000 -2.432000 0.498000
v -0.950000 -2.346000 0.498000
v -2.310000 -1.644000 0.498000
v -1.694000 -0.306000 0.498000
v -1.778000 -0.326000 0.498000
v -1.886000 -1.182000 0.498000
v -1.848000 -1.138000 0.498000
v -1.914000 -1.138000 0.498000
v -0.366000 -1.370000 0.498000
v -1.532000 -0.246000 0.498000
v -1.532000 -0.328000 0.498000
v -1.458000 -0.278000 0.498000
v -0.144000 -0.408000 0.498000
v -0.204000 -0.348000 0.498000
v -2.122000 -1.054000 0.498000
v -0.002000 -1.130000 0.498000
v -1.464000 -0.206000 0.498000
v -0.680000 -0.010000 0.498000
v -0.742000 -0.002000 0.498000
v -0.748000 -0.022000 0.498000
v -1.182000 -0.764000 0.498000
v -1.196000 -0.830000 0.498000
v -1.124000 -0.828000 0.498000
v -2.420000 -0.326000 0.498000
v -2.368000 -0.274000 0.498000
v -0.750000 -0.266000 0.498000
v -2.142000 -1.866000 0.498000
v -2.106000 -1.782000 0.498000
v -2.196000 -1.810000 0.498000
v -0.176000 -1.976000 0.498000
v -0.134000 -1.936000 0.498000
v -0.214000 -1.918000 0.498000
v -0.510000 -2.460000 0.498000
v -0.438000 -2.442000 0.498000
v -0.498000 -2.384000 0.498000
v -2.294000 -0.230000 0.498000
v -2.216000 -0.198000 0.498000
v -2.294000 -0.152000 0.498000
v -1.134000 -0.066000 0.498000
v -1.152000 -0.006000 0.498000
v -1.086000 -1.120000 0.498000
v -1.392000 -1.358000 0.498000
v -1.688000 -1.216000 0.498000
v -1.752000 -1.210000 0.498000
v -1.524000 -1.504000 0.498000
v -0.778000 -1.268000 0.498000
v -0.952000 -0.972000 0.498000
v -0.880000 -2.334000 0.498000
v -0.832000 -2.296000 0.498000
v -0.904000 -2.276000 0.498000
v -1.770000 -0.666000 0.498000
v -1.532000 -0.920000 0.498000
v -1.602000 -0.896000 0.498000
v -1.486000 -1.794000 0.498000
v -1.258000 -1.644000 0.498000
v -2.310000 -2.380000 0.498000
v -2.380000 -2.362000 0.498000
v -1.750000 -1.572000 0.498000
v -1.238000 0.000000 0.498000
v -0.728000 -0.908000 0.498000
v -2.452000 -0.288000 0.498000
v -2.454000 -0.362000 0.498000
v -1.608000 -1.120000 0.498000
v -0.730000 -1.476000 0.498000
v -1.104000 -0.640000 0.498000
v -1.148000 -0.690000 0.498000
v -1.064000 -0.692000 0.498000
v -1.238000 -1.238000 0.498000
v -1.462000 -0.932000 0.498000
v -1.784000 -1.148000 0.498000
v -0.724000 -0.670000 0.498000
v -2.176000 -2.412000 0.498000
v -1.492000 -0.568000 0.498000
v -0.932000 -0.676000 0.498000
v -0.940000 -0.768000 0.498000
v -0.576000 -1.874000 0.498000
v -0.806000 -1.996000 0.498000
v -0.220000 -2.278000 0.498000
v -0.258000 -2.352000 0.498000
v -0.178000 -2.330000 0.498000
v -1.710000 -1.772000 0.498000
v -0.154000 -1.608000 0.498000
v -0.086000 -1.550000 0.498000
v -0.380000 -0.842000 0.498000
v -0.314000 -0.814000 0.498000
v -0.396000 -0.780000 0.498000
v -1.664000 -2.274000 0.498000
v -1.740000 -2.304000 0.498000
v -1.668000 -2.358000 0.498000
v -1.014000 -0.306000 0.498000
v -1.000000 -0.230000 0.498000
v -0.982000 -1.774000 0.498000
v -1.272000 -0.778000 0.498000
v -0.550000 -0.180000 0.498000
v -0.510000 -0.246000 0.498000
v -0.472000 -0.178000 0.498000
v -2.242000 -0.096000 0.498000
v -2.180000 -0.032000 0.498000
v -2.258000 -0.020000 0.498000
v -0.272000 -1.790000 0.498000
v -1.604000 -2.308000 0.498000
v -1.608000 -2.220000 0.498000
v -0.748000 -2.464000 0.498000
v -0.784000 -2.418000 0.498000
v -0.826000 -2.476000 0.498000
v -1.596000 -1.564000 0.498000
v -1.572000 -1.642000 0.498000
v -1.536000 -1.582000 0.498000
v -0.844000 -0.872000 0.498000
v -0.902000 -0.832000 0.498000
v -0.884000 -0.918000 0.498000
v -1.044000 -2.246000 0.498000
v -1.000000 -2.178000 0.498000
v -2.050000 -1.802000 0.498000
v -2.026000 -1.748000 0.498000
v -0.302000 -2.286000 0.498000
v -2.080000 -0.444000 0.498000
v -2.222000 -0.426000 0.498000
v -2.198000 -0.490000 0.498000
v -2.026000 -1.994000 0.498000
v -2.116000 -2.002000 0.498000
v -2.074000 -2.044000 0.498000
v -1.686000 -2.198000 0.498000
v -0.532000 -0.696000 0.498000
v -0.538000 -0.764000 0.498000
v -0.464000 -0.722000 0.498000
v -0.810000 -1.916000 0.498000
v -0.804000 -1.680000 0.498000
v -2.030000 -1.434000 0.498000
v -2.276000 -2.220000 0.498000
v -2.324000 -2.284000 0.498000
v -2.256000 -2.286000 0.498000
v -0.268000 -1.116000 0.498000
v -0.354000 -1.108000 0.498000
v -0.296000 -1.174000 0.498000
v -1.348000 -0.890000 0.498000
v -1.274000 -0.846000 0.498000
v -1.050000 -0.606000 0.498000
v -1.070000 -0.328000 0.498000
v -1.906000 -2.100000 0.498000
v -1.872000 -2.040000 0.498000
v -0.874000 -0.602000 0.498000
v -0.934000 -0.574000 0.498000
v -1.690000 -0.682000 0.498000
v -1.702000 -0.594000 0.498000
v -1.612000 -0.280000 0.498000
v -1.998000 -0.260000 0.498000
v -2.036000 -0.308000 0.498000
v -0.302000 -2.174000 0.498000
v -1.988000 -1.240000 0.498000
v -2.036000 -1.178000 0.498000
v -2.064000 -1.250000 0.498000
v -0.806000 -0.562000 0.498000
v -0.878000 -0.516000 0.498000
v -1.168000 -2.082000 0.498000
v -1.316000 -0.440000 0.498000
v -0.922000 -1.756000 0.498000
v -0.932000 -1.814000 0.498000
v -0.912000 -0.338000 0.498000
v -2.212000 -1.884000 0.498000
v -1.696000 -1.144000 0.498000
v -1.288000 -0.906000 0.498000
v -1.896000 -1.518000 0.498000
v -2.230000 -0.934000 0.498000
v -2.174000 -0.906000 0.498000
v -2.248000 -0.872000 0.498000
v -0.616000 -1.572000 0.498000
v -0.508000 -0.960000 0.498000
v -0.422000 -0.968000 0.498000
v -0.474000 -0.892000 0.498000
v -1.858000 -1.380000 0.498000
v -0.558000 -1.588000 0.498000
v -0.492000 -1.602000 0.498000
v -1.204000 -0.648000 0.498000
v -1.160000 -0.604000 0.498000
v -0.622000 -1.098000 0.498000
v -2.476000 -1.238000 0.498000
v -0.128000 -1.684000 0.498000
v -0.068000 -1.714000 0.498000
v -2.172000 -0.118000 0.498000
v -2.476000 -1.858000 0.498000
v 0.000000 -0.620000 0.498000
v -1.386000 -1.082000 0.498000
v -1.092000 -1.396000 0.498000
v -2.206000 -2.244000 0.498000
v -0.150000 -0.858000 0.498000
v -0.228000 -0.818000 0.498000
v -0.466000 -2.014000 0.498000
v -0.868000 -0.194000 0.498000
v -0.944000 -0.192000 0.498000
v -2.018000 -0.476000 0.498000
v -1.944000 -0.496000 0.498000
v -0.000750 0.000000 0.498000
v -0.544000 -2.236000 0.498000
v -0.524000 -2.302000 0.498000
v -0.490000 -2.230000 0.498000
v -1.592000 -2.068000 0.498000
v -1.536000 -2.010000 0.498000
v -1.624000 -2.004000 0.498000
v -1.658000 -0.166000 0.498000
v -1.680000 -0.232000 0.498000
v -1.598000 -0.208000 0.498000
v -2.170000 -0.562000 0.498000
v -2.102000 -0.588000 0.498000
v -2.106000 -0.518000 0.498000
v -0.902000 -0.436000 0.498000
v -1.786000 -2.038000 0.498000
v -1.408000 -2.206000 0.498000
v -2.160000 -0.976000 0.498000
v -2.238000 -1.100000 0.498000
v -2.268000 -1.024000 0.498000
v -2.312000 -1.094000 0.498000
v -1.714000 -2.408000 0.498000
v -1.986000 -1.816000 0.498000
v -1.552000 -2.338000 0.498000
v -1.600000 -2.398000 0.498000
v -1.570000 -0.024000 0.498000
v -1.648000 -0.006000 0.498000
v -1.652000 -0.024000 0.498000
v -0.412000 -0.340000 0.498000
v -0.390000 -0.274000 0.498000
v -2.234000 -0.538000 0.498000
v -2.234000 -0.598000 0.498000
v -2.252000 -0.360000 0.498000
v -2.366000 -1.158000 0.498000
v -2.278000 -1.166000 0.498000
v -0.178000 -0.020000 0.498000
v -1.216000 -0.236000 0.498000
v -1.294000 -0.244000 0.498000
v -1.228000 -0.298000 0.498000
v -0.688000 -0.788000 0.498000
v -0.068000 -1.772000 0.498000
v -0.002000 -1.768000 0.498000
v -0.924000 -2.464000 0.498000
v -1.138000 -2.474000 0.498000
v -1.968000 -0.916000 0.498000
v -0.338000 -0.026000 0.498000
v -0.652000 -0.688000 0.498000
v -0.656000 -0.746000 0.498000
v -0.600000 -0.738000 0.498000
v -0.182000 -2.050000 0.498000
v -0.186000 -2.128000 0.498000
v -0.106000 -2.092000 0.498000
v -1.980000 -2.180000 0.498000
v -1.926000 -2.200000 0.498000
v -1.936000 -2.148000 0.498000
v -1.662000 -2.438000 0.498000
v -0.086000 -2.212000 0.498000
v -0.136000 -2.180000 0.498000
v -0.120000 -2.264000 0.498000
v -2.468000 -1.324000 0.498000
v -2.402000 -1.310000 0.498000
v -0.234000 -2.434000 0.498000
v -0.194000 -2.390000 0.498000
v -1.434000 -2.354000 0.498000
v -1.516000 -2.388000 0.498000
v -2.098000 -0.006000 0.498000
v -2.068000 -0.058000 0.498000
v -0.066000 -2.026000 0.498000
v -0.120000 -2.008000 0.498000
v -2.198000 -1.044000 0.498000
v -0.294000 -1.620000 0.498000
v -0.270000 -1.562000 0.498000
v -1.276000 -2.152000 0.498000
v -1.316000 -2.058000 0.498000
v -1.366000 -2.138000 0.498000
v -1.664000 -1.084000 0.498000
v -2.318000 -2.044000 0.498000
v -2.270000 -2.080000 0.498000
v -2.254000 -1.996000 0.498000
v -0.648000 -2.336000 0.498000
v -0.594000 -2.276000 0.498000
v -1.464000 -0.140000 0.498000
v -1.958000 -0.028000 0.498000
v -1.936000 -0.136000 0.498000
v -2.462000 -0.752000 0.498000
v -2.412000 -0.782000 0.498000
v -2.408000 -0.700000 0.498000
v -2.164000 -0.634000 0.498000
v -2.236000 -0.676000 0.498000
v -2.286000 -0.756000 0.498000
v -2.220000 -0.820000 0.498000
v -1.064000 -0.452000 0.498000
v -1.092000 -0.394000 0.498000
v -0.606000 -1.640000 0.498000
v -0.868000 -2.414000 0.498000
v -0.068000 -1.954000 0.498000
v -0.018000 -0.340000 0.498000
v -0.018000 -0.398000 0.498000
v -2.388000 -1.400000 0.498000
v -2.324000 -1.444000 0.498000
v -2.388000 -2.298000 0.498000
v -2.328000 -1.974000 0.498000
v -0.278000 -2.476000 0.498000
v -1.618000 -0.086000 0.498000
v -1.978000 -2.110000 0.498000
v -1.030000 -0.174000 0.498000
v -0.804000 -0.646000 0.498000
v -0.676000 -2.268000 0.498000
v -0.712000 -2.314000 0.498000
v -1.660000 -1.726000 0.498000
v -2.422000 -1.214000 0.498000
v -2.470000 -1.122000 0.498000
v -0.218000 -1.312000 0.498000
v -0.242000 -1.990000 0.498000
v -0.280000 -1.908000 0.498000
v -2.358000 -0.808000 0.498000
v -2.322000 -0.862000 0.498000
v -2.406000 -1.076000 0.498000
v -2.366000 -0.750000 0.498000
v -2.110000 -0.696000 0.498000
v -0.722000 -2.112000 0.498000
v -0.652000 -2.198000 0.498000
v -0.616000 -2.136000 0.498000
v -0.128000 -0.132000 0.498000
v -0.078000 -0.080000 0.498000
v -0.940000 -0.894000 0.498000
v -1.660000 -1.632000 0.498000
v -1.598000 -1.714000 0.498000
v -1.714000 -1.876000 0.498000
v -0.622000 -0.174000 0.498000
v -1.474000 -0.004000 0.498000
v -2.298000 -0.658000 0.498000
v -0.718000 -0.096000 0.498000
v -0.660000 -0.112000 0.498000
v -0.790000 -0.078000 0.498000
v -0.454000 -0.654000 0.498000
v -0.162000 -2.450000 0.498000
v -2.344000 -0.196000 0.498000
v -0.084000 -0.472000 0.498000
v -0.004000 -0.512000 0.498000
v -0.518000 -0.568000 0.498000
v -0.466000 -0.584000 0.498000
v -0.936000 -0.496000 0.498000
v -0.992000 -0.510000 0.498000
v -0.520000 -0.626000 0.498000
v -0.556000 -1.930000 0.498000
v -1.198000 -2.322000 0.498000
v -0.592000 -0.666000 0.498000
v -1.938000 -2.304000 0.498000
v -1.920000 -2.374000 0.498000
v -1.990750 -2.372000 0.498000
v -2.246000 -1.448000 0.498000
v -0.994000 -0.120000 0.498000
v -0.926000 -0.134000 0.498000
v -0.936000 -0.072000 0.498000
v -0.958000 -2.228000 0.498000
v -0.968000 -2.286000 0.498000
v -0.018000 -0.060000 0.498000
v -1.226000 -0.706000 0.498000
v -1.306000 -0.696000 0.498000
v -0.226000 -0.072000 0.498000
v -0.162000 -0.076000 0.498000
v -1.722000 -2.460000 0.498000
v -1.648000 -1.928000 0.498000
v -1.382000 -1.730000 0.498000
v -1.414000 -1.786000 0.498000
v -0.028000 -0.970000 0.498000
v -0.594000 -1.768000 0.498000
v -1.084000 -0.028000 0.498000
v -0.080000 -0.870000 0.498000
v -0.934000 -1.886000 0.498000
v -1.546000 -2.158000 0.498000
v -1.176000 -0.542000 0.498000
v -1.684000 -1.972000 0.498000
v -1.258000 -0.094000 0.498000
v -1.250000 -2.074000 0.498000
v -1.214000 -1.742000 0.498000
v -1.784000 -0.582000 0.498000
v -0.138000 -2.376000 0.498000
v -0.090000 -2.324000 0.498000
v -2.444000 -0.966000 0.498000
v -1.878000 -1.802000 0.498000
v -2.208000 -2.190000 0.498000
v -2.286000 -2.160000 0.498000
v -1.766000 -0.240000 0.498000
v -1.806000 -0.182000 0.498000
v -2.282000 -2.456000 0.498000
v -2.448000 -1.390000 0.498000
v -0.612000 -0.822000 0.498000
v -0.512000 -0.826000 0.498000
v -0.116000 -0.560000 0.498000
v -0.732000 -2.368000 0.498000
v -0.706000 -2.436000 0.498000
v -1.102000 -2.326000 0.498000
v -0.400000 -2.468000 0.498000
v -0.342000 -2.460000 0.498000
v -1.108000 -2.224000 0.498000
v -0.822000 -0.482000 0.498000
v -0.622000 -0.512000 0.498000
v -2.168000 -0.852000 0.498000
v -1.004000 -0.666000 0.498000
v -0.556000 -0.894000 0.498000
v -0.470000 -0.778000 0.498000
v -0.864000 -0.680000 0.498000
v -1.294000 -0.378000 0.498000
v -0.730000 -1.796000 0.498000
v -1.420000 -0.870000 0.498000
v -0.572000 -0.428000 0.498000
v -0.536000 -0.512000 0.498000
v -0.506000 -0.430000 0.498000
v -1.454000 -2.144000 0.498000
v -1.976000 -1.668000 0.498000
v -2.112000 -0.144000 0.498000
v -1.346000 -1.940000 0.498000
v -1.366000 -2.010000 0.498000
v -2.296000 -0.956000 0.498000
v -1.744000 -0.996000 0.498000
v -1.724000 -1.076000 0.498000
v -1.680000 -1.022000 0.498000
v -1.132000 -0.346000 0.498000
v -0.384000 -2.426000 0.498000
v -2.232000 -0.290000 0.498000
v -0.992000 -0.592000 0.498000
v -0.666000 -0.256000 0.498000
v -1.940000 -0.410000 0.498000
v -1.922000 -2.460000 0.498000
v -1.026000 -0.064000 0.498000
v -1.026000 -0.004000 0.498000
v -1.670000 -0.954000 0.498000
v -0.456000 -2.300000 0.498000
v -0.894000 -2.208000 0.498000
v -0.932000 -2.126000 0.498000
v -0.438000 -0.838000 0.498000
v -0.022000 -1.670000 0.498000
v -0.078000 -1.626000 0.498000
v -1.982000 -1.108000 0.498000
v -2.082000 -1.476000 0.498000
v -0.552000 -1.458000 0.498000
v -0.616000 -1.380000 0.498000
v -0.486000 -1.534000 0.498000
v -0.360000 -1.462000 0.498000
v -1.900000 -0.748000 0.498000
v -0.030000 -2.126000 0.498000
v -0.382000 -2.098000 0.498000
v -1.788000 -0.418000 0.498000
v -1.004000 -1.850000 0.498000
v -1.168000 -0.292000 0.498000
v -1.440000 -0.604000 0.498000
v -1.436000 -0.686000 0.498000
v -1.360000 -0.632000 0.498000
v -1.494000 -1.874000 0.498000
v -1.926000 -1.450000 0.498000
v -2.060000 -1.546000 0.498000
v -1.546000 -1.796000 0.498000
v -0.846000 -0.390000 0.498000
v -0.082000 -2.158000 0.498000
v -2.018000 -0.384000 0.498000
v -2.416000 -1.836000 0.498000
v -2.414000 -1.760000 0.498000
v -1.060000 -1.934000 0.498000
v -0.876000 -0.756000 0.498000
v -2.116000 -0.078000 0.498000
v -1.932000 -0.218000 0.498000
v -0.872000 -1.492000 0.498000
v -0.544000 -2.078000 0.498000
v -1.368000 -2.388000 0.498000
v -1.444000 -1.840000 0.498000
v -1.380000 -1.846000 0.498000
v -2.348000 -1.802000 0.498000
v -0.838000 -2.460000 0.498000
v -1.676000 -0.864000 0.498000
v -0.054000 -2.254000 0.498000
v -1.614000 -0.364000 0.498000
v -0.386000 -1.724000 0.498000
v -0.348000 -1.780000 0.498000
v -1.628000 -0.540000 0.498000
v -0.720000 -1.952000 0.498000
v -0.350000 -0.896000 0.498000
v -0.412000 -0.890000 0.498000
v -0.422000 -1.836000 0.498000
v -0.706000 -0.842000 0.498000
v -0.702000 -1.326000 0.498000
v -2.338000 -0.704000 0.498000
v -0.396000 -1.424000 0.498000
v -1.178000 -1.588000 0.498000
v -1.318000 -1.886000 0.498000
v -1.710000 -1.690000 0.498000
v -1.266000 -0.180000 0.498000
v -0.554000 -1.172000 0.498000
v -1.472000 -1.274000 0.498000
v -1.006000 -1.204000 0.498000
v -1.926000 -1.308000 0.498000
v -2.134000 -2.164000 0.498000
v -2.024000 -2.142000 0.498000
v -2.072000 -2.118000 0.498000
v -2.054000 -2.204000 0.498000
v -0.390000 -1.956000 0.498000
v -0.830000 -0.014000 0.498000
v -1.312000 -1.160000 0.498000
v -0.392000 -0.200000 0.498000
v -1.166000 -1.318000 0.498000
v -1.460000 -1.426000 0.498000
v -1.018000 -1.050000 0.498000
v -1.020000 -1.618000 0.498000
v -1.736000 -1.638000 0.498000
v -1.940000 -0.580000 0.498000
v -1.754000 -0.744000 0.498000
v -0.444000 -0.412000 0.498000
v -0.364000 -0.402000 0.498000
v -1.966000 -2.430000 0.498000
v -2.386000 -2.034000 0.498000
v -1.316000 -1.298000 0.498000
v -1.162000 -1.180000 0.498000
v -2.470000 -2.214000 0.498000
v -2.476000 -2.286000 0.497250
v -2.258000 -1.770000 0.498000
v -0.732000 -1.642000 0.498000
v -1.768000 -1.424000 0.498000
v -0.710000 -1.054000 0.498000
v -2.382000 -1.678000 0.498000
v -2.390000 -1.580000 0.498000
v -0.278000 -0.862000 0.498000
v -2.194000 -1.178000 0.498000
v -0.344000 -0.148000 0.498000
v -0.294000 -0.096000 0.498000
v -0.858000 -1.072000 0.498000
v -1.620000 -1.404000 0.498000
v -0.562000 -1.030000 0.498000
v -1.626000 -1.270000 0.498000
v -1.958000 -1.174000 0.498000
v -0.552000 -1.314000 0.498000
v -0.850000 -1.208000 0.498000
v -1.050000 -1.766000 0.498000
v -0.864000 -1.354000 0.498000
v -1.454000 -1.002000 0.498000
v -1.372000 -0.306000 0.498000
v -1.280000 -0.318000 0.498000
v -1.464000 -1.134000 0.498000
v -1.476000 -1.580000 0.498000
v -1.014000 -1.344000 0.498000
v -1.022000 -1.476000 0.498000
v -1.370000 -0.704000 0.498000
v -0.958000 -0.280000 0.498000
v -1.002000 -0.896000 0.498000
v -1.048000 -0.822000 0.498000
v -1.074000 -0.896000 0.498000
v -0.050000 -0.554000 0.498000
v -1.454000 -0.364000 0.498000
v -1.948000 -1.960000 0.498000
v -1.438000 -0.534000 0.498000
v -1.548000 -2.254000 0.498000
v -1.322000 -1.574000 0.498000
v -2.176000 -1.948000 0.498000
v -0.172000 -0.494000 0.498000
v -0.448000 -0.262000 0.498000
v -2.034000 -2.448000 0.498000
v -1.102000 -0.754000 0.498000
v -2.454000 -1.914000 0.498000
v -2.394000 -1.954000 0.498000
v -1.312000 -1.030000 0.498000
v -1.166000 -1.448000 0.498000
v -1.296000 -0.052000 0.498000
v -1.882000 -2.160000 0.498000
v -1.214000 -2.128000 0.498000
v -0.198000 -1.682000 0.498000
v -1.310000 -1.436000 0.498000
v -1.166000 -1.042000 0.498000
v -0.878000 -1.652000 0.498000
v -1.798000 -0.006000 0.498000
v -0.250000 -0.516000 0.498000
v -2.112000 -2.458000 0.498000
v -2.446000 -1.594000 0.498000
v -2.442000 -1.646000 0.498000
v -1.956000 -2.042000 0.498000
v -1.898000 -0.898000 0.498000
v -0.362000 -0.086000 0.498000
v -0.380000 -2.296000 0.498000
v -0.262000 -2.222000 0.498000
v -0.204000 -1.552000 0.498000
v -2.082000 -1.322000 0.498000
v -0.022000 -2.056000 0.498000
v -0.842000 -0.126000 0.498000
v -1.772000 -1.286000 0.498000
v -0.702000 -1.188000 0.498000
v -1.148000 -0.898000 0.498000
v -1.016000 -2.104000 0.498000
v -0.274000 -2.462000 0.498000
v -0.588000 -2.198000 0.498000
v -1.020000 -2.316000 0.498000
v -0.768000 -2.302000 0.498000
v -0.810000 -2.356000 0.498000
v -0.216000 -1.494000 0.498000
v -1.752000 -2.476000 0.498000
v -0.874000 -0.040000 0.498000
v -1.150000 -0.216000 0.498000
v -0.264000 -1.238000 0.498000
v -1.746000 -0.916000 0.498000
v -0.334000 -2.230000 0.498000
v -1.910000 -2.000000 0.498000
v -0.598000 -1.704000 0.498000
v -0.056000 -0.318000 0.498000
v -2.026000 -2.070000 0.498000
v -1.758000 -0.002000 0.498000
v -0.230000 -1.616000 0.498000
v -2.418000 -0.454000 0.498000
v -0.018000 -0.898000 0.498000
v -1.590000 -0.144000 0.498000
v -1.520000 -0.172000 0.498000
v -1.344000 -0.006000 0.498000
v -0.258000 -1.010000 0.498000
v -0.244000 -2.156000 0.498000
v -0.002000 -0.696000 0.498000
v -0.002000 -0.820000 0.498000
v -0.194000 -2.210000 0.498000
v -0.478000 -2.476000 0.498000
v -2.410000 -0.514000 0.498000
v -0.556000 -2.476000 0.498000
v -0.018000 -1.590000 0.498000
v -2.362000 -2.116000 0.498000
v -2.474000 -0.424000 0.498000
v -2.474000 -0.232000 0.498000
v -0.002000 -1.640000 0.498000
v -0.064000 -0.380000 0.498000
v -2.470000 -2.360000 0.498000
v -2.452000 -2.398000 0.498000
v -0.040000 -0.788000 0.498000
v -0.202000 -2.476000 0.498000
v -2.326000 -1.728000 0.498000
v -2.198000 -2.462000 0.498000
v -0.094000 -0.008000 0.498000
v -2.472000 -1.468000 0.498000
v -2.446000 -0.228000 0.498000
v -0.950000 -0.022000 0.498000
v -2.474000 -0.538000 0.498000
v -0.008000 -1.444000 0.498000
v -2.338000 -1.518000 0.498000
v -2.320000 -0.082000 0.498000
v -2.224000 -0.988000 0.498000
v -2.470000 -2.112000 0.498000
v -0.006000 -1.514000 0.498000
v -0.016000 -1.992000 0.498000
v -1.970000 -2.246000 0.498000
v -1.238750 -0.274000 0.012000
v -1.732750 -0.212000 0.012000
v -1.238750 -0.100000 0.012000
v -0.746750 -0.212000 0.012000
v -0.100750 -1.238000 0.012000
v -0.274750 -1.238000 0.012000
v -0.212750 -0.746000 0.012000
v -0.212750 -1.732000 0.012000
v -0.528750 -2.128000 0.012000
v -0.884750 -1.858000 0.012000
v -0.618750 -1.594000 0.012000
v -0.350750 -1.950000 0.012000
v -1.732750 -2.264000 0.012000
v -1.950750 -2.128000 0.012000
v -2.128750 -1.950000 0.012000
v -2.376000 -2.376000 0.012000
v -2.264750 -1.732000 0.012000
v -1.858750 -1.594000 0.012000
v -1.594750 -1.858000 0.012000
v -2.202750 -1.238000 0.012000
v -1.626750 -1.380000 0.012000
v -1.380750 -1.626000 0.012000
v -1.238000 -1.238000 0.004000
v -1.238750 -1.238000 0.012000
v -1.238000 -1.238000 0.018000
v -1.098000 -1.626000 0.012000
v -0.852000 -1.380000 0.012000
v -0.852000 -1.098000 0.012000
v -1.098000 -0.852000 0.012000
v -1.380000 -0.852000 0.012000
v -1.626000 -1.098000 0.012000
v -1.858750 -0.884000 0.012000
v -2.376000 -1.238750 0.012000
v -2.264750 -0.746000 0.012000
v -1.950750 -0.350000 0.012000
v -1.594750 -0.618000 0.012000
v -2.128750 -0.528000 0.012000
v -2.376000 -0.100000 0.012000
v -0.528750 -0.350000 0.012000
v -0.350750 -0.528000 0.012000
v -0.618750 -0.884000 0.012000
v -0.884750 -0.618000 0.012000
v -0.100000 -0.100000 0.012000
v -1.238750 -2.202000 0.012000
v -1.238750 -2.376000 0.012000
v -0.746750 -2.264000 0.012000
v -0.100000 -2.376000 0.012000
f 5047 5048 5049
f 5049 5048 5050
f 5049 5050 5051
f 5051 5050 5052
f 5051 5052 5053
f 5053 5052 5054
f 5053 5054 5055
f 5055 5054 5056
f 5055 5056 5057
f 5058 7458 5056
f 5058 5059 5057
f 5057 5059 5060
f 5057 5060 5061
f 5061 5060 5062
f 5063 7456 5060
f 5063 5060 5059
f 5062 5063 5064
f 5064 5063 5065
f 5064 5065 5066
f 5066 5062 5064
f 5066 5065 5067
f 5067 5065 5068
f 5067 5068 5069
f 5069 5068 5070
f 5069 5070 5071
f 5071 5070 5072
f 5071 5072 5048
f 7457 5047 5073
f 5048 5073 5071
f 5073 5074 5071
f 5071 5074 5069
f 5074 5075 5069
f 5069 5075 5067
f 5075 5066 5067
f 5066 5075 5062
f 5062 5075 5074
f 5062 5074 5061
f 5061 5074 5053
f 5061 5053 5055
f 5053 5074 5051
f 5051 5074 5073
f 5051 5073 5049
f 5049 5073 5047
f 5055 5057 5061
f 7458 5058 5076
f 5076 5058 5077
f 5076 5077 5078
f 5078 5077 5079
f 5078 5079 5080
f 5080 5079 5081
f 5080 5081 5082
f 5082 5081 5083
f 5082 5083 5084
f 5084 5083 5085
f 7459 5085 5086
f 5084 5086 5087
f 5084 5087 5088
f 5088 5087 5089
f 5089 5087 5090
f 5089 5090 5091
f 5091 5090 5092
f 5091 5092 5093
f 5093 5092 5094
f 5094 5092 5095
f 5095 5092 5090
f 5095 5090 5096
f 5096 5090 5087
f 5096 5087 5086
f 5093 5094 5097
f 5097 5094 5063
f 5097 5063 5062
f 5062 5093 5097
f 7456 5063 5098
f 5098 5063 5099
f 5098 5099 5058
f 5057 5100 5058
f 5058 5100 5098
f 5100 5062 5098
f 5100 5089 5062
f 5062 5089 5091
f 5062 5091 5093
f 5057 5076 5100
f 5100 5076 5078
f 5100 5078 5089
f 5089 5078 5080
f 5089 5080 5088
f 5088 5080 5082
f 5088 5082 5084
f 5101 5102 5103
f 5103 5102 5104
f 5103 5104 5105
f 5105 5104 5106
f 5105 5106 5107
f 5107 5106 5108
f 5107 5108 5109
f 5109 5108 5110
f 5109 5110 5111
f 5112 7460 5110
f 5112 5113 5111
f 5111 5113 5114
f 5111 5114 5115
f 5115 5114 5116
f 5117 7461 5114
f 5117 5114 5113
f 5116 5117 5118
f 5118 5117 5119
f 5118 5119 5120
f 5120 5116 5118
f 5120 5119 5121
f 5121 5119 5122
f 5121 5122 5123
f 5123 5122 5124
f 5123 5124 5125
f 5125 5124 5126
f 5125 5126 5102
f 7462 5101 5127
f 5102 5127 5125
f 5127 5128 5125
f 5125 5128 5123
f 5128 5129 5123
f 5123 5129 5121
f 5129 5120 5121
f 5120 5129 5116
f 5116 5129 5128
f 5116 5128 5115
f 5115 5128 5107
f 5115 5107 5109
f 5107 5128 5105
f 5105 5128 5127
f 5105 5127 5103
f 5103 5127 5101
f 5109 5111 5115
f 7460 5112 5130
f 5130 5112 5131
f 5130 5131 5132
f 5132 5131 5133
f 5132 5133 5134
f 5134 5133 5135
f 5134 5135 5136
f 5136 5135 5137
f 5136 5137 5138
f 5138 5137 5139
f 7463 5139 5140
f 5138 5140 5141
f 5138 5141 5142
f 5142 5141 5143
f 5143 5141 5144
f 5143 5144 5145
f 5145 5144 5146
f 5145 5146 5147
f 5147 5146 5148
f 5148 5146 5149
f 5149 5146 5144
f 5149 5144 5150
f 5150 5144 5141
f 5150 5141 5140
f 5147 5148 5151
f 5151 5148 5117
f 5151 5117 5116
f 5116 5147 5151
f 7461 5117 5152
f 5152 5117 5153
f 5152 5153 5112
f 5111 5154 5112
f 5112 5154 5152
f 5154 5116 5152
f 5154 5143 5116
f 5116 5143 5145
f 5116 5145 5147
f 5111 5130 5154
f 5154 5130 5132
f 5154 5132 5143
f 5143 5132 5134
f 5143 5134 5142
f 5142 5134 5136
f 5142 5136 5138
f 5155 5156 5157
f 5157 5156 5158
f 5157 5158 5159
f 5159 5158 5160
f 5159 5160 5161
f 5161 5160 5162
f 7464 5162 5163
f 5161 5163 5164
f 5161 5164 5165
f 5165 5164 5166
f 5166 5164 5167
f 5166 5167 5168
f 5168 5167 5169
f 5168 5169 5170
f 5170 5169 5171
f 5171 5169 5172
f 5172 5169 5167
f 5172 5167 5173
f 5173 5167 5164
f 5173 5164 5163
f 7465 5171 5174
f 5174 5171 5175
f 5174 5175 5176
f 5176 5175 5177
f 5176 5177 5178
f 5178 5177 5179
f 5178 5179 5180
f 5180 7466 5178
f 5178 5181 5182
f 5178 5182 5183
f 5178 5183 5176
f 5176 5183 5184
f 5176 5184 5174
f 5174 5184 5170
f 5181 5180 5185
f 5185 5180 5186
f 5185 5186 5187
f 5187 5186 5188
f 5187 5188 5189
f 5189 5188 5190
f 5189 5190 5156
f 7467 5155 5191
f 5156 5191 5189
f 5191 5192 5189
f 5189 5192 5187
f 5192 5193 5187
f 5187 5193 5185
f 5193 5181 5185
f 5181 5193 5182
f 5182 5193 5192
f 5182 5192 5183
f 5183 5192 5166
f 5183 5166 5184
f 5184 5166 5168
f 5184 5168 5170
f 5192 5191 5166
f 5166 5191 5165
f 5165 5191 5157
f 5165 5157 5159
f 5191 5155 5157
f 5159 5161 5165
f 5194 5195 5196
f 5196 5195 5197
f 5196 5197 5198
f 5198 5197 5199
f 5198 5199 5200
f 5200 5199 5201
f 7468 5201 5202
f 5202 5201 5203
f 5202 5203 5204
f 5204 5203 5205
f 5204 5205 5206
f 5206 5205 5207
f 5206 5207 5208
f 5209 5210 5208
f 5208 5210 5206
f 5210 5211 5206
f 5206 5211 5204
f 5211 5212 5204
f 5204 5212 5202
f 5212 5200 5202
f 7471 5208 5213
f 5209 5213 5214
f 5209 5214 5215
f 5215 5214 5216
f 5216 5214 5217
f 5216 5217 5218
f 5218 5217 5219
f 5218 5219 5194
f 7469 5194 5219
f 5195 5219 5220
f 5220 5219 5217
f 5220 5217 5221
f 5221 5217 5214
f 5221 5214 5213
f 5209 5215 5210
f 5210 5215 5211
f 5211 5215 5216
f 5211 5216 5212
f 5212 5216 5218
f 5212 5218 5198
f 5198 5218 5196
f 5196 5218 5194
f 5198 5200 5212
f 5222 5223 5224
f 5224 5223 5225
f 5224 5225 5226
f 5226 5225 5227
f 5226 5227 5228
f 5228 5227 5229
f 7470 5229 5230
f 5230 5229 5231
f 5230 5231 5232
f 5232 5231 5233
f 5232 5233 5234
f 5234 5233 5235
f 5234 5235 5208
f 5208 7471 5236
f 5208 5236 5234
f 5236 5237 5234
f 5234 5237 5232
f 5237 5238 5232
f 5232 5238 5230
f 5238 5228 5230
f 5208 5239 5209
f 5209 5239 5240
f 5209 5240 5241
f 5241 5240 5242
f 5242 5240 5243
f 5242 5243 5244
f 5244 5243 5245
f 5244 5245 5222
f 7472 5222 5245
f 5223 5245 5246
f 5246 5245 5243
f 5246 5243 5247
f 5247 5243 5240
f 5247 5240 5239
f 5209 5241 5236
f 5236 5241 5242
f 5236 5242 5237
f 5237 5242 5244
f 5237 5244 5238
f 5238 5244 5224
f 5238 5224 5226
f 5244 5222 5224
f 5226 5228 5238
f 5229 5248 5228
f 5228 5248 5249
f 5228 5249 5250
f 5250 5249 5251
f 5251 5249 5252
f 5251 5252 5253
f 5253 5252 5254
f 5253 5254 5255
f 5255 5254 5256
f 5256 5254 5257
f 5257 5254 5252
f 5257 5252 5258
f 5258 5252 5249
f 5258 5249 5248
f 7473 5256 5259
f 5259 5256 5260
f 5259 5260 5261
f 5261 5260 5262
f 5261 5262 5263
f 5263 5262 5264
f 5263 5264 5265
f 5265 7474 5263
f 5263 5266 5267
f 5263 5267 5268
f 5263 5268 5261
f 5261 5268 5269
f 5261 5269 5259
f 5259 5269 5255
f 5266 5265 5270
f 5270 5265 5271
f 5270 5271 5272
f 5272 5271 5273
f 5272 5273 5274
f 5274 5273 5275
f 5274 5275 5195
f 5194 5276 5195
f 5195 5276 5274
f 5276 5277 5274
f 5274 5277 5272
f 5277 5278 5272
f 5272 5278 5270
f 5278 5266 5270
f 5194 7469 5279
f 5279 5195 5280
f 5279 5280 5281
f 5281 5280 5282
f 5281 5282 5228
f 5229 7470 5282
f 5194 5279 5276
f 5276 5279 5281
f 5276 5281 5250
f 5250 5281 5228
f 5276 5250 5277
f 5277 5250 5251
f 5277 5251 5268
f 5268 5251 5269
f 5269 5251 5253
f 5269 5253 5255
f 5268 5267 5277
f 5277 5267 5278
f 5278 5267 5266
f 5283 5284 5285
f 5285 5284 5286
f 5285 5286 5287
f 5287 5286 5288
f 5289 7475 5286
f 5289 5286 5284
f 5288 5289 5290
f 5290 5289 5291
f 5290 5291 5292
f 5292 5288 5290
f 5292 5291 5293
f 5293 5291 5294
f 5293 5294 5295
f 5295 5294 5296
f 5295 5296 5297
f 5297 5296 5298
f 5297 5298 5223
f 5222 5299 5223
f 5223 5299 5297
f 5299 5300 5297
f 5297 5300 5295
f 5300 5301 5295
f 5295 5301 5293
f 5301 5292 5293
f 5222 7472 5302
f 5302 5223 5303
f 5302 5303 5304
f 5304 5303 5305
f 5304 5305 5306
f 5306 5305 5307
f 5306 5307 5308
f 5308 5307 5309
f 5308 5309 5285
f 7488 5285 5309
f 5222 5302 5299
f 5299 5302 5304
f 5299 5304 5300
f 5300 5304 5306
f 5300 5306 5287
f 5287 5306 5308
f 5287 5308 5285
f 5287 5288 5300
f 5300 5288 5301
f 5301 5288 5292
f 5255 5256 5310
f 5310 5256 5311
f 5310 5311 5312
f 5312 5311 5313
f 5312 5313 5314
f 5314 5313 5315
f 5314 5315 5316
f 5317 5318 5316
f 5316 5318 5314
f 5318 5319 5314
f 5314 5319 5312
f 5319 5320 5312
f 5312 5320 5310
f 5320 5255 5310
f 5316 5321 5317
f 5317 5321 5322
f 5317 5322 5323
f 5323 5322 5324
f 5324 5322 5325
f 5324 5325 5326
f 5326 5325 5327
f 5326 5327 5328
f 5328 5327 5329
f 5328 5329 5330
f 5330 5329 5331
f 5330 5331 5332
f 5332 5331 5333
f 5332 5333 5334
f 5334 5333 5335
f 5334 5335 5336
f 5337 7476 5335
f 5337 5335 5338
f 5338 5335 5333
f 5338 5333 5339
f 5339 5333 5331
f 5339 5331 5340
f 5340 5331 5329
f 5340 5329 5341
f 5341 5329 5327
f 5341 5327 5342
f 5342 5327 5325
f 5342 5325 5343
f 5343 5325 5322
f 5343 5322 5321
f 7476 5337 5344
f 5344 5337 5345
f 5344 5345 5346
f 5346 5345 5347
f 5346 5347 5348
f 5348 5347 5349
f 5348 5349 5256
f 5256 7473 5350
f 5256 5350 5348
f 5350 5351 5348
f 5348 5351 5346
f 5351 5352 5346
f 5346 5352 5344
f 5352 5336 5344
f 5336 5352 5334
f 5334 5352 5332
f 5332 5352 5351
f 5332 5351 5330
f 5330 5351 5319
f 5330 5319 5328
f 5328 5319 5326
f 5326 5319 5318
f 5326 5318 5324
f 5324 5318 5323
f 5323 5318 5317
f 5319 5351 5320
f 5320 5351 5350
f 5320 5350 5255
f 5355 7477 5354
f 5355 5354 5356
f 5355 5356 5357
f 5357 5356 5358
f 5358 5356 5359
f 5359 5356 5360
f 5359 5360 5361
f 5361 5360 5362
f 5361 5362 5363
f 5363 5362 5364
f 5363 5364 5365
f 5365 5364 5366
f 5365 5366 5367
f 5367 5366 5368
f 5367 5368 5369
f 5354 5370 5356
f 5356 5370 5371
f 5356 5371 5360
f 5360 5371 5372
f 5360 5372 5362
f 5362 5372 5373
f 5362 5373 5364
f 5364 5373 5374
f 5364 5374 5366
f 5366 5374 5375
f 5366 5375 5368
f 5368 5376 5369
f 5369 5376 5377
f 5369 5377 5378
f 5378 5377 5379
f 5379 5377 5380
f 5379 5380 5381
f 5381 5380 5382
f 5381 5382 5266
f 5266 5382 5265
f 5265 5382 5383
f 5383 5382 5380
f 5383 5380 5384
f 5384 5380 5377
f 5384 5377 5376
f 7474 5265 5385
f 5266 5385 5386
f 5266 5386 5387
f 5387 5386 5388
f 5388 5386 5389
f 5388 5389 5390
f 5390 5389 5391
f 5390 5391 5355
f 7477 5355 5391
f 5353 5391 5392
f 5392 5391 5389
f 5392 5389 5393
f 5393 5389 5386
f 5393 5386 5385
f 5266 5387 5381
f 5381 5387 5388
f 5381 5388 5379
f 5379 5388 5359
f 5379 5359 5361
f 5359 5388 5358
f 5358 5388 5390
f 5358 5390 5357
f 5357 5390 5355
f 5361 5363 5379
f 5379 5363 5378
f 5378 5363 5365
f 5378 5365 5367
f 5367 5369 5378
f 5337 5394 5336
f 5336 5394 5395
f 5336 5395 5396
f 5396 5395 5397
f 5397 5395 5398
f 5397 5398 5399
f 5399 5398 5400
f 5399 5400 5401
f 5401 5400 5402
f 5401 5402 5403
f 5403 5402 5404
f 5403 5404 5405
f 5405 5404 5406
f 5405 5406 5407
f 5407 5406 5408
f 5407 5408 5409
f 5410 7480 5408
f 5410 5408 5411
f 5411 5408 5406
f 5411 5406 5412
f 5412 5406 5404
f 5412 5404 5413
f 5413 5404 5402
f 5413 5402 5414
f 5414 5402 5400
f 5414 5400 5415
f 5415 5400 5398
f 5415 5398 5416
f 5416 5398 5395
f 5416 5395 5394
f 7480 5410 5417
f 5417 5410 5418
f 5417 5418 5419
f 5419 5418 5420
f 5419 5420 5421
f 5421 5420 5422
f 5421 5422 5423
f 5423 5422 5424
f 5423 5424 5425
f 5425 5424 5426
f 5425 5426 5427
f 5427 5426 5428
f 5427 5428 5429
f 5429 5428 5430
f 5429 5430 5353
f 5355 5431 5353
f 5353 5431 5429
f 5431 5432 5429
f 5429 5432 5427
f 5432 5433 5427
f 5427 5433 5425
f 5433 5434 5425
f 5425 5434 5423
f 5434 5435 5423
f 5423 5435 5421
f 5435 5436 5421
f 5421 5436 5419
f 5436 5437 5419
f 5419 5437 5417
f 5437 5409 5417
f 5353 5438 5355
f 5355 5438 5439
f 5439 5438 5440
f 5439 5440 5441
f 5441 5440 5442
f 5442 5440 5443
f 5442 5443 5444
f 5444 5443 5445
f 5444 5445 5446
f 5446 5445 5447
f 5446 5447 5448
f 5448 5447 5449
f 5448 5449 5450
f 5450 5449 5337
f 5450 5337 5336
f 5438 5451 5440
f 5440 5451 5452
f 5440 5452 5443
f 5443 5452 5453
f 5443 5453 5445
f 5445 5453 5454
f 5445 5454 5447
f 5447 5454 5455
f 5447 5455 5449
f 5449 5455 5456
f 5449 5456 5337
f 5355 5439 5431
f 5431 5439 5441
f 5431 5441 5432
f 5432 5441 5442
f 5432 5442 5433
f 5433 5442 5444
f 5433 5444 5434
f 5434 5444 5401
f 5434 5401 5435
f 5435 5401 5403
f 5435 5403 5436
f 5436 5403 5405
f 5436 5405 5437
f 5437 5405 5407
f 5437 5407 5409
f 5401 5444 5399
f 5399 5444 5446
f 5399 5446 5397
f 5397 5446 5448
f 5397 5448 5396
f 5396 5448 5450
f 5396 5450 5336
f 5459 7481 5458
f 5459 5458 5460
f 5459 5460 5461
f 5461 5460 5462
f 5462 5460 5463
f 5462 5463 5464
f 5464 5463 5465
f 5464 5465 5466
f 5466 5465 5467
f 5466 5467 5468
f 5468 5467 5469
f 5468 5469 5470
f 5470 5469 5471
f 5470 5471 5472
f 5472 5471 5473
f 5472 5473 5409
f 5410 7479 5473
f 5410 5473 5474
f 5474 5473 5471
f 5474 5471 5475
f 5475 5471 5469
f 5475 5469 5476
f 5476 5469 5467
f 5476 5467 5477
f 5477 5467 5465
f 5477 5465 5478
f 5478 5465 5463
f 5478 5463 5479
f 5479 5463 5460
f 5479 5460 5458
f 5409 5410 5480
f 5480 5410 5481
f 5480 5481 5482
f 5482 5481 5483
f 5482 5483 5484
f 5484 5483 5485
f 5484 5485 5486
f 5486 5485 5487
f 5486 5487 5488
f 5488 5487 5489
f 5488 5489 5490
f 5490 5489 5491
f 5490 5491 5492
f 5492 5491 5493
f 5492 5493 5494
f 5494 7482 5496
f 5494 5496 5492
f 5496 5497 5492
f 5492 5497 5490
f 5497 5498 5490
f 5490 5498 5488
f 5498 5499 5488
f 5488 5499 5486
f 5499 5500 5486
f 5486 5500 5484
f 5500 5501 5484
f 5484 5501 5482
f 5501 5502 5482
f 5482 5502 5480
f 5502 5409 5480
f 7482 5494 5503
f 5495 5503 5504
f 5504 5503 5505
f 5504 5505 5506
f 5506 5505 5507
f 5507 5505 5508
f 5507 5508 5509
f 5509 5508 5510
f 5509 5510 5511
f 5511 5510 5512
f 5511 5512 5513
f 5513 5512 5514
f 5513 5514 5515
f 5515 5514 5457
f 7481 5459 5515
f 5503 5516 5505
f 5505 5516 5517
f 5505 5517 5508
f 5508 5517 5518
f 5508 5518 5510
f 5510 5518 5519
f 5510 5519 5512
f 5512 5519 5520
f 5512 5520 5514
f 5514 5520 5521
f 5514 5521 5457
f 5495 5504 5496
f 5496 5504 5506
f 5496 5506 5497
f 5497 5506 5507
f 5497 5507 5498
f 5498 5507 5509
f 5498 5509 5499
f 5499 5509 5466
f 5499 5466 5468
f 5466 5509 5464
f 5464 5509 5511
f 5464 5511 5462
f 5462 5511 5513
f 5462 5513 5461
f 5461 5513 5515
f 5461 5515 5459
f 5499 5468 5500
f 5500 5468 5470
f 5500 5470 5501
f 5501 5470 5472
f 5501 5472 5502
f 5502 5472 5409
f 5524 7484 5523
f 5524 5523 5525
f 5525 5523 5526
f 5525 5526 5527
f 5527 5526 5528
f 5528 5526 5529
f 5528 5529 5530
f 5530 5529 5531
f 5530 5531 5532
f 5532 5531 5533
f 5532 5533 5534
f 5534 5533 5535
f 5534 5535 5536
f 5536 5535 5537
f 5537 7483 5536
f 5523 5539 5526
f 5526 5539 5540
f 5526 5540 5529
f 5529 5540 5541
f 5529 5541 5531
f 5531 5541 5542
f 5531 5542 5533
f 5533 5542 5543
f 5533 5543 5535
f 5535 5543 5544
f 5535 5544 5537
f 7483 5537 5545
f 5538 5545 5546
f 5538 5546 5547
f 5547 5546 5548
f 5548 5546 5549
f 5548 5549 5550
f 5550 5549 5551
f 5550 5551 5552
f 5552 5551 5553
f 5552 5553 5554
f 5554 5553 5555
f 5554 5555 5556
f 5556 5555 5557
f 5556 5557 5558
f 5558 5557 5559
f 5558 5559 5409
f 5410 7478 5559
f 5410 5559 5560
f 5560 5559 5557
f 5560 5557 5561
f 5561 5557 5555
f 5561 5555 5562
f 5562 5555 5553
f 5562 5553 5563
f 5563 5553 5551
f 5563 5551 5564
f 5564 5551 5549
f 5564 5549 5565
f 5565 5549 5546
f 5565 5546 5545
f 7478 5410 5566
f 5566 5410 5567
f 5566 5567 5568
f 5568 5567 5569
f 5568 5569 5570
f 5570 5569 5571
f 5570 5571 5572
f 5572 5571 5573
f 5572 5573 5574
f 5574 5573 5575
f 5574 5575 5576
f 5576 5575 5577
f 5576 5577 5578
f 5578 5577 5579
f 5578 5579 5522
f 7484 5524 5580
f 5522 5580 5578
f 5580 5581 5578
f 5578 5581 5576
f 5581 5582 5576
f 5576 5582 5574
f 5582 5583 5574
f 5574 5583 5572
f 5583 5584 5572
f 5572 5584 5570
f 5584 5585 5570
f 5570 5585 5568
f 5585 5586 5568
f 5568 5586 5566
f 5586 5409 5566
f 5409 5586 5558
f 5558 5586 5556
f 5556 5586 5585
f 5556 5585 5554
f 5554 5585 5584
f 5554 5584 5552
f 5552 5584 5583
f 5552 5583 5530
f 5530 5583 5582
f 5530 5582 5528
f 5528 5582 5581
f 5528 5581 5527
f 5527 5581 5580
f 5527 5580 5525
f 5525 5580 5524
f 5552 5530 5550
f 5550 5530 5532
f 5550 5532 5548
f 5548 5532 5534
f 5548 5534 5547
f 5547 5534 5536
f 5547 5536 5538
f 5589 7486 5588
f 5589 5588 5590
f 5590 5588 5591
f 5590 5591 5592
f 5592 5591 5593
f 5593 5591 5594
f 5593 5594 5595
f 5595 5594 5596
f 5595 5596 5597
f 5597 5596 5598
f 5597 5598 5599
f 5599 5598 5600
f 5599 5600 5601
f 5601 5600 5602
f 5602 7485 5601
f 5588 5604 5591
f 5591 5604 5605
f 5591 5605 5594
f 5594 5605 5606
f 5594 5606 5596
f 5596 5606 5607
f 5596 5607 5598
f 5598 5607 5608
f 5598 5608 5600
f 5600 5608 5609
f 5600 5609 5602
f 7485 5602 5610
f 5603 5610 5611
f 5603 5611 5612
f 5612 5611 5613
f 5613 5611 5614
f 5613 5614 5615
f 5615 5614 5616
f 5615 5616 5617
f 5617 5616 5618
f 5617 5618 5619
f 5619 5618 5620
f 5619 5620 5621
f 5621 5620 5622
f 5621 5622 5623
f 5623 5622 5624
f 5623 5624 5409
f 5409 5624 5410
f 5410 5624 5625
f 5625 5624 5622
f 5625 5622 5626
f 5626 5622 5620
f 5626 5620 5627
f 5627 5620 5618
f 5627 5618 5628
f 5628 5618 5616
f 5628 5616 5629
f 5629 5616 5614
f 5629 5614 5630
f 5630 5614 5611
f 5630 5611 5610
f 7479 5410 5631
f 5631 5410 5632
f 5631 5632 5633
f 5633 5632 5634
f 5633 5634 5635
f 5635 5634 5636
f 5635 5636 5637
f 5637 5636 5638
f 5637 5638 5639
f 5639 5638 5640
f 5639 5640 5641
f 5641 5640 5642
f 5641 5642 5643
f 5643 5642 5644
f 5643 5644 5587
f 7486 5589 5645
f 5587 5645 5643
f 5645 5646 5643
f 5643 5646 5641
f 5646 5647 5641
f 5641 5647 5639
f 5647 5648 5639
f 5639 5648 5637
f 5648 5649 5637
f 5637 5649 5635
f 5649 5650 5635
f 5635 5650 5633
f 5650 5651 5633
f 5633 5651 5631
f 5651 5409 5631
f 5409 5651 5623
f 5623 5651 5650
f 5623 5650 5621
f 5621 5650 5649
f 5621 5649 5619
f 5619 5649 5648
f 5619 5648 5617
f 5617 5648 5595
f 5617 5595 5615
f 5615 5595 5597
f 5615 5597 5613
f 5613 5597 5599
f 5613 5599 5612
f 5612 5599 5601
f 5612 5601 5603
f 5648 5647 5595
f 5595 5647 5593
f 5593 5647 5646
f 5593 5646 5592
f 5592 5646 5645
f 5592 5645 5590
f 5590 5645 5589
f 5587 5652 5589
f 5589 5652 5653
f 5589 5653 5654
f 5654 5653 5655
f 5655 5653 5656
f 5656 5653 5657
f 5656 5657 5658
f 5658 5657 5659
f 5658 5659 5660
f 5660 5659 5661
f 5660 5661 5662
f 5662 5661 5663
f 5662 5663 5664
f 5664 5663 5665
f 5664 5665 5666
f 5652 5667 5653
f 5653 5667 5668
f 5653 5668 5657
f 5657 5668 5669
f 5657 5669 5659
f 5659 5669 5670
f 5659 5670 5661
f 5661 5670 5671
f 5661 5671 5663
f 5663 5671 5672
f 5663 5672 5665
f 5665 5673 5666
f 5666 5673 5674
f 5666 5674 5675
f 5675 5674 5676
f 5676 5674 5677
f 5676 5677 5678
f 5678 5677 5679
f 5678 5679 5680
f 5681 7487 5679
f 5681 5679 5682
f 5682 5679 5677
f 5682 5677 5683
f 5683 5677 5674
f 5683 5674 5673
f 5681 5684 5680
f 5680 5684 5685
f 5680 5685 5686
f 5686 5685 5687
f 5687 5685 5688
f 5687 5688 5689
f 5689 5688 5690
f 5689 5690 5589
f 5589 5690 5587
f 5587 5690 5691
f 5691 5690 5688
f 5691 5688 5692
f 5692 5688 5685
f 5692 5685 5684
f 5680 5686 5678
f 5678 5686 5687
f 5678 5687 5676
f 5676 5687 5656
f 5676 5656 5658
f 5656 5687 5655
f 5655 5687 5689
f 5655 5689 5654
f 5654 5689 5589
f 5658 5660 5676
f 5676 5660 5675
f 5675 5660 5662
f 5675 5662 5664
f 5664 5666 5675
f 5285 7488 5693
f 5693 5283 5694
f 5693 5694 5695
f 5695 5694 5696
f 5695 5696 5697
f 5697 5696 5698
f 5697 5698 5699
f 5699 5698 5700
f 5699 5700 5701
f 5701 5700 5702
f 7489 5702 5703
f 5701 5703 5704
f 5701 5704 5705
f 5705 5704 5706
f 5706 5704 5707
f 5706 5707 5708
f 5708 5707 5709
f 5708 5709 5710
f 5710 5709 5711
f 5711 5709 5712
f 5712 5709 5707
f 5712 5707 5713
f 5713 5707 5704
f 5713 5704 5703
f 5710 5711 5714
f 5714 5711 5289
f 5714 5289 5288
f 5288 5710 5714
f 7475 5289 5715
f 5715 5289 5716
f 5715 5716 5283
f 5285 5717 5283
f 5283 5717 5715
f 5717 5288 5715
f 5717 5706 5288
f 5288 5706 5708
f 5288 5708 5710
f 5285 5693 5717
f 5717 5693 5695
f 5717 5695 5706
f 5706 5695 5697
f 5706 5697 5705
f 5705 5697 5699
f 5705 5699 5701
f 5720 7490 5719
f 5720 5719 5721
f 5720 5721 5722
f 5722 5721 5723
f 5723 5721 5724
f 5723 5724 5725
f 5725 5724 5726
f 5725 5726 5727
f 5727 5726 5728
f 5728 5726 5729
f 5729 5726 5724
f 5729 5724 5730
f 5730 5724 5721
f 5730 5721 5719
f 7491 5728 5731
f 5731 5728 5732
f 5731 5732 5733
f 5733 5732 5734
f 5733 5734 5735
f 5735 5734 5736
f 5735 5736 5681
f 5681 5680 5735
f 5735 5680 5737
f 5735 5737 5738
f 5735 5738 5733
f 5733 5738 5739
f 5733 5739 5731
f 5731 5739 5727
f 7487 5681 5740
f 5740 5681 5741
f 5740 5741 5742
f 5742 5741 5743
f 5742 5743 5744
f 5744 5743 5745
f 5744 5745 5746
f 5746 7492 5748
f 5746 5748 5744
f 5748 5749 5744
f 5744 5749 5742
f 5749 5750 5742
f 5742 5750 5740
f 5750 5680 5740
f 5747 5746 5751
f 5751 5746 5752
f 5751 5752 5753
f 5753 5752 5754
f 5753 5754 5720
f 5720 5754 5718
f 5747 5751 5748
f 5748 5751 5722
f 5748 5722 5723
f 5751 5753 5722
f 5722 5753 5720
f 5725 5739 5723
f 5723 5739 5738
f 5723 5738 5749
f 5749 5738 5737
f 5749 5737 5750
f 5750 5737 5680
f 5725 5727 5739
f 5749 5748 5723
f 7492 5746 5755
f 5755 5746 5756
f 5755 5756 5757
f 5757 5756 5758
f 5757 5758 5701
f 5702 7489 5758
f 5701 5702 5759
f 5759 5702 5760
f 5759 5760 5761
f 5761 5760 5762
f 5761 5762 5763
f 5763 5762 5764
f 5763 5764 5765
f 5765 7493 5767
f 5765 5767 5763
f 5767 5768 5763
f 5763 5768 5761
f 5768 5769 5761
f 5761 5769 5759
f 5769 5701 5759
f 5765 5770 5766
f 5766 5770 5771
f 5766 5771 5772
f 5772 5771 5773
f 5773 5771 5774
f 5773 5774 5775
f 5775 5774 5776
f 5775 5776 5747
f 5747 5776 5746
f 5746 5776 5777
f 5777 5776 5774
f 5777 5774 5778
f 5778 5774 5771
f 5778 5771 5770
f 5766 5772 5767
f 5767 5772 5768
f 5768 5772 5773
f 5768 5773 5769
f 5769 5773 5775
f 5769 5775 5757
f 5757 5775 5755
f 5755 5775 5747
f 5757 5701 5769
f 7493 5765 5779
f 5766 5779 5780
f 5766 5780 5781
f 5781 5780 5782
f 5782 5780 5783
f 5782 5783 5784
f 5784 5783 5785
f 5784 5785 5047
f 5047 5785 5048
f 5048 5785 5786
f 5786 5785 5783
f 5786 5783 5787
f 5787 5783 5780
f 5787 5780 5779
f 5047 7457 5788
f 5788 5048 5789
f 5788 5789 5790
f 5790 5789 5791
f 5790 5791 5720
f 7490 5720 5791
f 5720 5718 5792
f 5792 5718 5793
f 5792 5793 5794
f 5794 5793 5795
f 5794 5795 5796
f 5796 5795 5797
f 5796 5797 5765
f 5766 5798 5765
f 5765 5798 5796
f 5798 5799 5796
f 5796 5799 5794
f 5799 5800 5794
f 5794 5800 5792
f 5800 5720 5792
f 5720 5800 5790
f 5790 5800 5788
f 5788 5800 5784
f 5788 5784 5047
f 5800 5799 5784
f 5784 5799 5782
f 5782 5799 5798
f 5782 5798 5781
f 5781 5798 5766
f 5727 5728 5801
f 5801 5728 5802
f 5801 5802 5803
f 5803 5802 5804
f 5803 5804 5805
f 5805 5804 5806
f 5805 5806 5807
f 5808 5809 5807
f 5807 5809 5805
f 5809 5810 5805
f 5805 5810 5803
f 5810 5811 5803
f 5803 5811 5801
f 5811 5727 5801
f 5807 5812 5808
f 5808 5812 5813
f 5808 5813 5814
f 5814 5813 5815
f 5815 5813 5816
f 5815 5816 5817
f 5817 5816 5818
f 5817 5818 5819
f 5819 5818 5820
f 5819 5820 5821
f 5821 5820 5822
f 5821 5822 5823
f 5823 5822 5824
f 5823 5824 5825
f 5825 5824 5826
f 5825 5826 5603
f 5603 5826 5602
f 5602 5826 5827
f 5827 5826 5824
f 5827 5824 5828
f 5828 5824 5822
f 5828 5822 5829
f 5829 5822 5820
f 5829 5820 5830
f 5830 5820 5818
f 5830 5818 5831
f 5831 5818 5816
f 5831 5816 5832
f 5832 5816 5813
f 5832 5813 5812
f 5603 5602 5833
f 5833 5602 5834
f 5833 5834 5835
f 5835 5834 5836
f 5835 5836 5837
f 5837 5836 5838
f 5837 5838 5728
f 5728 7491 5839
f 5728 5839 5837
f 5839 5840 5837
f 5837 5840 5835
f 5840 5841 5835
f 5835 5841 5833
f 5841 5603 5833
f 5603 5841 5825
f 5825 5841 5823
f 5823 5841 5840
f 5823 5840 5821
f 5821 5840 5810
f 5821 5810 5819
f 5819 5810 5817
f 5817 5810 5809
f 5817 5809 5815
f 5815 5809 5814
f 5814 5809 5808
f 5810 5840 5811
f 5811 5840 5839
f 5811 5839 5727
f 5842 5843 5844
f 5844 5843 5845
f 5844 5845 5846
f 5846 5845 5847
f 5846 5847 5848
f 5848 5847 5849
f 5848 5849 5850
f 5850 7494 5852
f 5850 5852 5848
f 5852 5853 5848
f 5848 5853 5846
f 5853 5854 5846
f 5846 5854 5844
f 5854 5842 5844
f 5851 5850 5855
f 5855 5850 5856
f 5855 5856 5857
f 5857 5856 5858
f 5857 5858 5859
f 5859 5858 5860
f 7495 5860 5861
f 5859 5861 5862
f 5859 5862 5863
f 5863 5862 5864
f 5864 5862 5865
f 5864 5865 5866
f 5866 5865 5867
f 5866 5867 5868
f 5868 5867 5869
f 5869 5867 5870
f 5870 5867 5865
f 5870 5865 5871
f 5871 5865 5862
f 5871 5862 5861
f 7496 5869 5872
f 5872 5869 5873
f 5872 5873 5874
f 5874 5873 5875
f 5874 5875 5876
f 5876 5875 5877
f 5876 5877 5843
f 7497 5842 5876
f 5876 5842 5878
f 5876 5878 5879
f 5876 5879 5874
f 5874 5879 5880
f 5874 5880 5872
f 5872 5880 5868
f 5868 5880 5866
f 5866 5880 5864
f 5864 5880 5879
f 5864 5879 5853
f 5853 5879 5878
f 5853 5878 5854
f 5854 5878 5842
f 5864 5853 5863
f 5863 5853 5852
f 5863 5852 5857
f 5857 5852 5855
f 5855 5852 5851
f 5857 5859 5863
f 5881 5882 5883
f 5883 5882 5884
f 5883 5884 5885
f 5885 5884 5886
f 5886 5884 5887
f 5886 5887 5888
f 5888 5887 5889
f 5888 5889 5842
f 5842 5889 5843
f 5843 5889 5890
f 5890 5889 5887
f 5890 5887 5891
f 5891 5887 5884
f 5891 5884 5882
f 5842 7497 5892
f 5842 5892 5893
f 5842 5893 5894
f 5894 5893 5895
f 5895 5893 5896
f 5895 5896 5897
f 5897 5896 5898
f 5897 5898 5524
f 5524 5898 5522
f 5522 5898 5899
f 5899 5898 5896
f 5899 5896 5900
f 5900 5896 5893
f 5900 5893 5892
f 5522 5901 5524
f 5524 5901 5902
f 5524 5902 5903
f 5903 5902 5904
f 5904 5902 5905
f 5905 5902 5906
f 5905 5906 5907
f 5907 5906 5908
f 5907 5908 5909
f 5909 5908 5910
f 5909 5910 5911
f 5911 5910 5912
f 5911 5912 5913
f 5913 5912 5881
f 5913 5881 5883
f 5901 5914 5902
f 5902 5914 5915
f 5902 5915 5906
f 5906 5915 5916
f 5906 5916 5908
f 5908 5916 5917
f 5908 5917 5910
f 5910 5917 5918
f 5910 5918 5912
f 5912 5918 5919
f 5912 5919 5881
f 5524 5903 5897
f 5897 5903 5904
f 5897 5904 5895
f 5895 5904 5905
f 5895 5905 5886
f 5886 5905 5907
f 5886 5907 5909
f 5886 5909 5885
f 5885 5909 5911
f 5885 5911 5913
f 5913 5883 5885
f 5886 5888 5895
f 5895 5888 5894
f 5894 5888 5842
f 5868 5869 5920
f 5920 5869 5921
f 5920 5921 5922
f 5922 5921 5923
f 5922 5923 5924
f 5924 5923 5925
f 5924 5925 5926
f 5927 5928 5926
f 5926 5928 5924
f 5928 5929 5924
f 5924 5929 5922
f 5929 5930 5922
f 5922 5930 5920
f 5930 5868 5920
f 5926 5931 5927
f 5927 5931 5932
f 5927 5932 5933
f 5933 5932 5934
f 5934 5932 5935
f 5934 5935 5936
f 5936 5935 5937
f 5936 5937 5938
f 5938 5937 5939
f 5938 5939 5940
f 5940 5939 5941
f 5940 5941 5942
f 5942 5941 5943
f 5942 5943 5944
f 5944 5943 5945
f 5944 5945 5538
f 5538 5945 5537
f 5537 5945 5946
f 5946 5945 5943
f 5946 5943 5947
f 5947 5943 5941
f 5947 5941 5948
f 5948 5941 5939
f 5948 5939 5949
f 5949 5939 5937
f 5949 5937 5950
f 5950 5937 5935
f 5950 5935 5951
f 5951 5935 5932
f 5951 5932 5931
f 5538 5537 5952
f 5952 5537 5953
f 5952 5953 5954
f 5954 5953 5955
f 5954 5955 5956
f 5956 5955 5957
f 5956 5957 5869
f 5869 7496 5958
f 5869 5958 5956
f 5958 5959 5956
f 5956 5959 5954
f 5959 5960 5954
f 5954 5960 5952
f 5960 5538 5952
f 5538 5960 5944
f 5944 5960 5942
f 5942 5960 5959
f 5942 5959 5940
f 5940 5959 5929
f 5940 5929 5938
f 5938 5929 5936
f 5936 5929 5928
f 5936 5928 5934
f 5934 5928 5933
f 5933 5928 5927
f 5929 5959 5930
f 5930 5959 5958
f 5930 5958 5868
f 5961 5962 5963
f 5963 5962 5964
f 5963 5964 5965
f 5965 5964 5966
f 5966 5964 5967
f 5966 5967 5968
f 5968 5967 5969
f 5968 5969 5101
f 5101 5969 5102
f 5102 5969 5970
f 5970 5969 5967
f 5970 5967 5971
f 5971 5967 5964
f 5971 5964 5962
f 5101 7462 5972
f 5972 5102 5973
f 5972 5973 5974
f 5974 5973 5975
f 5974 5975 5859
f 5860 7495 5975
f 5859 5860 5976
f 5976 5860 5977
f 5976 5977 5978
f 5978 5977 5979
f 5978 5979 5980
f 5980 5979 5981
f 5980 5981 5961
f 7498 5963 5982
f 5961 5982 5980
f 5982 5983 5980
f 5980 5983 5978
f 5983 5984 5978
f 5978 5984 5976
f 5984 5859 5976
f 5859 5984 5974
f 5974 5984 5972
f 5972 5984 5968
f 5972 5968 5101
f 5984 5983 5968
f 5968 5983 5966
f 5966 5983 5982
f 5966 5982 5965
f 5965 5982 5963
f 5963 7498 5985
f 5963 5985 5986
f 5963 5986 5987
f 5987 5986 5988
f 5988 5986 5989
f 5988 5989 5990
f 5990 5989 5991
f 5990 5991 5851
f 5851 5991 5850
f 5850 5991 5992
f 5992 5991 5989
f 5992 5989 5993
f 5993 5989 5986
f 5993 5986 5985
f 7494 5850 5994
f 5994 5850 5995
f 5994 5995 5996
f 5996 5995 5997
f 5996 5997 5084
f 5085 7459 5997
f 5084 5085 5998
f 5998 5085 5999
f 5998 5999 6000
f 6000 5999 6001
f 6000 6001 6002
f 6002 6001 6003
f 6002 6003 5961
f 5963 6004 5961
f 5961 6004 6002
f 6004 6005 6002
f 6002 6005 6000
f 6005 6006 6000
f 6000 6006 5998
f 6006 5084 5998
f 5084 6006 5996
f 5996 6006 5990
f 5996 5990 5994
f 5994 5990 5851
f 5990 6006 5988
f 5988 6006 6005
f 5988 6005 5987
f 5987 6005 6004
f 5987 6004 5963
f 7466 5180 6007
f 5181 6007 6008
f 5181 6008 6009
f 6009 6008 6010
f 6010 6008 6011
f 6010 6011 6012
f 6012 6011 6013
f 6012 6013 5495
f 5495 6013 5494
f 5494 6013 6014
f 6014 6013 6011
f 6014 6011 6015
f 6015 6011 6008
f 6015 6008 6007
f 5494 6016 5495
f 5495 6016 6017
f 5495 6017 6018
f 6018 6017 6019
f 6019 6017 6020
f 6020 6017 6021
f 6020 6021 6022
f 6022 6021 6023
f 6022 6023 6024
f 6024 6023 6025
f 6024 6025 6026
f 6026 6025 6027
f 6026 6027 6028
f 6028 6027 6029
f 6028 6029 6030
f 6016 6031 6017
f 6017 6031 6032
f 6017 6032 6021
f 6021 6032 6033
f 6021 6033 6023
f 6023 6033 6034
f 6023 6034 6025
f 6025 6034 6035
f 6025 6035 6027
f 6027 6035 6036
f 6027 6036 6029
f 6029 6037 6030
f 6030 6037 6038
f 6030 6038 6039
f 6039 6038 6040
f 6040 6038 6041
f 6040 6041 6042
f 6042 6041 6043
f 6042 6043 5181
f 5181 6043 5180
f 5180 6043 6044
f 6044 6043 6041
f 6044 6041 6045
f 6045 6041 6038
f 6045 6038 6037
f 6030 6039 6028
f 6028 6039 6026
f 6026 6039 6024
f 6024 6039 6040
f 6024 6040 6022
f 6022 6040 6020
f 6020 6040 6010
f 6020 6010 6019
f 6019 6010 6012
f 6019 6012 6018
f 6018 6012 5495
f 6040 6042 6010
f 6010 6042 6009
f 6009 6042 5181
f 5170 5171 6046
f 6046 5171 6047
f 6046 6047 6048
f 6048 6047 6049
f 6048 6049 6050
f 6050 6049 6051
f 6050 6051 6052
f 6053 6054 6052
f 6052 6054 6050
f 6054 6055 6050
f 6050 6055 6048
f 6055 6056 6048
f 6048 6056 6046
f 6056 5170 6046
f 6052 6057 6053
f 6053 6057 6058
f 6053 6058 6059
f 6059 6058 6060
f 6060 6058 6061
f 6060 6061 6062
f 6062 6061 6063
f 6062 6063 6064
f 6064 6063 6065
f 6064 6065 6066
f 6066 6065 6067
f 6066 6067 6068
f 6068 6067 6069
f 6068 6069 6070
f 6070 6069 6071
f 6070 6071 5459
f 5459 6071 5457
f 5457 6071 6072
f 6072 6071 6069
f 6072 6069 6073
f 6073 6069 6067
f 6073 6067 6074
f 6074 6067 6065
f 6074 6065 6075
f 6075 6065 6063
f 6075 6063 6076
f 6076 6063 6061
f 6076 6061 6077
f 6077 6061 6058
f 6077 6058 6057
f 5459 5457 6078
f 6078 5457 6079
f 6078 6079 6080
f 6080 6079 6081
f 6080 6081 6082
f 6082 6081 6083
f 6082 6083 5171
f 5171 7465 6084
f 5171 6084 6082
f 6084 6085 6082
f 6082 6085 6080
f 6085 6086 6080
f 6080 6086 6078
f 6086 5459 6078
f 5459 6086 6070
f 6070 6086 6068
f 6068 6086 6085
f 6068 6085 6066
f 6066 6085 6055
f 6066 6055 6064
f 6064 6055 6062
f 6062 6055 6054
f 6062 6054 6060
f 6060 6054 6059
f 6059 6054 6053
f 6055 6085 6056
f 6056 6085 6084
f 6056 6084 5170
f 6087 7500 6089
f 6089 6088 6090
f 6089 6090 6091
f 6091 6090 6092
f 6091 6092 6093
f 6093 6092 6094
f 6093 6094 6095
f 6095 6094 6096
f 6095 6096 5200
f 5201 7468 6096
f 5201 6097 5200
f 5200 6097 6098
f 5200 6098 6099
f 6099 6098 6100
f 6100 6098 6101
f 6100 6101 6102
f 6102 6101 6103
f 6102 6103 6104
f 6104 6103 6105
f 6105 6103 6106
f 6106 6103 6101
f 6106 6101 6107
f 6107 6101 6098
f 6107 6098 6097
f 6104 6105 6108
f 6108 6105 6109
f 6109 7499 6108
f 6110 6104 6108
f 6110 6109 6111
f 6111 6109 6112
f 6111 6112 6088
f 6087 6113 6088
f 6088 6113 6111
f 6113 6110 6111
f 6113 6100 6110
f 6110 6100 6102
f 6110 6102 6104
f 6087 6089 6113
f 6113 6089 6091
f 6113 6091 6100
f 6100 6091 6093
f 6100 6093 6099
f 6099 6093 6095
f 6099 6095 5200
f 6114 6115 6116
f 6116 6115 6117
f 6116 6117 6118
f 6118 6117 6119
f 6118 6119 6120
f 6120 6119 6121
f 6120 6121 6122
f 6122 6121 6123
f 6122 6123 6087
f 7500 6087 6123
f 6088 6124 6087
f 6087 6124 6125
f 6087 6125 6126
f 6126 6125 6110
f 6110 6125 6109
f 6109 6125 6124
f 7499 6109 6127
f 6127 6109 6128
f 6127 6128 6129
f 6129 6110 6127
f 6129 6128 6130
f 6130 6128 6131
f 6130 6131 6132
f 6132 6131 6133
f 6132 6133 6134
f 6134 6133 6135
f 6134 6135 6115
f 7501 6114 6136
f 6115 6136 6134
f 6136 6137 6134
f 6134 6137 6132
f 6137 6138 6132
f 6132 6138 6130
f 6138 6129 6130
f 6129 6138 6110
f 6110 6138 6137
f 6110 6137 6126
f 6126 6137 6120
f 6126 6120 6122
f 6120 6137 6118
f 6118 6137 6136
f 6118 6136 6116
f 6116 6136 6114
f 6122 6087 6126
f 6114 7501 6139
f 6139 6115 6140
f 6139 6140 6141
f 6141 6140 6142
f 6141 6142 5161
f 5162 7464 6142
f 5161 5162 6143
f 6143 5162 6144
f 6143 6144 6145
f 6145 6144 6146
f 6145 6146 6147
f 6147 6146 6148
f 6147 6148 6149
f 6149 7502 6151
f 6149 6151 6147
f 6151 6152 6147
f 6147 6152 6145
f 6152 6153 6145
f 6145 6153 6143
f 6153 5161 6143
f 6149 6154 6150
f 6150 6154 6155
f 6150 6155 6156
f 6156 6155 6157
f 6157 6155 6158
f 6157 6158 6159
f 6159 6158 6160
f 6159 6160 6114
f 6114 6160 6115
f 6115 6160 6161
f 6161 6160 6158
f 6161 6158 6162
f 6162 6158 6155
f 6162 6155 6154
f 6150 6156 6151
f 6151 6156 6157
f 6151 6157 6152
f 6152 6157 6159
f 6152 6159 6153
f 6153 6159 6139
f 6153 6139 6141
f 6159 6114 6139
f 6141 5161 6153
f 5155 7467 6163
f 6163 5156 6164
f 6163 6164 6165
f 6165 6164 6166
f 6165 6166 5138
f 5139 7463 6166
f 5138 5139 6167
f 6167 5139 6168
f 6167 6168 6169
f 6169 6168 6170
f 6169 6170 6171
f 6171 6170 6172
f 6171 6172 6149
f 6150 6173 6149
f 6149 6173 6171
f 6173 6174 6171
f 6171 6174 6169
f 6174 6175 6169
f 6169 6175 6167
f 6175 5138 6167
f 7502 6149 6176
f 6150 6176 6177
f 6150 6177 6178
f 6178 6177 6179
f 6179 6177 6180
f 6179 6180 6181
f 6181 6180 6182
f 6181 6182 5155
f 5155 6182 5156
f 5156 6182 6183
f 6183 6182 6180
f 6183 6180 6184
f 6184 6180 6177
f 6184 6177 6176
f 6150 6178 6173
f 6173 6178 6174
f 6174 6178 6179
f 6174 6179 6175
f 6175 6179 6181
f 6175 6181 6165
f 6165 6181 6163
f 6163 6181 5155
f 6165 5138 6175
f 5085 5083 5999
f 5999 5083 6001
f 6001 5083 5081
f 6001 5081 6003
f 6003 5081 5079
f 6003 5079 5077
f 5058 5961 5077
f 5077 5961 6003
f 5112 5110 5961
f 5961 5110 5962
f 5962 5110 5108
f 5962 5108 5106
f 5962 5106 5971
f 5971 5106 5104
f 5971 5104 5970
f 5970 5104 5102
f 5048 5786 5050
f 5050 5786 5787
f 5050 5787 5052
f 5052 5787 5779
f 5052 5779 5054
f 5054 5779 5056
f 5056 5779 5765
f 5056 5765 5058
f 5112 6149 5131
f 5131 6149 6172
f 5131 6172 5133
f 5133 6172 5135
f 5135 6172 6170
f 5135 6170 5137
f 5137 6170 6168
f 5137 6168 5139
f 6088 6123 6149
f 6149 6123 6154
f 6154 6123 6121
f 6154 6121 6119
f 6154 6119 6162
f 6162 6119 6117
f 6162 6117 6161
f 6161 6117 6115
f 5283 5309 5208
f 5208 5309 5239
f 5239 5309 5307
f 5239 5307 5305
f 5239 5305 5247
f 5247 5305 5303
f 5247 5303 5246
f 5246 5303 5223
f 5201 6096 5203
f 5203 6096 5205
f 5205 6096 6094
f 5205 6094 5207
f 5207 6094 6092
f 5207 6092 6090
f 6088 5208 6090
f 6090 5208 5207
f 5702 5700 5760
f 5760 5700 5762
f 5762 5700 5698
f 5762 5698 5764
f 5764 5698 5696
f 5764 5696 5694
f 5283 5765 5694
f 5694 5765 5764
f 5102 5126 5973
f 5973 5126 5861
f 5973 5861 5975
f 5975 5861 5860
f 5861 5126 5871
f 5871 5126 5124
f 5871 5124 5923
f 5923 5124 5122
f 5923 5122 5925
f 5925 5122 5926
f 5926 5122 5119
f 5926 5119 6029
f 6029 5119 5148
f 6029 5148 5149
f 5119 5117 5148
f 5150 6045 5149
f 5149 6045 6037
f 5149 6037 6029
f 6045 5150 5188
f 5188 5150 5140
f 5188 5140 5190
f 5190 5140 6166
f 5190 6166 6164
f 5140 5139 6166
f 6164 5156 5190
f 5188 5186 6045
f 6045 5186 6044
f 6044 5186 5180
f 5926 6029 5931
f 5931 6029 6036
f 5931 6036 5951
f 5951 6036 6035
f 5951 6035 5950
f 5950 6035 6034
f 5950 6034 5949
f 5949 6034 6033
f 5949 6033 5948
f 5948 6033 6032
f 5948 6032 5947
f 5947 6032 6031
f 5947 6031 5946
f 5946 6031 6016
f 5946 6016 5493
f 5493 6016 5494
f 5946 5493 5545
f 5545 5493 5491
f 5545 5491 5565
f 5565 5491 5489
f 5565 5489 5564
f 5564 5489 5487
f 5564 5487 5563
f 5563 5487 5485
f 5563 5485 5562
f 5562 5485 5483
f 5562 5483 5561
f 5561 5483 5481
f 5561 5481 5560
f 5560 5481 5410
f 5545 5537 5946
f 5871 5923 5870
f 5870 5923 5921
f 5870 5921 5869
f 5860 5858 5977
f 5977 5858 5856
f 5977 5856 5992
f 5992 5856 5850
f 5977 5992 5979
f 5979 5992 5993
f 5979 5993 5981
f 5981 5993 5985
f 5981 5985 5961
f 5113 5112 5117
f 5117 5112 5153
f 5156 6183 5158
f 5158 6183 5160
f 5160 6183 6144
f 5160 6144 5162
f 6183 6184 6144
f 6144 6184 6146
f 6146 6184 6176
f 6146 6176 6148
f 6148 6176 6149
f 5180 5179 6007
f 6007 5179 6015
f 6015 5179 5177
f 6015 5177 5517
f 5517 5177 5518
f 5518 5177 5519
f 5519 5177 6081
f 5519 6081 5520
f 5520 6081 6079
f 5520 6079 5521
f 5521 6079 5457
f 5177 5175 6081
f 6081 5175 6083
f 6083 5175 5171
f 5517 5516 6015
f 6015 5516 6014
f 6014 5516 5503
f 6014 5503 5494
f 5410 5411 5632
f 5632 5411 5634
f 5634 5411 5412
f 5634 5412 5636
f 5636 5412 5413
f 5636 5413 5638
f 5638 5413 5414
f 5638 5414 5640
f 5640 5414 5415
f 5640 5415 5642
f 5642 5415 5416
f 5642 5416 5644
f 5644 5416 5394
f 5644 5394 5652
f 5652 5394 5338
f 5652 5338 5339
f 5394 5337 5338
f 5652 5339 5667
f 5667 5339 5340
f 5667 5340 5668
f 5668 5340 5341
f 5668 5341 5669
f 5669 5341 5342
f 5669 5342 5670
f 5670 5342 5343
f 5670 5343 5671
f 5671 5343 5321
f 5671 5321 5672
f 5672 5321 5316
f 5672 5316 5665
f 5665 5316 5711
f 5665 5711 5712
f 5315 5294 5316
f 5316 5294 5291
f 5316 5291 5711
f 5711 5291 5289
f 5315 5313 5294
f 5294 5313 5296
f 5296 5313 5258
f 5296 5258 5298
f 5298 5258 5248
f 5298 5248 5225
f 5225 5248 5227
f 5227 5248 5229
f 5258 5313 5257
f 5257 5313 5311
f 5257 5311 5256
f 5225 5223 5298
f 5713 5683 5712
f 5712 5683 5673
f 5712 5673 5665
f 5683 5713 5743
f 5743 5713 5703
f 5743 5703 5745
f 5745 5703 5758
f 5745 5758 5756
f 5703 5702 5758
f 5756 5746 5745
f 5743 5741 5683
f 5683 5741 5682
f 5682 5741 5681
f 5652 5587 5644
f 5410 5474 5418
f 5418 5474 5420
f 5420 5474 5475
f 5420 5475 5422
f 5422 5475 5476
f 5422 5476 5424
f 5424 5476 5477
f 5424 5477 5426
f 5426 5477 5478
f 5426 5478 5428
f 5428 5478 5479
f 5428 5479 5430
f 5430 5479 5458
f 5430 5458 5354
f 5354 5458 6072
f 5354 6072 5370
f 5370 6072 6073
f 5370 6073 5371
f 5371 6073 6074
f 5371 6074 5372
f 5372 6074 6075
f 5372 6075 5373
f 5373 6075 6076
f 5373 6076 5374
f 5374 6076 6077
f 5374 6077 5375
f 5375 6077 6057
f 5375 6057 5368
f 5368 6057 6052
f 5368 6052 6105
f 6105 6052 6128
f 6105 6128 6109
f 5458 5457 6072
f 6128 6052 6131
f 6131 6052 6051
f 6131 6051 6049
f 6047 5172 6049
f 6049 5172 5173
f 6049 5173 6133
f 6133 5173 6135
f 6135 5173 5163
f 6135 5163 6140
f 6140 5163 6142
f 6142 5163 5162
f 6047 5171 5172
f 6140 6115 6135
f 6133 6131 6049
f 6105 6106 5368
f 5368 6106 5376
f 5376 6106 5384
f 5384 6106 6107
f 5384 6107 5273
f 5273 6107 6097
f 5273 6097 5275
f 5275 6097 5199
f 5275 5199 5197
f 6097 5201 5199
f 5197 5195 5275
f 5273 5271 5384
f 5384 5271 5383
f 5383 5271 5265
f 5354 5353 5430
f 5410 5625 5567
f 5567 5625 5569
f 5569 5625 5626
f 5569 5626 5571
f 5571 5626 5627
f 5571 5627 5573
f 5573 5627 5628
f 5573 5628 5575
f 5575 5628 5629
f 5575 5629 5577
f 5577 5629 5630
f 5577 5630 5579
f 5579 5630 5610
f 5579 5610 5901
f 5901 5610 5827
f 5901 5827 5914
f 5914 5827 5828
f 5914 5828 5915
f 5915 5828 5829
f 5915 5829 5916
f 5916 5829 5830
f 5916 5830 5917
f 5917 5830 5831
f 5917 5831 5918
f 5918 5831 5832
f 5918 5832 5919
f 5919 5832 5812
f 5919 5812 5881
f 5881 5812 5807
f 5881 5807 5065
f 5065 5807 5068
f 5068 5807 5806
f 5068 5806 5804
f 5610 5602 5827
f 5802 5729 5804
f 5804 5729 5730
f 5804 5730 5070
f 5070 5730 5072
f 5072 5730 5719
f 5072 5719 5789
f 5789 5719 5791
f 5791 5719 5718
f 5802 5728 5729
f 5789 5048 5072
f 5070 5068 5804
f 5063 5094 5065
f 5065 5094 5881
f 5094 5095 5881
f 5881 5095 5882
f 5882 5095 5891
f 5891 5095 5096
f 5891 5096 5847
f 5847 5096 5086
f 5847 5086 5849
f 5849 5086 5997
f 5849 5997 5995
f 5086 5085 5997
f 5995 5850 5849
f 5847 5845 5891
f 5891 5845 5890
f 5890 5845 5843
f 5901 5522 5579
f 5537 5544 5953
f 5953 5544 5543
f 5953 5543 5955
f 5955 5543 5542
f 5955 5542 5875
f 5875 5542 5541
f 5875 5541 5540
f 5875 5540 5900
f 5900 5540 5539
f 5900 5539 5899
f 5899 5539 5523
f 5899 5523 5522
f 5875 5900 5877
f 5877 5900 5892
f 5877 5892 5843
f 5875 5873 5955
f 5955 5873 5957
f 5957 5873 5869
f 5337 5456 5345
f 5345 5456 5455
f 5345 5455 5347
f 5347 5455 5454
f 5347 5454 5262
f 5262 5454 5453
f 5262 5453 5452
f 5262 5452 5393
f 5393 5452 5451
f 5393 5451 5392
f 5392 5451 5438
f 5392 5438 5353
f 5262 5393 5264
f 5264 5393 5385
f 5264 5385 5265
f 5262 5260 5347
f 5347 5260 5349
f 5349 5260 5256
f 5229 5282 5231
f 5231 5282 5280
f 5231 5280 5220
f 5220 5280 5195
f 5231 5220 5233
f 5233 5220 5221
f 5233 5221 5235
f 5235 5221 5213
f 5235 5213 5208
f 5284 5283 5289
f 5289 5283 5716
f 5746 5777 5752
f 5752 5777 5754
f 5754 5777 5793
f 5754 5793 5718
f 5777 5778 5793
f 5793 5778 5795
f 5795 5778 5770
f 5795 5770 5797
f 5797 5770 5765
f 5681 5736 5684
f 5684 5736 5692
f 5692 5736 5734
f 5692 5734 5605
f 5605 5734 5606
f 5606 5734 5607
f 5607 5734 5836
f 5607 5836 5608
f 5608 5836 5834
f 5608 5834 5609
f 5609 5834 5602
f 5734 5732 5836
f 5836 5732 5838
f 5838 5732 5728
f 5605 5604 5692
f 5692 5604 5691
f 5691 5604 5588
f 5691 5588 5587
f 6124 6088 6109
f 6109 6088 6112
f 5059 5058 5063
f 5063 5058 5099
f 6185 6186 6187
f 6188 6189 6190
f 6191 6192 6193
f 6194 6195 6196
f 6197 6198 6199
f 6200 6201 6202
f 6203 6204 6205
f 6206 6207 6208
f 6209 6210 6211
f 5112 6188 6149
f 5112 6212 6188
f 5961 6212 5112
f 6213 6214 6215
f 6190 5283 5208
f 6216 5283 6190
f 5765 5283 6216
f 6188 6088 6149
f 6190 6088 6188
f 5208 6088 6190
f 6216 5058 5765
f 6212 5058 6216
f 5961 5058 6212
f 6217 6218 6219
f 6220 6221 6222
f 6223 6193 6224
f 6225 6226 6227
f 6228 6229 6230
f 6231 6232 6233
f 6234 6232 6235
f 6236 6203 6237
f 6238 6239 6196
f 6217 6240 6241
f 6242 6243 6244
f 6245 6246 6247
f 6248 6249 6250
f 6251 6252 6253
f 6208 6254 6255
f 6256 6257 6258
f 6259 6260 6261
f 6262 6199 6263
f 6264 6265 6266
f 6267 6268 6269
f 6270 6271 6272
f 6273 6274 6275
f 6276 6277 6278
f 6279 6280 6281
f 6282 6283 6284
f 6285 6286 6287
f 6288 6289 6290
f 6291 6292 6293
f 6294 6295 6296
f 6297 6298 6299
f 6300 6301 6302
f 6303 6304 6305
f 6306 6307 6308
f 6309 6310 6311
f 6312 6313 6314
f 6315 6204 6316
f 6317 6318 6319
f 6320 6321 6322
f 6323 6324 6325
f 6307 6326 6327
f 6328 6329 6330
f 6331 6332 6333
f 6334 6335 6336
f 6216 6337 6212
f 6338 6339 6340
f 6341 6342 6343
f 6344 6345 6346
f 6347 6348 6185
f 6349 6258 6350
f 6269 6268 6351
f 6352 6353 6354
f 6355 6342 6341
f 6257 6356 6357
f 6317 6358 6359
f 6360 6361 6362
f 6363 6364 6319
f 6365 6366 6367
f 6368 6369 6370
f 6371 6372 6373
f 6374 6375 6376
f 6377 6378 6379
f 6380 6381 6382
f 6383 6384 6385
f 6370 6386 6368
f 6387 6388 6276
f 6389 6390 6350
f 6299 6391 6392
f 6393 6394 6395
f 6396 6397 6398
f 6399 6400 6401
f 6402 6403 6404
f 6405 6406 6407
f 6408 6409 6410
f 6411 6412 6413
f 6414 6415 6416
f 6417 6418 6419
f 6420 6421 6422
f 6423 6424 6425
f 6209 6211 6216
f 6426 6427 6428
f 6429 6430 6431
f 6432 6433 6422
f 6216 6190 6209
f 6434 6435 6436
f 6437 6206 6208
f 6215 6438 6439
f 6245 6247 6188
f 6188 6212 6245
f 6420 6440 6441
f 6261 6442 6443
f 6444 6445 6446
f 6447 6448 6449
f 6450 6451 6452
f 6453 6454 6401
f 6455 6329 6456
f 6457 6458 6459
f 6460 6461 6462
f 6463 6464 6465
f 6466 6215 6214
f 6429 6431 6467
f 6468 6469 6470
f 6395 6471 6393
f 6472 6473 6474
f 6332 6475 6476
f 6477 6478 6479
f 6480 6481 6482
f 6483 6270 6484
f 6429 6485 6486
f 6357 6487 6488
f 6489 6490 6491
f 6492 6493 6266
f 6494 6495 6496
f 6497 6498 6499
f 6500 6501 6502
f 6503 6504 6505
f 6506 6390 6507
f 6394 6393 6508
f 6509 6510 6511
f 6290 6512 6513
f 6514 6515 6516
f 6517 6518 6519
f 6520 6521 6522
f 6523 6524 6525
f 6526 6527 6528
f 6529 6382 6530
f 6531 6532 6533
f 6531 6534 6535
f 6536 6537 6538
f 6539 6540 6541
f 6542 6543 6544
f 6545 6546 6547
f 6548 6549 6550
f 6548 6551 6552
f 6553 6554 6555
f 6553 6556 6557
f 6558 6559 6560
f 6561 6562 6563
f 6564 6565 6566
f 6567 6568 6569
f 6570 6571 6572
f 6573 6574 6575
f 6576 6577 6578
f 6579 6580 6467
f 6581 6582 6583
f 6584 6585 6586
f 6584 6587 6588
f 6589 6590 6591
f 6589 6592 6593
f 6594 6595 6596
f 6594 6597 6598
f 6599 6600 6601
f 6602 6603 6604
f 6605 6606 6607
f 6422 6608 6432
f 6609 6610 6611
f 6612 6613 6614
f 6615 6616 6617
f 6514 6618 6619
f 6620 6621 6622
f 6623 6624 6625
f 6626 6239 6441
f 6627 6628 6629
f 6520 6630 6631
f 6632 6633 6634
f 6297 6299 6392
f 6632 6461 6635
f 6636 6260 6637
f 6638 6639 6479
f 6640 6641 6642
f 6643 6644 6645
f 6646 6647 6648
f 6649 6650 6651
f 6652 6653 6654
f 6655 6219 6194
f 6656 6657 6658
f 6659 6660 6661
f 6662 6663 6664
f 6665 6485 6666
f 6667 6503 6668
f 6423 6669 6670
f 6526 6671 6478
f 6672 6673 6486
f 6674 6675 6676
f 6494 6677 6495
f 6678 6679 6502
f 6662 6664 6491
f 6583 6226 6581
f 6680 6681 6682
f 6654 6680 6683
f 6405 6684 6685
f 6686 6687 6688
f 6689 6690 6691
f 6692 6693 6361
f 6399 6694 6436
f 6315 6695 6225
f 6696 6697 6473
f 6698 6699 6700
f 6497 6701 6702
f 6649 6653 6650
f 6703 6704 6705
f 6234 6706 6707
f 6708 6250 6709
f 6683 6680 6442
f 6710 6711 6712
f 6452 6713 6714
f 6715 6499 6498
f 6716 6717 6718
f 6719 6720 6341
f 6721 6722 6723
f 6301 6724 6302
f 6725 6726 6727
f 6728 6729 6730
f 6731 6732 6464
f 6733 6734 6529
f 6561 6735 6736
f 6434 6737 6738
f 6739 6740 6741
f 6480 6742 6481
f 6743 6744 6360
f 6745 6746 6747
f 6748 6749 6750
f 6751 6752 6359
f 6251 6229 6753
f 6754 6755 6756
f 6757 6758 6759
f 6760 6761 6762
f 6763 6764 6765
f 6766 6363 6205
f 6447 6449 6767
f 6768 6769 6770
f 6771 6772 6773
f 6323 6381 6324
f 6774 6470 6291
f 6775 6722 6642
f 6623 6776 6777
f 6327 6778 6308
f 6779 6780 6781
f 6782 6351 6268
f 6396 6783 6784
f 6785 6314 6786
f 6787 6676 6788
f 6789 6790 6335
f 6791 6276 6792
f 6656 6793 6794
f 6255 6795 6796
f 6797 6798 6799
f 6800 6490 6691
f 6414 6801 6415
f 6788 6286 6802
f 6803 6804 6270
f 6805 6806 6676
f 6807 6750 6749
f 6204 6345 6205
f 6317 6808 6358
f 6609 6809 6810
f 6811 6812 6813
f 6814 6815 6816
f 6230 6229 6817
f 6818 6819 6820
f 6714 6821 6822
f 6445 6823 6824
f 6816 6218 6825
f 6292 6469 6226
f 6826 6827 6718
f 6828 6829 6830
f 6380 6831 6381
f 6832 6833 6834
f 6367 6347 6365
f 6835 6228 6836
f 6304 6837 6724
f 6344 6838 6345
f 6832 6834 6839
f 6840 6841 6842
f 6843 6844 6845
f 6846 6509 6847
f 6739 6848 6740
f 6849 6850 6851
f 6852 6853 6854
f 6855 6856 6857
f 6858 6859 6860
f 6706 6861 6862
f 6863 6551 6525
f 6863 6574 6593
f 6864 6534 6519
f 6864 6568 6588
f 6865 6866 6516
f 6867 6518 6607
f 6868 6562 6522
f 6869 6524 6614
f 6870 6871 6872
f 6652 6624 6873
f 6874 6732 6875
f 6773 6772 6876
f 6877 6577 6666
f 6627 6878 6879
f 6602 6440 6880
f 6862 6881 6706
f 6609 6810 6882
f 6846 6883 6884
f 6543 6542 6885
f 6553 6557 6554
f 6656 6886 6793
f 6561 6563 6735
f 6887 6888 6889
f 6579 6597 6580
f 6656 6658 6886
f 6890 6592 6535
f 6874 6547 6891
f 6892 6829 6725
f 6500 6679 6893
f 6778 6327 6894
f 6497 6702 6895
f 6890 6587 6552
f 6775 6556 6598
f 6896 6765 6897
f 6768 6770 6898
f 6410 6448 6899
f 6739 6704 6848
f 6900 6901 6902
f 6903 6432 6608
f 6904 6905 6774
f 6906 6907 6908
f 6909 6910 6911
f 6759 6333 6332
f 6231 6912 6913
f 6721 6723 6914
f 6362 6743 6360
f 6843 6915 6844
f 6916 6917 6918
f 6214 6213 6372
f 6897 6765 6764
f 6919 6920 6921
f 6379 6427 6377
f 6922 6790 6487
f 6487 6854 6488
f 6909 6923 6924
f 6925 6926 6927
f 6919 6860 6859
f 6928 6929 6930
f 6372 6289 6214
f 6931 6932 6933
f 6800 6934 6935
f 6850 6936 6937
f 6454 6807 6910
f 6900 6938 6901
f 6686 6939 6687
f 6355 6720 6342
f 6686 6940 6941
f 6346 6582 6390
f 6942 6943 6944
f 6492 6776 6493
f 6909 6924 6945
f 6946 6947 6948
f 6949 6769 6392
f 6297 6950 6298
f 6620 6951 6621
f 6952 6953 6954
f 6632 6635 6633
f 6955 6956 6957
f 6465 6958 6959
f 6927 6351 6782
f 6960 6281 6280
f 6961 6779 6912
f 6962 6435 6963
f 6896 6964 6965
f 6480 6482 6404
f 6966 6701 6967
f 6832 6968 6833
f 6820 6969 6970
f 6971 6504 6398
f 6972 6973 6974
f 6964 6975 6976
f 6489 6673 6977
f 6526 6478 6978
f 6264 6830 6829
f 6979 6980 6299
f 6703 6705 6981
f 6849 6851 6982
f 6536 6538 6533
f 6865 6537 6983
f 6558 6560 6550
f 6868 6559 6648
f 6564 6566 6596
f 6564 6585 6565
f 6601 6570 6984
f 6570 6590 6571
f 6602 6604 6985
f 6605 6603 6606
f 6609 6611 6809
f 6612 6610 6613
f 6623 6625 6776
f 6986 6987 6988
f 6656 6794 6989
f 6319 6808 6317
f 6972 6974 6622
f 6459 6208 6189
f 6990 6991 6992
f 6993 6618 6727
f 6994 6804 6995
f 6996 6888 6997
f 6424 6337 6881
f 6998 6630 6736
f 6209 6999 6210
f 6643 6734 6644
f 6361 6970 6969
f 7000 6256 7001
f 6692 7002 6859
f 6966 6967 6873
f 6189 6188 6351
f 6628 7328 6190
f 6337 6216 6343
f 6346 6390 6246
f 6191 6211 6210
f 6245 6212 7004
f 6322 6190 6189
f 7005 6532 6591
f 7006 6549 6586
f 6954 7007 6952
f 6751 7008 7009
f 6191 6341 6211
f 6322 6321 6190
f 7003 6209 6190
f 7010 6783 6667
f 7011 7012 6705
f 6390 6506 6247
f 7013 6681 7014
f 6351 6927 6189
f 6210 6999 6191
f 7015 7004 6212
f 6247 6246 6390
f 6246 6245 6346
f 7016 7017 7018
f 7010 6334 6767
f 7019 7020 7021
f 7022 7023 7024
f 6567 6569 6578
f 6514 6619 6515
f 7025 7026 7027
f 6780 7028 6781
f 7029 6963 6435
f 6520 6631 6521
f 6405 7030 6684
f 7031 6987 6986
f 7032 7033 7034
f 7035 6911 6807
f 7036 6937 6936
f 7005 6600 6544
f 7006 6595 6555
f 7037 6923 7038
f 7039 7040 7041
f 6341 6343 6216
f 6212 6424 7015
f 6506 6187 6188
f 7004 6346 6245
f 6424 6212 6337
f 6188 6247 6506
f 6216 6211 6341
f 6881 6337 6343
f 6209 7003 6999
f 7042 6379 7043
f 6628 6190 6629
f 7044 6201 7045
f 6766 6345 6838
f 6510 6940 7046
f 7047 6806 7048
f 6733 6529 6634
f 6670 7049 6423
f 7050 7051 7052
f 6329 7053 6456
f 6649 6651 7014
f 6818 6827 6819
f 7036 6421 6937
f 7054 7055 7001
f 6927 7056 7057
f 7044 7045 7025
f 6408 6410 6899
f 6301 6300 7058
f 6670 6669 7059
f 7060 7061 7062
f 7063 7064 7065
f 6357 6356 6922
f 6357 6488 6258
f 7066 7067 7068
f 7069 7038 6911
f 7070 7071 7072
f 7073 7074 6999
f 6927 6782 6925
f 6901 7075 7076
f 7077 7078 6207
f 7079 7080 6744
f 7065 7081 7082
f 7031 7083 6837
f 6374 7084 7085
f 7086 7087 7088
f 6546 7089 6885
f 7090 7091 7092
f 6438 7004 6439
f 7093 6267 7094
f 7095 6314 6313
f 6839 6309 7095
f 6757 7096 7097
f 6318 6317 6359
f 7098 7099 7100
f 7101 7102 6274
f 7103 7104 6275
f 7105 6779 7106
f 7107 6994 6989
f 6870 6824 7108
f 6350 7109 6389
f 7063 7065 7082
f 7064 7063 6505
f 6753 7110 7111
f 6788 6676 6287
f 7112 7113 6675
f 6879 6953 7114
f 7092 7115 7090
f 7116 7428 6188
f 6313 7039 7117
f 6295 6294 6425
f 7085 6375 6374
f 6395 6999 6471
f 7118 7066 7068
f 6961 6231 6233
f 7119 6231 6913
f 6893 6679 7120
f 7093 7121 7122
f 6798 6797 7123
f 7124 7047 7125
f 6293 7126 6323
f 7127 6854 7128
f 7129 6508 7130
f 7131 7034 6340
f 7132 7100 7099
f 6901 6541 7075
f 6228 6230 6836
f 6254 6208 6207
f 7133 6682 7101
f 7134 7135 7136
f 7137 6253 7138
f 6784 7016 7018
f 6932 6764 7139
f 6328 6330 6931
f 6929 6771 6930
f 7140 7141 6929
f 6857 6269 6855
f 7142 6798 6903
f 7143 6403 6916
f 6294 6916 6918
f 7144 6312 6785
f 6395 6192 6999
f 7102 7145 7103
f 7102 6275 6274
f 6840 7146 7147
f 7146 7148 6741
f 7149 6946 6948
f 7150 6187 6186
f 6860 6413 7151
f 7152 7153 7111
f 7154 7155 6822
f 7156 7157 6965
f 7028 7156 6976
f 6501 7158 7154
f 7159 6898 6770
f 6352 6696 7160
f 6501 7161 7158
f 7161 7060 7062
f 6401 7162 6453
f 7163 7162 7164
f 6660 6220 6374
f 7027 6941 7025
f 7165 6655 6286
f 7166 7167 7168
f 6983 6892 6866
f 7169 6934 7170
f 7171 6252 7015
f 7172 7173 6915
f 7174 7175 7049
f 6323 7126 6381
f 7069 7176 6255
f 6699 7177 7021
f 6222 7084 6220
f 6477 6279 6284
f 7178 7179 6665
f 6238 6815 6814
f 7180 6319 6364
f 6271 6270 7181
f 7172 6996 6638
f 6861 6235 7182
f 7008 7183 6466
f 6663 6391 7184
f 7029 6434 6738
f 7019 7185 6263
f 6738 7019 7021
f 7112 6244 6243
f 6451 6371 6713
f 6997 6280 7186
f 6738 7187 6677
f 7188 6786 6311
f 6672 7087 7189
f 7190 6877 6666
f 7190 6429 6467
f 7191 6652 6873
f 7191 6716 6650
f 7192 7193 6902
f 6349 7054 6258
f 6393 6471 7194
f 6357 6258 6257
f 7195 7036 6496
f 7195 6608 6422
f 7196 7197 6952
f 6819 7198 7199
f 7198 6826 7023
f 7200 6326 6878
f 7137 6708 6709
f 7201 7074 7073
f 6995 6661 6660
f 7202 7203 6947
f 6333 7199 7198
f 6213 7204 6373
f 7205 6926 7206
f 7207 7160 6472
f 7163 6453 7162
f 7009 6466 6288
f 7208 7116 7209
f 7210 6934 6800
f 6304 6303 7031
f 6754 6724 6837
f 6678 7211 6975
f 6678 7212 6482
f 6259 7213 6303
f 6889 7214 6960
f 7201 7112 7074
f 7203 7202 7215
f 6908 6948 7216
f 6964 6896 7217
f 7211 6976 6975
f 6284 6283 7218
f 7142 6608 6495
f 7177 6799 7142
f 7219 6297 6392
f 7219 6768 6419
f 6464 7220 6465
f 6874 6891 6732
f 7115 6745 6747
f 7221 6402 6404
f 7221 7222 7223
f 6263 7185 7224
f 7020 6263 6199
f 7225 6238 6937
f 7225 6420 6441
f 6236 6316 6204
f 6395 7098 6192
f 6361 6360 7226
f 6751 6359 6358
f 7227 6197 7228
f 6340 7229 6338
f 7230 7231 7232
f 7233 6283 6282
f 6836 6230 6377
f 6293 6226 6225
f 7221 6482 7212
f 6678 6482 6481
f 6910 6807 6911
f 7209 7234 7208
f 6693 7235 6688
f 7225 6421 6420
f 7195 6421 7036
f 7236 6960 7214
f 7236 6965 7157
f 7237 7143 6740
f 7237 6480 6404
f 7238 7013 7014
f 7238 6818 6820
f 7239 6748 7163
f 7182 7240 7241
f 6546 6545 7242
f 7017 6857 7243
f 6788 6287 6286
f 6272 6484 6270
f 7244 6792 7245
f 7246 6906 6908
f 7001 7247 7248
f 6627 7200 6878
f 7061 6456 7053
f 7221 6404 6482
f 7237 6404 6403
f 7249 6754 6973
f 7249 6264 6302
f 6276 6278 6387
f 7250 6951 6802
f 7251 7252 6658
f 7251 7253 6645
f 6606 6880 7140
f 6413 6412 7151
f 7193 6186 6348
f 6324 7254 6375
f 7202 7061 7053
f 7255 6652 6654
f 7255 6637 6625
f 6365 7256 6366
f 7199 6759 6758
f 6406 6697 6354
f 7257 6503 6667
f 7257 6396 6398
f 7258 6716 6718
f 7258 6818 6651
f 7184 6980 7259
f 6319 7180 6808
f 7260 7233 6233
f 6781 6912 6779
f 7261 7262 7263
f 7262 6731 6464
f 7264 6698 6700
f 7265 6626 6985
f 7265 6993 6621
f 7266 6626 7250
f 7250 6655 6194
f 6511 6847 6509
f 7131 7125 7047
f 7267 6797 6698
f 7268 6703 6981
f 7268 7211 6481
f 7070 7269 7071
f 7262 7261 6702
f 7238 7270 7013
f 6935 6934 7169
f 6615 7271 7272
f 7273 6489 6491
f 7273 7259 6431
f 7274 6455 7217
f 6932 7274 6897
f 7080 7079 7275
f 7276 6758 7097
f 7277 6775 6642
f 7277 6646 6557
f 6922 6356 6221
f 7128 6487 6790
f 7141 7123 6797
f 6929 7141 6772
f 7155 6452 6714
f 7278 7136 6784
f 7278 7010 6767
f 6935 7169 7245
f 7077 6206 7279
f 6338 7130 6508
f 6898 6336 6271
f 7276 6969 6820
f 7147 6424 6840
f 7280 6198 7281
f 7282 7271 6747
f 7176 7069 7035
f 7056 6927 7283
f 6729 7284 6875
f 6729 6731 6730
f 7133 6442 6682
f 6366 7285 6367
f 7286 6715 6833
f 7286 6826 6718
f 6457 6697 6458
f 6221 7287 7288
f 6717 6716 7289
f 7286 6717 6715
f 6687 6970 6693
f 7270 6687 6939
f 6920 7275 7079
f 7001 6256 7054
f 7149 7155 7158
f 7121 6277 7122
f 6983 7089 7231
f 7290 6949 6899
f 7290 6447 6770
f 6844 6915 6959
f 7291 6906 7292
f 6335 7293 6336
f 7259 6664 7184
f 6530 6632 6634
f 6957 6530 6382
f 6939 7027 7013
f 6328 7294 6329
f 7295 6868 6648
f 7295 7252 6563
f 7103 6988 7104
f 7132 7103 7296
f 6324 7297 7254
f 6471 7131 6339
f 7298 6594 6596
f 7298 6877 6580
f 7299 7281 7227
f 6262 7228 6199
f 6903 7300 6432
f 7264 6198 7280
f 7237 6403 7143
f 6403 6402 6917
f 7188 6311 7301
f 6352 7086 6353
f 7302 6998 6736
f 7302 6733 6634
f 7303 6531 6533
f 7303 6517 6519
f 7304 6548 6550
f 7304 6523 6525
f 7239 6320 6322
f 6477 6479 6639
f 7305 6993 6727
f 7305 6972 6622
f 7251 6657 7253
f 6657 6989 6994
f 7219 6769 6768
f 7290 6769 6949
f 7273 6664 7259
f 7184 6664 6663
f 7306 7196 6306
f 7307 7308 7309
f 7310 7010 6667
f 6185 6348 6186
f 6474 6459 7057
f 7311 6842 6841
f 6265 6492 6266
f 7312 6589 6591
f 7312 6531 6535
f 7250 6194 7266
f 6599 6601 6958
f 7313 7043 6378
f 7314 6584 6586
f 7314 6548 6552
f 7315 6867 6569
f 7315 6864 6519
f 7161 6946 7158
f 7316 6869 6575
f 7316 6863 6525
f 7317 6579 6723
f 7317 6775 6598
f 7104 6988 7213
f 6637 7255 6683
f 7318 7140 6880
f 6880 6440 6433
f 7142 6677 7187
f 7029 6677 6494
f 7319 6649 7014
f 7319 6680 6654
f 6728 6966 7320
f 6729 6728 7284
f 7321 6821 7322
f 7321 6402 7223
f 6882 6328 6613
f 7294 6882 6810
f 6249 6377 6230
f 6836 6426 6835
f 6663 6662 6408
f 6663 6949 6391
f 6496 7036 6812
f 7195 6496 6495
f 6380 6643 6831
f 6529 6380 6382
f 7159 6336 6898
f 7075 7150 7076
f 7134 7136 6449
f 7163 7323 7239
f 7090 7115 7324
f 7145 7296 7103
f 7325 6864 6588
f 7325 6890 6535
f 7326 6863 6593
f 7326 6890 6552
f 7011 7167 7012
f 7327 7328 6801
f 6814 7329 6851
f 7159 6447 6767
f 6418 6417 7330
f 7219 6418 6297
f 7331 6605 6619
f 7331 6993 6604
f 7332 6612 6631
f 7332 6998 6611
f 7333 6825 7334
f 6907 7291 7335
f 6807 6454 6750
f 6910 6909 6694
f 7336 7032 7048
f 7336 6787 6756
f 7268 7028 7211
f 7156 7028 6780
f 6983 6885 7089
f 6885 6536 6543
f 6731 6702 6730
f 7337 6250 7338
f 6312 6314 6785
f 7002 7226 7275
f 7339 6523 6521
f 7339 6612 6614
f 7340 6517 6515
f 7340 6605 6607
f 7341 6990 6809
f 7341 6998 6633
f 7289 6716 6967
f 7289 6497 6499
f 7342 6517 6538
f 7342 6865 6516
f 7148 6842 7311
f 7275 7226 6360
f 7249 7343 6830
f 7343 6972 6726
f 7344 7252 6644
f 7344 6733 6735
f 7345 6523 6560
f 7345 6868 6522
f 7138 7175 7137
f 6850 6849 6813
f 6814 6850 6238
f 7290 6448 6447
f 6448 6410 7134
f 7109 7082 7081
f 7346 6579 6467
f 6430 6429 6486
f 7273 6430 6489
f 6352 6690 6689
f 6690 7207 7210
f 6641 6640 6793
f 7277 6641 6646
f 7347 6646 6648
f 7347 6558 6554
f 7348 6542 6544
f 7348 6599 6891
f 6457 6473 6697
f 7160 7207 6690
f 7349 7218 7350
f 6285 6287 6675
f 7351 7005 6544
f 7351 6536 6533
f 7352 6576 6578
f 7352 6867 6930
f 7258 6718 6827
f 7286 6718 6717
f 7353 7006 6555
f 7353 6558 6550
f 7354 6553 6555
f 7354 6594 6598
f 6406 7279 6697
f 6437 7279 6206
f 7263 7355 7173
f 7299 6672 6486
f 7356 6781 6981
f 7356 7012 6913
f 7357 7358 7359
f 7357 6869 7139
f 6712 7308 6944
f 7306 6712 6711
f 6906 7291 6907
f 7152 7360 7153
f 7361 6715 6528
f 6500 6893 7060
f 7212 6502 6501
f 6511 7235 6858
f 7070 6366 7269
f 6812 7036 6813
f 6812 6942 7362
f 6248 7313 6378
f 6248 6250 7337
f 7363 6526 6528
f 7261 7363 6895
f 7194 6338 6393
f 6928 6867 6607
f 6773 7179 7178
f 6933 6869 6614
f 7364 7185 6924
f 7364 7037 6685
f 7365 6567 6578
f 7365 6877 6566
f 6678 6481 7211
f 7268 6481 6742
f 7198 6819 6827
f 6811 6849 7366
f 6812 6811 6942
f 7367 6373 7204
f 6451 6512 6371
f 6987 6303 7213
f 6638 6996 6639
f 6638 7173 7172
f 7203 6992 7246
f 6991 7291 7292
f 6645 7297 6643
f 6479 7263 6638
f 6815 6196 6195
f 6218 6816 6195
f 7368 6402 7042
f 7368 7313 6918
f 6712 6943 6710
f 6811 6943 6942
f 7191 6967 6716
f 7289 6967 6701
f 6320 7323 7369
f 7370 6763 6889
f 7371 7372 6747
f 7373 6570 6601
f 7373 7005 6591
f 7374 6564 6596
f 7374 7006 6586
f 6240 6217 7165
f 7188 7301 6707
f 6786 7188 7375
f 7029 6435 6434
f 6435 6962 7376
f 7086 7377 7189
f 7000 7378 6257
f 6239 6626 7266
f 6238 7225 6239
f 7379 6567 6565
f 7379 6584 6588
f 7224 7185 6684
f 7224 7088 6262
f 6787 6805 6676
f 7380 6573 6571
f 7380 6589 6593
f 7361 6527 7349
f 6527 6978 7218
f 6672 7228 7087
f 6279 6281 7105
f 6225 6227 6315
f 6737 6434 6945
f 7019 6737 7185
f 7289 6701 6497
f 6730 6701 6966
f 7321 7042 6402
f 6378 7043 6379
f 7065 7269 7256
f 6288 6290 7009
f 7238 6820 7270
f 6820 6819 7276
f 6647 6646 6886
f 7295 6647 7252
f 7319 6681 6680
f 6681 7013 7027
f 7178 6665 6666
f 7280 7179 6876
f 7381 6721 6298
f 7381 6640 6642
f 6430 6486 6673
f 6486 6485 7299
f 7382 6759 6332
f 7057 6446 6474
f 6729 6732 6731
f 7220 6732 6891
f 6985 6626 6441
f 7265 6985 6604
f 7302 6633 6998
f 7341 6633 6635
f 7366 6849 6982
f 7366 6710 6943
f 7121 6278 6277
f 7135 7121 7094
f 6197 6199 7228
f 7087 6262 7088
f 7383 6426 6428
f 6373 7383 6371
f 7320 6966 6873
f 7320 6623 6777
f 7352 6578 6569
f 7365 6578 6577
f 6530 6956 6632
f 6956 6955 6462
f 7384 7369 6778
f 6988 7229 6986
f 6660 7253 6995
f 6483 6659 6803
f 7330 6417 6794
f 7330 6640 6950
f 7359 7358 6845
f 7359 6573 6575
f 7225 6441 6239
f 6985 6441 6440
f 6512 6451 6513
f 7152 7367 7204
f 7361 6833 6715
f 7286 6833 6968
f 7195 6495 6608
f 7142 6495 6677
f 7190 6467 6580
f 7346 6467 6431
f 7190 6580 6877
f 7298 6580 6597
f 7334 7385 7386
f 6329 7294 7053
f 7093 7094 7121
f 7121 7135 6278
f 6691 6977 7377
f 7189 6977 6673
f 7178 6577 6576
f 7365 6577 6877
f 7195 6422 6421
f 6432 7318 6433
f 6896 7214 6765
f 7358 6764 6763
f 7267 6876 6772
f 6576 6771 6773
f 6496 7362 6494
f 7362 6942 7387
f 7262 6702 6731
f 6753 6252 6251
f 6310 6834 7349
f 7361 6834 6833
f 6672 7299 7227
f 6696 6354 6697
f 7279 6406 7077
f 6968 6832 7024
f 7286 6968 6826
f 7192 6902 7076
f 6380 6529 6734
f 6740 7143 7147
f 7237 6740 6848
f 6776 7388 6493
f 7389 7059 6368
f 6415 6952 7197
f 7131 6471 7125
f 6938 7390 6539
f 6938 6900 7391
f 7190 6666 6485
f 7178 6666 6577
f 6904 6774 7392
f 7263 7262 7355
f 6688 7235 7046
f 6693 6688 6687
f 6843 6888 7172
f 7370 6843 6845
f 7029 6738 6677
f 7019 6738 6737
f 7393 6620 6622
f 7393 6787 6788
f 7065 7394 7081
f 7011 6739 7395
f 6453 7163 6748
f 7088 6353 7086
f 7305 6621 6993
f 7265 6621 6951
f 7396 6725 6727
f 7396 6514 6516
f 7339 6524 6523
f 7316 6524 6869
f 7220 6464 6732
f 7262 6464 7355
f 7397 6561 6736
f 7397 6520 6522
f 7340 6518 6517
f 7315 6518 6867
f 6791 7244 6872
f 6368 6669 6369
f 7370 6845 7358
f 6845 6844 7398
f 7393 6788 6802
f 6696 6473 7160
f 6945 6434 6436
f 6737 6945 6924
f 7359 7398 6573
f 7398 6844 6572
f 7198 6827 6826
f 7258 6827 6818
f 7399 6662 6491
f 7399 6935 7245
f 6541 7209 7400
f 7016 6784 7401
f 7278 6784 6783
f 7140 7300 7123
f 7077 6405 6685
f 7238 6651 6818
f 7258 6651 6650
f 7402 6445 6824
f 6265 7230 6492
f 6761 6760 6308
f 6761 6778 7369
f 6794 6417 7107
f 7330 6794 6793
f 7190 6485 6429
f 6710 7092 7091
f 6268 7093 7205
f 6979 6914 6980
f 7215 7202 6810
f 7215 6990 6992
f 6991 6460 7291
f 6991 6990 6635
f 7322 6821 6428
f 7322 6379 7042
f 7403 6871 7404
f 7258 6650 6716
f 7191 6650 6653
f 7278 6767 6449
f 7159 6767 6334
f 6408 6662 7245
f 6663 6408 6899
f 7224 7030 7088
f 7030 6407 6353
f 7048 7034 7047
f 7336 7048 6805
f 7085 7405 6375
f 6700 6198 7264
f 7322 6428 6427
f 7257 6667 6783
f 6850 6813 6936
f 7303 6519 6534
f 7315 6519 6518
f 7304 6525 6551
f 7316 6525 6524
f 6737 6924 7185
f 7364 6924 6923
f 7361 6528 6527
f 7338 7389 7337
f 7192 7076 7150
f 6984 6959 6958
f 6746 6745 6982
f 7377 6689 6691
f 7346 6431 7259
f 7273 6431 6430
f 7143 6296 7147
f 6711 7197 7196
f 7231 7089 7232
f 6617 7385 6242
f 6802 6286 6655
f 7393 6802 6620
f 6749 6322 7406
f 7329 6814 6816
f 7131 6340 6339
f 7339 6614 6524
f 6933 6614 6613
f 7340 6607 6518
f 6928 6607 6606
f 7127 7128 6668
f 7348 6891 6547
f 6717 6499 6715
f 6498 6497 6895
f 6483 7287 6659
f 6857 6267 6269
f 6386 7313 7337
f 6463 6915 7173
f 6409 6388 6410
f 7189 6673 6672
f 6430 6673 6489
f 6828 6725 6829
f 7148 7407 7395
f 7395 6741 7148
f 7408 6234 6707
f 6695 7409 7126
f 7330 6793 6640
f 6641 6793 6886
f 7251 6644 7252
f 7344 6644 6734
f 6613 6328 6931
f 6882 6613 6610
f 7410 7284 6777
f 7410 6492 7230
f 7050 7052 7260
f 7152 7204 7360
f 7317 6598 6597
f 7354 6598 6556
f 6928 6606 7140
f 6880 6606 6603
f 6856 7208 7234
f 7205 7404 6926
f 6348 6367 7193
f 7072 6902 7193
f 7215 6809 6990
f 7341 6809 6611
f 6885 6537 6536
f 7342 6537 6865
f 6542 6547 6546
f 7205 7206 6268
f 6938 7411 7390
f 7411 6971 6398
f 7191 6873 6967
f 7320 6873 6624
f 6494 7362 7412
f 7314 6586 6549
f 7374 6586 6585
f 7303 6533 6538
f 7351 6533 6532
f 7347 6559 6558
f 7345 6559 6868
f 7312 6591 6532
f 7373 6591 6590
f 7191 6653 6652
f 7319 6653 6649
f 7304 6550 6560
f 7353 6550 6549
f 6417 6419 7413
f 6742 6480 6848
f 7268 6742 6703
f 7347 6557 6646
f 7277 6557 6556
f 6768 6271 7181
f 7219 6419 6418
f 6663 6899 6949
f 7290 6899 6448
f 6645 7253 6376
f 7251 6645 6644
f 7323 7164 7369
f 6272 6271 6336
f 7257 6783 6396
f 7278 6783 7010
f 7342 6515 6517
f 7340 6515 6619
f 6479 6478 6671
f 7345 6521 6523
f 7339 6521 6631
f 7127 6852 6854
f 7127 6503 6505
f 7257 6398 6504
f 7411 6398 6397
f 6821 6714 6713
f 7002 6920 6919
f 7336 6755 7032
f 6755 6837 7083
f 7124 6806 7047
f 7124 6999 7074
f 7364 6684 7185
f 7224 6684 7030
f 6746 6851 7329
f 6814 6851 6850
f 6756 6787 6974
f 7336 6756 6755
f 7219 6392 6769
f 7184 6391 6980
f 6418 6950 6297
f 7381 6950 6640
f 7110 6753 7414
f 7346 6914 6723
f 6641 6886 6646
f 6647 6886 6658
f 7255 6654 6683
f 7319 6654 6653
f 6875 7242 6545
f 6729 6875 6732
f 7314 6552 6587
f 7326 6552 6551
f 7312 6535 6592
f 7325 6535 6534
f 7103 7129 7130
f 6836 6427 6426
f 7322 6427 6379
f 7273 6491 6664
f 7399 6491 6490
f 7159 6770 6447
f 7290 6770 6769
f 7278 6449 7136
f 7134 6449 6448
f 7305 6726 6972
f 7343 6726 6828
f 7387 6942 7415
f 7387 6962 6963
f 7295 6648 6647
f 7347 6648 6559
f 6756 6973 6754
f 6973 6972 7343
f 6829 6892 6265
f 6885 6983 6537
f 7341 6635 6990
f 6991 6635 6461
f 7293 6335 6790
f 6334 7310 6335
f 6511 7046 7235
f 6688 7046 6940
f 6695 6316 7409
f 6530 6957 6956
f 6235 7166 7240
f 7119 7012 7166
f 6977 6490 6489
f 7399 6490 6800
f 6281 7157 7105
f 6780 6779 7105
f 7352 6569 6867
f 7315 6569 6568
f 6728 6777 7284
f 7410 6777 6776
f 6530 6634 6529
f 7302 6634 6633
f 7357 6575 6869
f 7316 6575 6574
f 7302 6735 6733
f 7344 6735 6563
f 6850 6937 6238
f 7225 6937 6421
f 6617 7386 7385
f 6977 6691 6490
f 7237 6848 6480
f 6742 6848 6704
f 7393 6974 6787
f 6756 6974 6973
f 7416 6476 7040
f 6911 7038 6923
f 7298 6597 6594
f 7317 6597 6579
f 7038 7078 7037
f 6300 6266 6493
f 7396 6618 6514
f 7331 6618 6993
f 7411 6397 7390
f 6397 6396 7018
f 7298 6566 6877
f 7365 6566 6565
f 7382 7416 6343
f 7265 6951 6626
f 6620 6802 6951
f 6991 6461 6460
f 6956 6461 6632
f 7304 6560 6523
f 7345 6560 6559
f 7397 6630 6520
f 7332 6630 6998
f 6492 7410 6776
f 7388 6776 6625
f 7303 6538 6517
f 7342 6538 6537
f 7325 6588 6587
f 7379 6588 6568
f 7326 6593 6592
f 7380 6593 6574
f 6958 6465 7220
f 7246 7292 6906
f 6904 7417 7378
f 6581 6226 6469
f 6479 6671 7263
f 6671 6526 7363
f 7320 6624 6623
f 7255 6624 6652
f 6647 6658 7252
f 7251 6658 6657
f 7381 6722 6721
f 7317 6722 6775
f 7367 6426 7383
f 7204 6439 7360
f 7202 7062 7061
f 7313 7368 7043
f 6377 6248 6378
f 7207 7402 6934
f 7201 6244 7112
f 7344 6563 7252
f 7295 6563 6562
f 7134 6278 7135
f 6509 7418 6200
f 7366 6982 6745
f 6746 6982 6851
f 7183 6808 7419
f 6399 6401 6454
f 7247 7001 7055
f 7348 6544 6600
f 7351 6544 6543
f 7366 6745 7092
f 7353 6555 6554
f 7354 6555 6595
f 6242 7334 6243
f 6803 6995 6804
f 6836 6377 6427
f 7396 6866 6725
f 7129 7132 7099
f 7298 6596 6566
f 7374 6596 6595
f 7159 6334 6336
f 7310 6334 7010
f 7397 6562 6561
f 7295 6562 6868
f 7305 6622 6621
f 7393 6622 6974
f 7379 6568 6567
f 7315 6568 6864
f 7277 6642 6641
f 7381 6642 6722
f 6572 6984 6570
f 7373 6601 6600
f 7387 7118 6962
f 7066 7118 7307
f 6721 6914 6979
f 7009 7335 6751
f 7041 6476 6475
f 7344 6734 6733
f 6380 6734 6643
f 7380 6574 6573
f 7316 6574 6863
f 7270 6939 7013
f 7117 6475 6331
f 7415 6944 7308
f 7415 7307 7118
f 7420 7421 6313
f 6968 7024 7023
f 6881 7422 7375
f 6752 6460 7423
f 7341 6611 6998
f 7332 6611 6610
f 7202 7053 7294
f 7038 6795 7078
f 7265 6604 6993
f 7331 6604 6603
f 7306 7309 7308
f 7238 7014 6651
f 7319 7014 6681
f 6880 6603 6602
f 7331 6603 6605
f 7388 6625 6637
f 7255 6625 6624
f 7294 6810 7202
f 7215 6810 6809
f 7297 6645 6376
f 7297 6831 6643
f 6440 6420 6433
f 6985 6440 6602
f 7302 6736 6735
f 7397 6736 6630
f 6882 6610 6609
f 7332 6610 6612
f 7304 6551 6548
f 7326 6551 6863
f 7303 6534 6531
f 7325 6534 6864
f 7305 6727 6726
f 7396 6727 6618
f 6693 6859 7235
f 7257 6504 6503
f 6504 6971 7424
f 7354 6595 6594
f 7374 6595 7006
f 7365 6565 6567
f 7379 6565 6585
f 7425 7426 7004
f 6214 6288 6466
f 7398 6571 6573
f 7380 6571 6590
f 7275 6920 7002
f 6823 7056 7108
f 7346 6723 6579
f 7317 6723 6722
f 7427 7064 7424
f 7391 6971 7411
f 7314 6587 6584
f 7325 6587 6890
f 7348 6600 6599
f 7373 6600 7005
f 7312 6592 6589
f 7326 6592 6890
f 7356 6705 7012
f 7011 6705 6704
f 7348 6547 6542
f 6547 6874 6545
f 7134 6410 6388
f 6688 6940 6686
f 6940 6510 6202
f 6968 7023 6826
f 7198 7023 6333
f 7314 6549 6548
f 7353 6549 7006
f 7312 6532 6531
f 7351 6532 7005
f 7339 6631 6612
f 7332 6631 6630
f 7354 6556 6553
f 7277 6556 6775
f 7340 6619 6605
f 7331 6619 6618
f 7398 6572 6571
f 7102 7101 7045
f 6855 7428 6856
f 7429 6200 7418
f 7046 6511 6510
f 7353 6554 6558
f 7347 6554 6557
f 7351 6543 6536
f 6546 6885 6542
f 7345 6522 6521
f 7397 6522 6562
f 7342 6516 6515
f 7396 6516 6866
f 6742 6704 6703
f 7011 6704 6739
f 6237 6318 7423
f 6956 6462 6461
f 6752 6751 7335
f 6331 7022 7117
f 7268 6981 7028
f 7356 6981 6705
f 7379 6585 6584
f 7374 6585 6564
f 7364 6685 6684
f 7077 6685 7078
f 7380 6590 6589
f 7373 6590 6570
f 6911 6923 6909
f 7364 6923 7037
f 7382 6332 7416
f 6351 6188 7430
f 6798 7142 6799
f 7431 6905 7248
f 6862 7241 6881
f 6507 6390 6389
f 6797 6799 6698
f 6417 7413 7107
f 6806 6805 7048
f 6370 6369 6294
f 7360 6439 7004
f 7042 7043 7368
f 7336 6805 6787
f 6960 6887 6889
f 6185 6506 6347
f 6751 6358 7008
f 7209 7116 7400
f 7432 7091 7090
f 7361 7349 6834
f 7402 7170 6934
f 6457 6474 6473
f 6599 7220 6891
f 7020 6199 6700
f 6714 6822 7155
f 7433 6884 7434
f 6465 6959 6915
f 7285 7070 7072
f 6947 7203 7216
f 7259 6914 7346
f 7100 7296 6193
f 7194 6471 6339
f 6316 6957 7409
f 7334 6242 7385
f 7435 7431 7247
f 7234 6541 6540
f 6847 6858 7151
f 7394 7256 6507
f 6477 6284 6478
f 7432 6416 6415
f 6668 7310 6667
f 6749 6748 6322
f 6782 6268 7206
f 6228 7436 7414
f 6347 6367 6348
f 7003 6190 6383
f 7011 7395 7167
f 6263 7020 7019
f 6879 7437 7438
f 7055 6390 7435
f 6316 6955 6957
f 6315 6316 6695
f 7439 7183 7426
f 6293 6225 7126
f 6394 6508 7099
f 6411 6413 6720
f 6583 6582 6346
f 6725 6828 6726
f 6438 6215 7439
f 6261 6443 6259
f 6362 7276 7097
f 7221 7223 6402
f 7223 7222 6822
f 7085 7417 7392
f 6338 7194 6339
f 6720 6719 6411
f 7117 7039 7041
f 7212 7222 7221
f 6752 7335 7291
f 6265 7231 7230
f 7117 7041 6475
f 6678 6502 7212
f 6500 6502 6679
f 6728 6730 6966
f 6414 7327 6801
f 7100 6193 6192
f 7160 6690 6352
f 7403 6276 6871
f 7249 6724 6754
f 6304 6724 6301
f 7356 6912 6781
f 6961 6912 6231
f 7102 7103 6275
f 7150 7075 7440
f 6462 7423 6460
f 7423 6318 6359
f 7008 6466 7009
f 7329 6816 7441
f 6870 6872 6824
f 6807 6749 7035
f 6203 6319 6318
f 6955 6237 6462
f 6318 6237 6203
f 7426 7419 6364
f 6279 7186 6280
f 7113 7112 6243
f 7333 7386 6616
f 7368 6917 6402
f 6403 6917 6916
f 6224 7045 6201
f 6321 7442 6629
f 6425 6424 6295
f 6916 6294 6296
f 7127 6668 6503
f 6341 6191 7433
f 6303 6305 6260
f 6301 6305 6304
f 6409 6792 6388
f 6381 7409 6382
f 7420 7117 7022
f 6450 6513 6451
f 6997 6639 6996
f 6660 6376 7253
f 7366 6943 6811
f 7414 6753 6229
f 6697 7279 6437
f 6235 6232 7119
f 6316 6236 6955
f 6203 6236 6204
f 7000 7001 7248
f 7015 7443 7171
f 6364 6838 7426
f 6198 7227 7281
f 7167 7166 7012
f 6231 7119 6232
f 7375 7188 6881
f 6706 6234 6861
f 6812 7362 6496
f 6291 7405 6774
f 7140 6929 6928
f 7241 6841 6881
f 7139 6933 6932
f 6660 6659 6220
f 6681 7026 6682
f 6928 6930 6867
f 7352 6930 6771
f 7227 6198 6197
f 7004 7153 7360
f 7018 7017 7243
f 6933 7139 6869
f 7357 7139 6764
f 7240 7182 6235
f 7187 7021 7177
f 7261 7263 6671
f 6322 6189 7406
f 6811 6813 6849
f 6373 6372 6213
f 7200 7442 6326
f 6715 6498 6528
f 7289 6499 6717
f 7440 7400 7116
f 6904 7248 6905
f 7283 7108 7056
f 7064 7071 7065
f 6290 6289 6512
f 6748 6750 6453
f 7137 7175 6708
f 6693 6692 6859
f 6244 7444 6242
f 7224 6262 6263
f 6416 7432 6384
f 6925 7206 6926
f 6786 6314 6309
f 7301 6311 7051
f 6309 6311 6786
f 6792 6276 6388
f 6845 7398 7359
f 6883 6846 7445
f 6839 6834 6310
f 7446 7240 7168
f 7210 6691 6690
f 6636 6261 6260
f 6790 6789 7128
f 6477 7186 6279
f 6191 6999 6192
f 7443 7015 6423
f 7322 7042 7321
f 6302 6264 6266
f 7249 6302 6724
f 7058 6300 7388
f 7085 7392 7405
f 7065 7071 7269
f 6617 6616 7386
f 7132 7296 7100
f 6711 7196 7306
f 7000 7248 6904
f 7152 7436 6835
f 7429 7418 7447
f 6405 7077 6406
f 7098 6394 7099
f 6973 7343 7249
f 7017 7016 7094
f 6469 7448 6581
f 6883 7445 7434
f 6193 7145 6224
f 6224 6201 6223
f 7215 6992 7203
f 6832 7421 7024
f 7449 6241 6240
f 6509 6200 6510
f 6201 6200 6223
f 6675 7074 7112
f 7165 7113 6240
f 7447 6223 7429
f 6222 6356 7378
f 6366 7070 7285
f 7427 7072 7071
f 6274 6443 7133
f 6488 6854 6853
f 7402 7207 6445
f 7394 7065 7256
f 7284 7242 6875
f 7138 7443 7175
f 7113 6243 7449
f 6415 7114 6953
f 6439 6213 6215
f 6915 6463 6465
f 6259 6443 6273
f 7204 6213 6439
f 6383 7371 7003
f 7372 7324 7115
f 6880 6433 7318
f 7330 6950 6418
f 7244 7169 6872
f 6987 7213 6988
f 6757 7382 6343
f 6669 6368 7059
f 6945 6694 6909
f 6910 6694 6399
f 6629 6190 6321
f 6207 6795 6254
f 7144 7039 6312
f 7429 6223 6200
f 7367 7383 6373
f 6392 6391 6949
f 7359 6575 7357
f 6919 6921 7450
f 6306 7196 7007
f 6307 6954 6326
f 6306 6308 6760
f 6761 6308 6778
f 7058 6637 6260
f 6261 6636 6683
f 6908 7216 7246
f 6227 6346 6345
f 6984 6958 6601
f 6671 7363 7261
f 6349 6390 7055
f 6349 7055 7054
f 6260 6259 6303
f 6795 6255 6254
f 7057 6444 6446
f 6488 6350 6258
f 7079 6343 6342
f 6719 6341 6411
f 6823 6444 7056
f 7149 7158 6946
f 6986 7229 7451
f 6970 6361 6693
f 6324 6831 7297
f 7410 7230 7242
f 6459 6474 6457
f 7000 6257 6256
f 7327 6416 7452
f 7167 7395 7168
f 7407 7168 7395
f 7260 7408 7050
f 6234 7408 6232
f 7079 6921 6920
f 6208 6459 6458
f 6670 7174 7049
f 7171 7443 7138
f 7164 6761 7369
f 6659 6661 6803
f 7137 6817 6253
f 6855 6269 7430
f 7320 6777 6728
f 6887 6997 6888
f 7408 7260 6233
f 7037 7078 6685
f 6409 7245 6792
f 6345 6204 6315
f 6386 7337 7389
f 7259 6980 6914
f 7174 6670 7338
f 7044 7025 6941
f 7387 6963 7412
f 7024 7420 7022
f 6293 6292 6226
f 6227 6583 6346
f 7050 6707 7301
f 7188 6707 6706
f 7095 6313 7421
f 7085 7084 7417
f 6513 6908 6907
f 7408 6707 7050
f 6346 7426 6838
f 6370 6294 6386
f 6695 7126 6225
f 7096 6343 7079
f 7114 6801 7437
f 6744 6743 7096
f 6721 6979 6298
f 7241 6862 7182
f 7432 7197 7091
f 6306 7007 6307
f 6200 6202 6510
f 7044 6202 6201
f 6230 6709 6249
f 6507 6347 6506
f 7392 7417 6904
f 6710 7091 6711
f 6459 6189 6927
f 7453 6468 7431
f 6743 7097 7096
f 6817 6229 6253
f 6319 6205 6363
f 6470 6292 6291
f 7165 6219 6655
f 6237 7423 6462
f 6957 6382 7409
f 6904 7378 7000
f 7109 7081 7454
f 7421 7420 7024
f 6472 7160 6473
f 6951 7250 6626
f 6239 7266 6196
f 7110 7414 7436
f 6195 6194 6219
f 6288 6214 6289
f 6905 6470 6774
f 6236 6237 6955
f 6472 6474 6446
f 7045 6224 7145
f 6238 6196 6815
f 6194 6196 7266
f 6900 6902 7072
f 7058 6305 6301
f 7058 6260 6305
f 6991 7292 6992
f 6302 6266 6300
f 7376 6962 7068
f 7376 6401 6400
f 6256 6258 7054
f 7338 7059 7389
f 7058 7388 6637
f 7435 7453 7431
f 6879 6878 6953
f 7377 7086 6689
f 7144 6881 7416
f 6290 6513 6907
f 7391 7424 6971
f 7424 7064 6505
f 7176 7035 6749
f 7294 6328 6882
f 7446 7241 7240
f 6893 6456 7060
f 6202 7044 6941
f 6454 6453 6750
f 6257 7378 6356
f 6675 6674 7074
f 7124 6674 6806
f 7031 6303 6987
f 6861 7182 6862
f 6399 6436 6400
f 6919 7450 6860
f 7450 6921 6342
f 7450 6413 6860
f 7093 7122 7205
f 7403 7122 6277
f 7033 7451 7229
f 6754 6837 6755
f 7031 6837 6304
f 6871 6276 6791
f 6385 6384 7324
f 7455 7066 7309
f 7067 7455 6401
f 6487 7128 6854
f 7270 6970 6687
f 6676 6675 6287
f 7264 7280 6876
f 7435 6390 6582
f 6248 7337 7313
f 7123 6903 6798
f 6755 7083 7032
f 7083 7031 7451
f 7272 7441 7333
f 6275 7104 6273
f 6762 6761 7164
f 6276 7403 6277
f 6840 6424 6841
f 6708 7338 6250
f 7390 7243 6540
f 6900 7427 7391
f 7064 7427 7071
f 6268 6267 7093
f 7017 6267 6857
f 7036 6936 6813
f 6668 6789 7310
f 7243 6857 6540
f 7282 7329 7441
f 7072 7427 6900
f 7009 6907 7335
f 6326 6954 6878
f 6259 6273 7213
f 6745 7115 7092
f 7444 6999 6615
f 6746 7282 6747
f 6583 6227 6226
f 7427 7424 7391
f 6476 7041 7040
f 6711 7091 7197
f 6483 6484 7287
f 6220 6659 7287
f 6958 7220 6599
f 7233 7260 6283
f 6961 7233 7106
f 6883 7434 6884
f 7366 7092 6710
f 7338 6708 7174
f 7417 6222 7378
f 7111 7153 6753
f 6360 7080 7275
f 7439 6466 7183
f 6780 7105 7157
f 7106 6282 7105
f 6507 6365 6347
f 7333 6616 7272
f 6839 6310 6309
f 7376 6400 6435
f 6960 6280 6887
f 7440 6188 6187
f 6285 6675 7113
f 6241 6218 6217
f 6983 7231 6892
f 7127 6505 7063
f 6364 6363 6766
f 7406 6255 7176
f 6374 6376 6660
f 6281 6960 7236
f 6887 6280 6997
f 7324 6384 7432
f 6808 7183 6358
f 6282 7106 7233
f 6528 6498 7363
f 6839 7421 6832
f 7391 7411 6938
f 6314 7095 6309
f 6375 6325 6324
f 7165 6286 6285
f 7423 6359 6752
f 7407 7446 7168
f 7271 6615 7003
f 7063 6852 7127
f 7370 6888 6843
f 7370 6889 6888
f 7008 6358 7183
f 6376 7254 7297
f 6680 6682 6442
f 6681 7027 7026
f 7281 7179 7280
f 6922 6221 7288
f 7236 7214 6896
f 6889 6765 7214
f 6205 6319 6203
f 7115 6747 7372
f 6375 7405 6325
f 7415 7118 7387
f 6397 7243 7390
f 6509 6846 6884
f 7424 6505 6504
f 6195 6219 6218
f 6526 6978 6527
f 7358 6763 7370
f 6889 6763 6765
f 7125 6471 6999
f 6415 7197 7432
f 6945 6436 6694
f 6400 6436 6435
f 6639 6997 7186
f 7431 6468 6905
f 6879 7114 7437
f 7454 6389 7109
f 6975 6964 7120
f 6686 7027 6939
f 6313 6312 7039
f 6581 7448 6582
f 6411 7434 7445
f 7162 6401 7455
f 7118 7068 6962
f 7376 7068 7067
f 7455 7309 6760
f 7034 7131 7047
f 6350 6853 7109
f 6894 6326 7442
f 7120 7217 6455
f 6424 6881 6841
f 6455 7274 6330
f 7333 7441 6825
f 6438 7425 7004
f 7140 7318 7300
f 6828 6830 7343
f 7116 7208 7428
f 6961 6233 7233
f 7408 6233 6232
f 7119 6913 7012
f 7356 6913 6912
f 7328 7327 7452
f 7004 6753 7153
f 7349 7350 7051
f 7143 6916 6296
f 6235 7119 7166
f 6345 6315 6227
f 6954 6307 7007
f 6355 6341 6720
f 6208 7406 6189
f 7141 6797 7267
f 7282 7441 7272
f 6999 7124 7125
f 7140 7123 7141
f 7123 7300 6903
f 7142 6903 6608
f 7241 7311 6841
f 7066 7307 7309
f 7142 7187 7177
f 6782 7206 6925
f 6674 6676 6806
f 7166 7168 7240
f 6374 6220 7084
f 7032 7034 7048
f 7328 6383 6190
f 7276 6362 6969
f 6340 7034 7033
f 6272 7293 6484
f 6988 7130 7229
f 7444 6617 6242
f 7145 6193 7296
f 7073 7444 7201
f 6901 6539 6541
f 7399 7245 6662
f 6858 7235 6859
f 7281 6665 7179
f 6540 6539 7390
f 6938 6539 6901
f 6884 7433 7418
f 6820 6970 7270
f 6879 7438 6627
f 6896 6897 7274
f 7136 7135 7401
f 6855 7430 7428
f 7124 7074 6674
f 6784 7018 6396
f 7244 7245 7169
f 6791 6792 7244
f 7267 6772 7141
f 6411 7445 6412
f 6706 6881 7188
f 6222 7417 7084
f 7333 7334 7386
f 7207 6446 6445
f 6842 7148 7146
f 6860 7151 6858
f 6218 6241 6825
f 6387 7134 6388
f 6995 7253 6994
f 7133 6443 6442
f 6768 7181 6419
f 7400 7440 7075
f 6383 6385 7371
f 7002 6692 7226
f 6768 6898 6271
f 6338 7229 7130
f 7136 7401 6784
f 7016 7401 7094
f 7030 6353 7088
f 7271 7282 7272
f 6333 6759 7199
f 6800 6935 7399
f 7400 7075 6541
f 6437 6458 6697
f 6408 7245 6409
f 6678 6975 6679
f 7144 7416 7040
f 7406 7176 6749
f 7083 7033 7032
f 6422 6433 6420
f 7135 7094 7401
f 7017 7094 6267
f 6629 7442 7200
f 6908 6513 6450
f 7394 7454 7081
f 7202 6947 7062
f 6250 6249 6709
f 6405 6407 7030
f 6353 6407 6354
f 6842 7146 6840
f 6352 6354 6696
f 6406 6354 6407
f 6896 6965 7236
f 7156 6965 6976
f 6804 7107 7413
f 6794 7107 6989
f 7149 6948 6450
f 6340 7033 7229
f 6700 6199 6198
f 7003 6615 6999
f 7367 6835 6426
f 7218 6283 7350
f 7170 6824 6872
f 6399 6454 6910
f 6415 6953 6952
f 6907 7009 6290
f 7357 6764 7358
f 6764 6932 6897
f 7028 6976 7211
f 6964 6976 6965
f 7248 7247 7431
f 7352 6771 6576
f 6771 6929 6772
f 7236 7157 6281
f 6780 7157 7156
f 7425 7439 7426
f 6691 7210 6800
f 7404 6870 7108
f 6511 6858 6847
f 6458 6437 6208
f 7213 6273 7104
f 7368 6918 6917
f 6386 6918 7313
f 7150 6186 7192
f 7152 7111 7436
f 7328 7452 6383
f 6821 6713 6428
f 6284 7218 6978
f 6205 6345 6766
f 7063 7082 6852
f 6911 7035 7069
f 7144 6785 7422
f 6741 6740 7146
f 7435 6582 7453
f 7060 6456 7061
f 6500 7060 7161
f 7376 7067 6401
f 7455 7067 7066
f 7324 7372 6385
f 6947 6946 7062
f 6656 6989 6657
f 6994 7107 6804
f 7444 6615 6617
f 6628 6627 7438
f 7441 6816 6825
f 7172 6888 6996
f 6843 7172 6915
f 7247 7055 7435
f 7132 7129 7103
f 7045 7101 7025
f 7018 7243 6397
f 7189 7377 6977
f 6983 6866 6865
f 6629 7200 6627
f 7212 6501 7222
f 7161 6501 6500
f 7455 6762 7162
f 7428 7430 6188
f 6423 6425 6669
f 6450 6452 7149
f 6320 7239 7323
f 7334 6825 6241
f 7283 6926 7108
f 7349 7051 6310
f 6981 6781 7028
f 7223 6822 7321
f 6484 7293 7288
f 6365 6507 7256
f 6739 6741 7395
f 7147 7146 6740
f 7049 7175 7443
f 6847 7445 6846
f 7208 6856 7428
f 6821 7321 6822
f 7271 7371 6747
f 6445 6444 6823
f 7447 7433 6191
f 7113 7165 6285
f 6321 7369 7384
f 7419 7426 7183
f 6852 7082 6853
f 6941 7027 6686
f 7180 7419 6808
f 6892 6725 6866
f 6321 6320 7369
f 6283 7260 7052
f 7263 7173 6638
f 6270 6483 6803
f 7310 6789 6335
f 7004 7015 6753
f 7324 7432 7090
f 7407 7311 7446
f 6343 7416 6881
f 6202 6941 6940
f 7264 6876 7267
f 6773 6876 7179
f 6875 6545 6874
f 7161 7062 6946
f 6299 6298 6979
f 6699 6799 7177
f 6785 6786 7422
f 6349 6350 6390
f 6831 6324 6381
f 6758 6757 7097
f 6576 6773 7178
f 6657 6994 7253
f 6927 7057 6459
f 6672 7227 7228
f 7181 7413 6419
f 7267 6698 7264
f 6698 6799 6699
f 7452 6416 6384
f 7375 7422 6786
f 7069 6796 7038
f 6344 6346 6838
f 7026 7101 6682
f 6468 6470 6905
f 7453 7448 6468
f 6884 7418 6509
f 7228 6262 7087
f 6746 7329 7282
f 6758 7276 6819
f 6255 6796 7069
f 6466 7439 6215
f 7449 7334 6241
f 6413 7450 6720
f 7239 6322 6748
f 6261 6683 6442
f 7100 6192 7098
f 6295 6424 6296
f 7209 6541 7234
f 6470 6469 6292
f 6527 7218 7349
f 6372 6512 6289
f 6191 6193 6223
f 7079 6342 6921
f 6701 6730 6702
f 7249 6830 6264
f 6476 7416 6332
f 6299 6980 6391
f 7038 6796 6795
f 7285 7193 6367
f 6244 7201 7444
f 6637 6683 6636
f 6942 6944 7415
f 6712 6944 6943
f 7334 7449 6243
f 6469 6468 7448
f 7382 6757 6759
f 7404 7108 6926
f 7174 6708 7175
f 7059 7338 6670
f 7163 7164 7323
f 7022 6333 7023
f 7350 7052 7051
f 6790 7288 7293
f 7422 6881 7144
f 6665 7299 6485
f 6306 7309 7306
f 7438 7437 6628
f 7306 7308 6712
f 7415 7308 7307
f 7073 6999 7444
f 6294 6918 6386
f 6901 7076 6902
f 6300 6493 7388
f 7410 7242 7284
f 6762 7164 7162
f 6336 7293 6272
f 7433 7434 6341
f 7155 7149 6452
f 6352 6689 7086
f 7301 7051 7050
f 6235 6861 6234
f 7144 7040 7039
f 6975 7120 6679
f 6986 7451 7031
f 7083 7451 7033
f 7254 6376 6375
f 6572 6959 6984
f 7261 6895 6702
f 6498 6895 7363
f 7272 6616 6615
f 7181 6270 7413
f 6969 6362 6361
f 6220 7287 6221
f 7381 6298 6950
f 7080 6360 6744
f 7207 6934 7210
f 6361 7226 6692
f 6760 7309 6306
f 7241 7446 7311
f 6908 6450 6948
f 6464 6463 7355
f 6507 6389 7454
f 6752 7291 6460
f 7299 6665 7281
f 7371 6385 7372
f 7442 7384 6894
f 6223 7447 6191
f 7025 7101 7026
f 6325 6291 6323
f 7246 6992 7292
f 7203 7246 7216
f 7096 7079 6744
f 6757 6343 7096
f 6494 6963 7029
f 6829 6265 6264
f 6738 7021 7187
f 7020 6700 6699
f 7114 6415 6801
f 6414 6416 7327
f 6893 7120 6455
f 7108 6824 6823
f 7271 7003 7371
f 7437 6801 7328
f 6342 6720 7450
f 7222 7154 6822
f 6835 7436 6228
f 6274 6273 6443
f 6802 6655 7250
f 7311 7407 7148
f 7355 6463 7173
f 7404 7205 7403
f 6331 6333 7022
f 7437 7328 6628
f 7129 7099 6508
f 6508 6393 6338
f 6819 7199 6758
f 6371 6512 6372
f 6371 7383 6713
f 6613 6931 6933
f 6932 6931 6330
f 6932 6330 7274
f 6455 6330 6329
f 6293 6323 6291
f 6282 6284 6279
f 6369 6425 6294
f 6248 6377 6249
f 6357 6922 6487
f 7134 6387 6278
f 6824 7170 7402
f 7170 6872 7169
f 6308 6307 6327
f 7216 6948 6947
f 6494 7412 6963
f 7387 7412 7362
f 6540 6856 7234
f 6871 6870 7404
f 6251 6253 6229
f 7004 7426 6346
f 6857 6856 6540
f 7454 7394 6507
f 6274 7133 7101
f 7283 6927 6926
f 7020 6699 7021
f 6291 6325 7405
f 7098 6395 6394
f 6424 6423 7015
f 7193 7192 6186
f 7443 6423 7049
f 7455 6760 6762
f 6208 6255 7406
f 6919 6859 7002
f 6428 6713 7383
f 7447 7418 7433
f 6995 6803 6661
f 6425 6369 6669
f 7318 6432 7300
f 6222 6221 6356
f 6230 6817 6709
f 6893 6455 6456
f 6311 6310 7051
f 6964 7217 7120
f 7274 7217 6896
f 6313 7117 7420
f 7152 6835 7367
f 7231 6265 6892
f 7256 7269 6366
f 6488 6853 6350
f 7109 6853 7082
f 7137 6709 6817
f 7116 6188 7440
f 6252 7138 6253
f 6362 7097 6743
f 7196 6952 7007
f 6804 7413 6270
f 7384 7442 6321
f 6978 6478 6284
f 6252 6753 7015
f 7103 7130 6988
f 7180 6364 7419
f 6953 6878 6954
f 6789 6668 7128
f 6546 7232 7089
f 7242 7232 6546
f 6187 7150 7440
f 7425 6438 7439
f 6472 6446 7207
f 7045 7145 7102
f 6778 6894 7384
f 6326 6894 6327
f 6351 7430 6269
f 7095 7421 6839
f 7052 7350 6283
f 7448 7453 6582
f 6279 7105 6282
f 6961 7106 6779
f 6871 6791 6872
f 7409 6381 7126
f 6639 7186 6477
f 7285 7072 7193
f 7147 6296 6424
f 7414 6229 6228
f 6451 6713 6452
f 7230 7232 7242
f 6844 6959 6572
f 6411 6341 7434
f 6501 7154 7222
f 7155 7154 7158
f 6506 6185 6187
f 6383 7452 6384
f 6795 6207 7078
f 7077 6207 6206
f 6815 6195 6816
f 6847 7151 6412
f 7389 6368 6386
f 7110 7436 7111
f 6922 7288 6790
f 6484 7288 7287
f 7122 7403 7205
f 6332 6331 6475
f 6838 6364 6766
f 7086 7189 7087
f 6774 7405 7392
f 7171 7138 6252
f 6444 7057 7056
f 7445 6847 6412
f 7449 6240 7113
f 6219 7165 6217
f 7456 5062 5060
f 5062 7456 5098
f 5048 7457 5073
f 7457 5048 5788
f 7458 5057 5056
f 5057 7458 5076
f 5084 7459 5086
f 7459 5084 5997
f 7460 5111 5110
f 5111 7460 5130
f 7461 5116 5114
f 5116 7461 5152
f 5102 7462 5127
f 7462 5102 5972
f 5138 7463 5140
f 7463 5138 6166
f 5161 7464 5163
f 7464 5161 6142
f 5170 7465 5174
f 7465 5170 6084
f 7466 5181 5178
f 5181 7466 6007
f 5156 7467 5191
f 7467 5156 6163
f 5200 7468 5202
f 7468 5200 6096
f 5195 7469 5219
f 7469 5195 5279
f 5228 7470 5230
f 7470 5228 5282
f 5209 7471 5213
f 7471 5209 5236
f 5223 7472 5245
f 7472 5223 5302
f 5255 7473 5259
f 7473 5255 5350
f 7474 5266 5263
f 5266 7474 5385
f 7475 5288 5286
f 5288 7475 5715
f 7476 5336 5335
f 5336 7476 5344
f 7477 5353 5354
f 5353 7477 5391
f 7478 5409 5559
f 5409 7478 5566
f 7479 5409 5473
f 5409 7479 5631
f 7480 5409 5408
f 5409 7480 5417
f 7481 5457 5458
f 5457 7481 5515
f 7482 5495 5496
f 5495 7482 5503
f 7483 5538 5536
f 5538 7483 5545
f 7484 5522 5523
f 5522 7484 5580
f 7485 5603 5601
f 5603 7485 5610
f 7486 5587 5588
f 5587 7486 5645
f 7487 5680 5679
f 5680 7487 5740
f 5283 7488 5309
f 7488 5283 5693
f 5701 7489 5703
f 7489 5701 5758
f 7490 5718 5719
f 5718 7490 5791
f 5727 7491 5731
f 7491 5727 5839
f 7492 5747 5748
f 5747 7492 5755
f 7493 5766 5767
f 5766 7493 5779
f 7494 5851 5852
f 5851 7494 5994
f 5859 7495 5861
f 7495 5859 5975
f 5868 7496 5872
f 7496 5868 5958
f 5843 7497 5876
f 7497 5843 5892
f 5961 7498 5982
f 7498 5961 5985
f 7499 6110 6108
f 6110 7499 6127
f 7500 6088 6089
f 6088 7500 6123
f 6115 7501 6136
f 7501 6115 6139
f 7502 6150 6151
f 6150 7502 6176
g Body4

v -1.732000 2.262000 0.024000
v -1.732000 2.262000 -0.002000
v -1.638000 2.302000 0.023250
v -1.638000 2.302000 -0.002000
v -1.540000 2.334000 0.024000
v -1.540000 2.334000 -0.002000
v -1.442000 2.356000 0.023250
v -1.442000 2.356000 -0.002000
v -1.340000 2.370000 0.024000
v -1.340000 2.370000 -0.002000
v -1.238000 2.374000 0.023250
v -1.238000 2.374000 -0.002000
v -1.240000 2.286000 -0.002750
v -1.240000 2.284000 0.012000
v -1.240000 2.286000 0.024000
v -1.238000 2.200000 0.024000
v -1.238000 2.200000 -0.002000
v -1.242000 2.140000 0.012000
v -1.246000 2.084000 -0.002000
v -1.246000 2.084000 0.024000
v -1.352000 2.134000 0.012000
v -1.360000 2.136000 -0.002000
v -1.462000 2.178000 0.012000
v -1.480000 2.184000 -0.002000
v -1.594000 2.222000 0.012000
v -1.604000 2.226000 -0.002000
v -1.604000 2.226000 0.024000
v -1.480000 2.184000 0.024000
v -1.360000 2.136000 0.024000
v -1.136000 2.370000 0.024000
v -1.136000 2.370000 -0.002000
v -1.036000 2.356000 0.023250
v -1.036000 2.356000 -0.002000
v -0.936000 2.334000 0.024000
v -0.936000 2.334000 -0.002000
v -0.840000 2.302000 0.023250
v -0.840000 2.302000 -0.002000
v -0.746000 2.262000 0.024000
v -0.746000 2.262000 -0.002000
v -0.874000 2.226000 -0.002000
v -0.882000 2.224000 0.012000
v -0.874000 2.226000 0.024000
v -0.998000 2.184000 0.024000
v -1.012000 2.178000 0.012000
v -1.116000 2.136000 0.024000
v -1.124000 2.134000 0.012000
v -1.230000 2.084000 0.024000
v -1.230000 2.084000 -0.002000
v -1.116000 2.136000 -0.002000
v -0.998000 2.184000 -0.002000
v -1.236000 2.140000 0.012000
v -1.236000 2.284000 0.012000
v -1.236000 2.286000 -0.002000
v -1.236000 2.286000 0.024000
v -0.212000 1.730000 0.024000
v -0.212000 1.730000 -0.002000
v -0.172000 1.636000 0.023250
v -0.172000 1.636000 -0.002000
v -0.140000 1.538000 0.024000
v -0.140000 1.538000 -0.002000
v -0.118000 1.440000 0.023250
v -0.118000 1.440000 -0.002000
v -0.104000 1.338000 0.024000
v -0.104000 1.338000 -0.002000
v -0.100000 1.236000 0.023250
v -0.100000 1.236000 -0.002000
v -0.188000 1.238000 -0.002750
v -0.192000 1.238000 0.012000
v -0.188000 1.238000 0.024000
v -0.274000 1.236000 0.024000
v -0.274000 1.236000 -0.002000
v -0.334000 1.240000 0.012000
v -0.390000 1.244000 -0.002000
v -0.390000 1.244000 0.024000
v -0.342000 1.350000 0.012000
v -0.338000 1.358000 -0.002000
v -0.298000 1.460000 0.012000
v -0.292000 1.478000 -0.002000
v -0.252000 1.592000 0.012000
v -0.250000 1.602000 -0.002000
v -0.250000 1.602000 0.024000
v -0.292000 1.478000 0.024000
v -0.338000 1.358000 0.024000
v -0.104000 1.134000 0.024000
v -0.104000 1.134000 -0.002000
v -0.118000 1.034000 0.023250
v -0.118000 1.034000 -0.002000
v -0.140000 0.934000 0.024000
v -0.140000 0.934000 -0.002000
v -0.172000 0.838000 0.023250
v -0.172000 0.838000 -0.002000
v -0.212000 0.744000 0.024000
v -0.212000 0.744000 -0.002000
v -0.250000 0.872000 -0.002000
v -0.252000 0.880000 0.012000
v -0.250000 0.872000 0.024000
v -0.292000 0.996000 0.024000
v -0.296000 1.010000 0.012000
v -0.338000 1.114000 0.024000
v -0.342000 1.122000 0.012000
v -0.390000 1.228000 0.024000
v -0.390000 1.228000 -0.002000
v -0.338000 1.114000 -0.002000
v -0.292000 0.996000 -0.002000
v -0.334000 1.234000 0.012000
v -0.192000 1.234000 0.012000
v -0.188000 1.234000 -0.002000
v -0.188000 1.234000 0.024000
v -0.350000 0.526000 0.024000
v -0.350000 0.526000 -0.002000
v -0.404000 0.462000 0.023250
v -0.404000 0.462000 -0.002000
v -0.464000 0.402000 0.024000
v -0.464000 0.402000 -0.002000
v -0.528000 0.348000 0.023250
v -0.528000 0.348000 -0.002000
v -0.626000 0.414000 -0.002000
v -0.636000 0.420000 0.012000
v -0.626000 0.414000 0.024000
v -0.720000 0.482000 0.024000
v -0.736000 0.494000 0.012000
v -0.804000 0.548000 0.024000
v -0.812000 0.556000 0.012000
v -0.884000 0.616000 0.024000
v -0.884000 0.616000 -0.002000
v -0.804000 0.548000 -0.002000
v -0.720000 0.482000 -0.002000
v -0.812000 0.676000 0.012000
v -0.812000 0.678000 -0.002000
v -0.744000 0.740000 0.012000
v -0.744000 0.742000 -0.002000
v -0.680000 0.810000 0.012000
v -0.680000 0.810000 -0.002000
v -0.618000 0.882000 -0.002000
v -0.618000 0.882000 0.024000
v -0.680000 0.810000 0.024000
v -0.744000 0.742000 0.024000
v -0.812000 0.678000 0.024000
v -0.558000 0.812000 0.012000
v -0.550000 0.802000 -0.002000
v -0.498000 0.734000 0.012000
v -0.484000 0.718000 -0.002000
v -0.424000 0.634000 0.012000
v -0.416000 0.624000 -0.002000
v -0.416000 0.624000 0.024000
v -0.484000 0.718000 0.024000
v -0.550000 0.802000 0.024000
v -1.950000 0.348000 0.024000
v -1.950000 0.348000 -0.002000
v -1.880000 0.296000 0.023250
v -1.880000 0.296000 -0.002000
v -1.808000 0.250000 0.024000
v -1.808000 0.250000 -0.002000
v -1.732000 0.210000 0.023250
v -1.732000 0.210000 -0.002000
v -1.874000 0.176000 0.012000
v -1.884000 0.174000 -0.002000
v -2.022000 0.146000 0.012000
v -2.042000 0.142000 -0.002000
v -2.196000 0.118000 0.012000
v -2.208000 0.118000 -0.002000
v -2.376000 0.098000 -0.002000
v -2.376000 0.098000 0.024000
v -2.208000 0.118000 0.023250
v -2.042000 0.142000 0.024000
v -1.884000 0.174000 0.024000
v -2.262000 0.160000 -0.002000
v -2.254000 0.164000 0.012000
v -2.262000 0.160000 0.024000
v -2.152000 0.222000 0.024000
v -2.138000 0.230000 0.012000
v -2.048000 0.286000 0.024000
v -2.042000 0.290000 0.012000
v -2.048000 0.286000 -0.002000
v -2.152000 0.222000 -0.002000
v -2.264000 0.744000 0.024000
v -2.264000 0.744000 -0.002000
v -2.224000 0.668000 0.023250
v -2.224000 0.668000 -0.002000
v -2.178000 0.594000 0.024000
v -2.178000 0.594000 -0.002000
v -2.128000 0.526000 0.023250
v -2.128000 0.526000 -0.002000
v -2.186000 0.434000 0.012000
v -2.190000 0.428000 -0.002000
v -2.244000 0.338000 0.012000
v -2.252000 0.324000 -0.002000
v -2.310000 0.222000 0.012000
v -2.314000 0.214000 -0.002000
v -2.314000 0.214000 0.024000
v -2.252000 0.324000 0.024000
v -2.190000 0.428000 0.024000
v -2.358000 0.268000 -0.002750
v -2.356000 0.278000 0.012000
v -2.358000 0.268000 0.024000
v -2.332000 0.432000 0.024000
v -2.330000 0.450000 0.012000
v -2.302000 0.590000 0.024000
v -2.300000 0.600000 0.012000
v -2.302000 0.590000 -0.002000
v -2.332000 0.432000 -0.002000
v -2.060000 0.624000 -0.002750
v -2.054000 0.634000 0.012000
v -2.060000 0.624000 0.024000
v -1.994000 0.718000 0.024000
v -1.982000 0.734000 0.012000
v -1.926000 0.802000 0.024000
v -1.920000 0.810000 0.012000
v -1.858000 0.882000 0.024000
v -1.858000 0.882000 -0.002000
v -1.926000 0.802000 -0.002000
v -1.994000 0.718000 -0.002000
v -1.798000 0.810000 0.012000
v -1.798000 0.810000 -0.002000
v -1.734000 0.742000 0.011250
v -1.734000 0.742000 -0.002000
v -1.666000 0.678000 0.012000
v -1.666000 0.678000 -0.002000
v -1.594000 0.616000 -0.002000
v -1.594000 0.616000 0.024000
v -1.666000 0.678000 0.024000
v -1.734000 0.742000 0.024000
v -1.798000 0.810000 0.024000
v -1.664000 0.556000 0.012000
v -1.672000 0.548000 -0.002000
v -1.740000 0.496000 0.012000
v -1.758000 0.482000 -0.002000
v -1.840000 0.422000 0.012000
v -1.850000 0.414000 -0.002000
v -1.850000 0.414000 0.023250
v -1.758000 0.482000 0.024000
v -1.672000 0.548000 0.024000
v -2.014000 0.402000 0.024000
v -2.014000 0.402000 -0.002000
v -2.072000 0.462000 0.023250
v -2.072750 0.462000 -0.002000
v -2.376000 1.236000 -0.002000
v -2.288000 1.234000 -0.002000
v -2.376750 1.236000 0.024000
v -2.286000 1.234000 0.012000
v -2.288000 1.234000 0.024000
v -2.202000 1.236000 0.024000
v -2.202000 1.236000 -0.002000
v -2.142000 1.234000 0.012000
v -2.086000 1.228000 -0.002000
v -2.086000 1.228000 0.024000
v -2.136000 1.122000 0.012000
v -2.138000 1.114000 -0.002000
v -2.180000 1.012000 0.012000
v -2.186000 0.996000 -0.002000
v -2.224000 0.880000 0.012000
v -2.228000 0.872000 -0.002000
v -2.228000 0.872000 0.023250
v -2.186000 0.996000 0.024000
v -2.138000 1.114000 0.024000
v -2.304000 0.838000 0.024000
v -2.304000 0.838000 -0.002000
v -2.336000 0.934000 0.023250
v -2.336000 0.934000 -0.002000
v -2.358000 1.034000 0.024000
v -2.358000 1.034000 -0.002000
v -2.372000 1.134000 0.023250
v -2.372000 1.134000 -0.002000
v -1.918000 0.958000 0.012000
v -1.920000 0.962000 -0.002000
v -1.972000 1.040000 0.012000
v -1.976000 1.046000 -0.002000
v -2.028000 1.132000 0.012000
v -2.030000 1.136000 -0.002000
v -2.078000 1.228000 -0.002000
v -2.078000 1.228000 0.024000
v -2.030000 1.136000 0.023250
v -1.976000 1.046000 0.024000
v -1.920000 0.962000 0.024000
v -2.014000 1.220000 -0.002750
v -2.006000 1.220000 0.012000
v -2.014000 1.220000 0.024000
v -1.950000 1.210000 0.024000
v -1.936000 1.208000 0.012000
v -1.890000 1.198000 0.024000
v -1.870000 1.192000 0.012000
v -1.832000 1.182000 0.024000
v -1.806000 1.174000 0.012000
v -1.776000 1.164000 0.024000
v -1.758000 1.158000 0.012000
v -1.724000 1.144000 0.024000
v -1.712000 1.140000 0.012000
v -1.672000 1.122000 0.024000
v -1.668000 1.118000 0.012000
v -1.626000 1.096000 0.024000
v -1.626000 1.096000 -0.002000
v -1.672000 1.122000 -0.002000
v -1.724000 1.144000 -0.002000
v -1.776000 1.164000 -0.002000
v -1.832000 1.182000 -0.002000
v -1.890000 1.198000 -0.002000
v -1.950000 1.210000 -0.002000
v -1.678000 1.056000 0.012000
v -1.684000 1.050000 -0.002000
v -1.730000 1.010000 0.012000
v -1.742000 1.000000 -0.002000
v -1.794000 0.950000 0.012000
v -1.800000 0.944000 -0.002000
v -1.800000 0.944000 0.024000
v -1.742000 1.000000 0.024000
v -1.684000 1.050000 0.024000
v -1.380000 0.850000 -0.002000
v -1.354000 0.802000 -0.002000
v -1.380000 0.850000 0.024000
v -1.338000 0.768000 0.012000
v -1.354000 0.802000 0.024000
v -1.330000 0.752000 0.024000
v -1.310000 0.698000 0.024000
v -1.304000 0.678000 0.012000
v -1.292000 0.644000 0.024000
v -1.284000 0.612000 0.012000
v -1.278000 0.586000 0.024000
v -1.268000 0.544000 0.012000
v -1.266000 0.524000 0.024000
v -1.256000 0.472000 0.012000
v -1.254000 0.462000 0.024000
v -1.246000 0.396000 -0.002000
v -1.246000 0.396000 0.024000
v -1.330000 0.752000 -0.002000
v -1.310000 0.698000 -0.002000
v -1.292000 0.644000 -0.002000
v -1.278000 0.586000 -0.002000
v -1.266000 0.524000 -0.002000
v -1.254000 0.462000 -0.002000
v -1.340000 0.446000 -0.002750
v -1.342000 0.446000 0.012000
v -1.340000 0.446000 0.024000
v -1.428000 0.498000 0.024000
v -1.434000 0.502000 0.012000
v -1.512000 0.556000 0.024000
v -1.516000 0.558000 0.012000
v -1.512000 0.556000 -0.002000
v -1.428000 0.498000 -0.002000
v -1.532000 0.674000 -0.002000
v -1.526000 0.680000 0.012000
v -1.532000 0.674000 0.024000
v -1.474000 0.732000 0.024000
v -1.466000 0.744000 0.012000
v -1.424000 0.792000 0.024000
v -1.420000 0.796000 0.012000
v -1.424000 0.792000 -0.002000
v -1.474000 0.732000 -0.002000
v -1.576000 1.128000 -0.002750
v -1.574000 1.130000 0.012000
v -1.576000 1.128000 0.024000
v -1.528000 1.156000 0.024000
v -1.522000 1.160000 0.012000
v -1.480000 1.182000 0.024000
v -1.470000 1.186000 0.012000
v -1.432000 1.200000 0.024000
v -1.420000 1.206000 0.012000
v -1.384000 1.216000 0.024000
v -1.374000 1.218000 0.012000
v -1.336000 1.228000 0.024000
v -1.328000 1.228000 0.012000
v -1.286000 1.234000 0.024000
v -1.284000 1.234000 0.012000
v -1.238000 1.236000 0.024000
v -1.238000 1.236000 -0.002000
v -1.286000 1.234000 -0.002000
v -1.336000 1.228000 -0.002000
v -1.384000 1.216000 -0.002000
v -1.432000 1.200000 -0.002000
v -1.480000 1.182000 -0.002000
v -1.528000 1.156000 -0.002000
v -1.240000 1.196000 0.012000
v -1.240000 1.188000 -0.002000
v -1.246000 1.154000 0.012000
v -1.248000 1.140000 -0.002000
v -1.254000 1.112000 0.012000
v -1.258000 1.092000 -0.002000
v -1.264000 1.070000 0.012000
v -1.274000 1.044000 -0.002000
v -1.284000 1.016000 0.012000
v -1.294000 0.994000 -0.002000
v -1.310000 0.960000 0.012000
v -1.318000 0.946000 -0.002000
v -1.342000 0.906000 0.012000
v -1.346000 0.898000 -0.002000
v -1.346000 0.898000 0.023250
v -1.318000 0.946000 0.024000
v -1.294000 0.994000 0.024000
v -1.274000 1.044000 0.024000
v -1.258000 1.092000 0.024000
v -1.248000 1.140000 0.024000
v -1.240000 1.188000 0.024000
v -1.402000 0.888000 -0.002750
v -1.402000 0.888000 0.024000
v -1.428000 0.922000 0.012000
v -1.428000 0.924000 0.024000
v -1.456000 0.958000 0.024000
v -1.482000 0.986000 0.012000
v -1.486000 0.988000 0.024000
v -1.516000 1.016000 0.012000
v -1.518000 1.018000 0.024000
v -1.550000 1.044000 0.012000
v -1.552000 1.046000 0.024000
v -1.586000 1.072000 0.012000
v -1.588000 1.072000 0.024000
v -1.428000 0.924000 -0.002000
v -1.456000 0.958000 -0.002000
v -1.486000 0.988000 -0.002000
v -1.518000 1.018000 -0.002000
v -1.552000 1.046000 -0.002000
v -1.588000 1.072000 -0.002000
v -1.098000 0.850000 -0.002000
v -1.130000 0.898000 -0.002000
v -1.098000 0.850000 0.024000
v -1.132000 0.902000 0.012000
v -1.130000 0.898000 0.024000
v -1.158000 0.946000 0.024000
v -1.162000 0.952000 0.012000
v -1.184000 0.994000 0.024000
v -1.188000 1.004000 0.012000
v -1.202000 1.044000 0.024000
v -1.208000 1.056000 0.012000
v -1.218000 1.092000 0.024000
v -1.220000 1.100000 0.012000
v -1.230000 1.140000 0.024000
v -1.230000 1.146000 0.012000
v -1.236000 1.188000 0.024000
v -1.236000 1.192000 0.012000
v -1.236000 1.188000 -0.002000
v -1.230000 1.140000 -0.002000
v -1.218000 1.092000 -0.002000
v -1.202000 1.044000 -0.002000
v -1.184000 0.994000 -0.002000
v -1.158000 0.946000 -0.002000
v -1.198000 1.234000 0.012000
v -1.190000 1.234000 -0.002000
v -1.156000 1.230000 0.012000
v -1.142000 1.228000 -0.002000
v -1.114000 1.222000 0.012000
v -1.094000 1.216000 -0.002000
v -1.072000 1.210000 0.012000
v -1.046000 1.200000 -0.002000
v -1.018000 1.190000 0.012000
v -0.996000 1.182000 -0.002000
v -0.962000 1.164000 0.012000
v -0.948000 1.156000 -0.002000
v -0.908000 1.132000 0.012000
v -0.900000 1.128000 -0.002000
v -0.852000 1.096000 -0.002000
v -0.852000 1.096000 0.024000
v -0.900000 1.128000 0.024000
v -0.948000 1.156000 0.024000
v -0.996000 1.182000 0.024000
v -1.046000 1.200000 0.024000
v -1.094000 1.216000 0.024000
v -1.142000 1.228000 0.024000
v -1.190000 1.234000 0.024000
v -0.890000 1.072000 -0.002000
v -0.890000 1.072000 0.024000
v -0.924000 1.048000 0.012000
v -0.926000 1.046000 0.024000
v -0.960000 1.018000 0.024000
v -0.988000 0.992000 0.012000
v -0.990000 0.988000 0.024000
v -1.018000 0.960000 0.012000
v -1.020000 0.958000 0.024000
v -1.046000 0.926000 0.012000
v -1.048000 0.924000 0.024000
v -1.074000 0.888000 0.012000
v -1.074000 0.888000 0.024000
v -0.926000 1.046000 -0.002000
v -0.960000 1.018000 -0.002000
v -0.990000 0.988000 -0.002000
v -1.020750 0.958000 -0.002000
v -1.048000 0.924000 -0.002000
v -1.074000 0.888000 -0.002000
v -1.098000 1.624000 -0.002000
v -1.074000 1.586000 -0.002000
v -1.098000 1.624000 0.024000
v -1.074000 1.586000 0.024000
v -1.050000 1.552000 0.012000
v -1.048000 1.550000 0.024000
v -1.020000 1.516000 0.024000
v -0.994000 1.488000 0.012000
v -0.990000 1.484000 0.024000
v -0.962000 1.456000 0.012000
v -0.960000 1.454000 0.024000
v -0.928000 1.428000 0.012000
v -0.926000 1.426000 0.024000
v -0.890000 1.402000 0.012000
v -0.890000 1.400000 0.024000
v -0.852000 1.378000 -0.002000
v -0.852000 1.378000 0.024000
v -1.048000 1.550000 -0.002000
v -1.020000 1.516000 -0.002000
v -0.990000 1.484000 -0.002000
v -0.960000 1.454000 -0.002000
v -0.926000 1.426000 -0.002000
v -0.890000 1.400000 -0.002000
v -0.900000 1.344000 -0.002000
v -0.904000 1.342000 0.012000
v -0.900000 1.344000 0.024000
v -0.948000 1.316000 0.024000
v -0.954000 1.312000 0.012000
v -0.996000 1.292000 0.024000
v -1.006000 1.288000 0.012000
v -1.046000 1.272000 0.024000
v -1.058000 1.268000 0.012000
v -1.094000 1.256000 0.024000
v -1.102000 1.254000 0.012000
v -1.142000 1.246000 0.024000
v -1.148000 1.244000 0.012000
v -1.190000 1.238000 0.024000
v -1.194000 1.238000 0.012000
v -1.190000 1.238000 -0.002000
v -1.142000 1.246000 -0.002000
v -1.094000 1.256000 -0.002000
v -1.046000 1.272000 -0.002000
v -0.996000 1.292000 -0.002000
v -0.948000 1.316000 -0.002000
v -1.236000 1.278000 0.012000
v -1.236000 1.284000 -0.002000
v -1.232000 1.320000 0.012000
v -1.230000 1.334000 -0.002000
v -1.224000 1.360000 0.012000
v -1.218000 1.382000 -0.002000
v -1.212000 1.402000 0.012000
v -1.202000 1.430000 -0.002000
v -1.192000 1.458000 0.012000
v -1.184000 1.478000 -0.002000
v -1.166000 1.512000 0.012000
v -1.158000 1.526000 -0.002000
v -1.134000 1.568000 0.012000
v -1.130000 1.574000 -0.002000
v -1.130000 1.574000 0.024000
v -1.158000 1.526000 0.024000
v -1.184000 1.478000 0.024000
v -1.202000 1.430000 0.024000
v -1.218000 1.382000 0.024000
v -1.230000 1.334000 0.024000
v -1.236000 1.284000 0.024000
v -1.626000 1.378000 -0.002000
v -1.588000 1.400000 -0.002000
v -1.626000 1.378000 0.024000
v -1.588000 1.400000 0.024000
v -1.554000 1.426000 0.012000
v -1.552000 1.426000 0.024000
v -1.518000 1.454000 0.024000
v -1.490000 1.480000 0.012000
v -1.486000 1.484000 0.024000
v -1.458000 1.514000 0.012000
v -1.456000 1.516000 0.024000
v -1.430000 1.548000 0.012000
v -1.428000 1.550000 0.024000
v -1.404000 1.584000 0.012000
v -1.402000 1.586000 0.024000
v -1.380000 1.624000 -0.002000
v -1.380000 1.624000 0.024000
v -1.552000 1.426000 -0.002000
v -1.518000 1.454000 -0.002000
v -1.486000 1.484000 -0.002000
v -1.456000 1.516000 -0.002000
v -1.428000 1.550000 -0.002000
v -1.402000 1.586000 -0.002000
v -1.346000 1.574000 -0.002000
v -1.344000 1.572000 0.012000
v -1.346000 1.574000 0.024000
v -1.318000 1.526000 0.024000
v -1.314000 1.520000 0.012000
v -1.294000 1.478000 0.024000
v -1.290000 1.468000 0.012000
v -1.274000 1.430000 0.024000
v -1.270000 1.418000 0.012000
v -1.258000 1.382000 0.024000
v -1.256000 1.372000 0.012000
v -1.248000 1.334000 0.024000
v -1.246000 1.326000 0.012000
v -1.240000 1.284000 0.024000
v -1.240000 1.282000 0.012000
v -1.240000 1.284000 -0.002000
v -1.248000 1.334000 -0.002000
v -1.258000 1.382000 -0.002000
v -1.274000 1.430000 -0.002000
v -1.294000 1.478000 -0.002000
v -1.318000 1.526000 -0.002000
v -1.280000 1.238000 0.012000
v -1.286000 1.238000 -0.002000
v -1.322000 1.244000 0.012000
v -1.336000 1.246000 -0.002000
v -1.362000 1.252000 0.012000
v -1.384000 1.256000 -0.002000
v -1.404000 1.262000 0.012000
v -1.432000 1.272000 -0.002000
v -1.460000 1.282000 0.012000
v -1.480000 1.292000 -0.002000
v -1.514000 1.308000 0.012000
v -1.528000 1.316000 -0.002000
v -1.570000 1.340000 0.012000
v -1.576000 1.344000 -0.002000
v -1.576000 1.344000 0.024000
v -1.528000 1.316000 0.024000
v -1.480000 1.292000 0.024000
v -1.432000 1.272000 0.024000
v -1.384000 1.256000 0.024000
v -1.336000 1.246000 0.024000
v -1.286000 1.238000 0.024000
v -1.672000 1.352000 -0.002750
v -1.708000 1.336000 0.012000
v -1.672000 1.352000 0.024000
v -1.724000 1.328000 0.024000
v -1.776000 1.308000 0.024000
v -1.798000 1.302000 0.012000
v -1.832000 1.290000 0.024000
v -1.862000 1.282000 0.012000
v -1.890000 1.276000 0.024000
v -1.932000 1.266000 0.012000
v -1.950000 1.264000 0.024000
v -2.004000 1.254000 0.012000
v -2.014000 1.252000 0.024000
v -2.078000 1.244000 -0.002000
v -2.078000 1.244000 0.024000
v -1.724000 1.328000 -0.002000
v -1.776000 1.308000 -0.002000
v -1.832000 1.290000 -0.002000
v -1.890000 1.276000 -0.002000
v -1.950000 1.264000 -0.002000
v -2.014000 1.252000 -0.002000
v -2.030000 1.338000 -0.002750
v -2.028000 1.340000 0.012000
v -2.030000 1.338000 0.024000
v -1.976000 1.426000 0.024000
v -1.974000 1.432000 0.012000
v -1.920000 1.510000 0.024000
v -1.918000 1.514000 0.012000
v -1.858000 1.592000 0.024000
v -1.858000 1.592000 -0.002000
v -1.920000 1.510000 -0.002000
v -1.976000 1.426000 -0.002000
v -1.800000 1.530000 -0.002750
v -1.796000 1.524000 0.012000
v -1.800000 1.530000 0.024000
v -1.742000 1.472000 0.024000
v -1.732000 1.464000 0.012000
v -1.684000 1.422000 0.024000
v -1.678000 1.418000 0.012000
v -1.684000 1.422000 -0.002000
v -1.742000 1.472000 -0.002000
v -2.372000 1.338000 0.024000
v -2.372000 1.338000 -0.002000
v -2.358000 1.440000 0.023250
v -2.358000 1.440000 -0.002000
v -2.336000 1.538000 0.024000
v -2.336000 1.538000 -0.002000
v -2.304000 1.636000 0.023250
v -2.304000 1.636000 -0.002000
v -2.264000 1.730000 0.024000
v -2.264000 1.730000 -0.002000
v -2.228000 1.602000 -0.002000
v -2.226000 1.594000 0.012000
v -2.228000 1.602000 0.024000
v -2.186000 1.478000 0.024000
v -2.180000 1.464000 0.012000
v -2.138000 1.358000 0.024000
v -2.136000 1.352000 0.012000
v -2.086000 1.244000 0.024000
v -2.086000 1.243250 -0.002000
v -2.138000 1.358000 -0.002000
v -2.186000 1.478000 -0.002000
v -2.142000 1.240000 0.012000
v -2.286000 1.238000 0.012000
v -2.288000 1.238000 -0.002000
v -2.288000 1.238000 0.024000
v -1.950000 2.126000 -0.002000
v -1.850000 2.058000 -0.002000
v -1.950000 2.126000 0.024000
v -1.842000 2.052000 0.012000
v -1.850000 2.058000 0.024000
v -1.758000 1.992000 0.024000
v -1.742000 1.980000 0.012000
v -1.672000 1.924000 0.024000
v -1.664000 1.918000 0.012000
v -1.594000 1.856000 0.024000
v -1.594000 1.856000 -0.002000
v -1.672000 1.924000 -0.002000
v -1.758000 1.992000 -0.002000
v -1.666000 1.796000 0.012000
v -1.666000 1.796000 -0.002000
v -1.732000 1.732000 0.011250
v -1.734000 1.732000 -0.002000
v -1.798000 1.664000 0.012000
v -1.798000 1.664000 -0.002000
v -1.798000 1.664000 0.024000
v -1.734000 1.732000 0.024000
v -1.666000 1.796000 0.024000
v -1.920000 1.662000 0.012000
v -1.926000 1.670000 -0.002000
v -1.980000 1.738000 0.012000
v -1.994000 1.756000 -0.002000
v -2.054000 1.838000 0.012000
v -2.060000 1.848000 -0.002000
v -2.128000 1.948000 -0.002000
v -2.128000 1.948000 0.024000
v -2.060000 1.848000 0.024000
v -1.994000 1.756000 0.024000
v -1.926000 1.670000 0.024000
v -2.072000 2.012000 0.023250
v -2.072000 2.012000 -0.002000
v -2.014000 2.070000 0.024000
v -2.014750 2.070000 -0.002000
v -2.178000 1.878000 0.024000
v -2.178000 1.878000 -0.002000
v -2.224000 1.806000 0.023250
v -2.224000 1.806000 -0.002000
v -2.300000 1.872000 0.012000
v -2.302000 1.882000 -0.002000
v -2.328000 2.020000 0.012000
v -2.332000 2.040000 -0.002000
v -2.356000 2.194000 0.012000
v -2.358000 2.206000 -0.002000
v -2.376000 2.374000 -0.002000
v -2.376000 2.374000 0.024000
v -2.358000 2.206000 0.024000
v -2.332000 2.040000 0.024000
v -2.302000 1.882000 0.024000
v -2.314000 2.260000 -0.002750
v -2.310000 2.252000 0.012000
v -2.314000 2.260000 0.024000
v -2.252000 2.150000 0.024000
v -2.244000 2.136000 0.012000
v -2.190000 2.046000 0.024000
v -2.186000 2.040000 0.012000
v -2.190000 2.046000 -0.002000
v -2.252000 2.150000 -0.002000
v -2.208000 2.356000 -0.002000
v -2.198000 2.354000 0.012000
v -2.208000 2.356000 0.024000
v -2.042000 2.330000 0.024000
v -2.024000 2.328000 0.012000
v -1.884000 2.300000 0.024000
v -1.876000 2.298000 0.012000
v -1.884000 2.300000 -0.002000
v -2.042000 2.330000 -0.002000
v -1.808000 2.222000 0.024000
v -1.808000 2.222000 -0.002000
v -1.880000 2.176000 0.023250
v -1.880000 2.176000 -0.002000
v -2.040000 2.184000 0.012000
v -2.048000 2.188000 -0.002000
v -2.138000 2.242000 0.012000
v -2.152000 2.250000 -0.002000
v -2.254000 2.308000 0.012000
v -2.262000 2.312000 -0.002000
v -2.262000 2.312000 0.023250
v -2.152000 2.250000 0.024000
v -2.048000 2.188000 0.024000
v -1.516000 1.916000 0.012000
v -1.512000 1.918000 -0.002000
v -1.436000 1.970000 0.012000
v -1.428000 1.974000 -0.002000
v -1.344000 2.026000 0.012000
v -1.340000 2.028000 -0.002000
v -1.246000 2.076000 -0.002000
v -1.246000 2.076000 0.024000
v -1.340000 2.028000 0.023250
v -1.428000 1.974000 0.024000
v -1.512000 1.918000 0.024000
v -1.254000 2.012000 -0.002750
v -1.256000 2.004000 0.012000
v -1.254000 2.012000 0.024000
v -1.266000 1.948000 0.024000
v -1.268000 1.934000 0.012000
v -1.278000 1.888000 0.024000
v -1.282000 1.868000 0.012000
v -1.292000 1.830000 0.024000
v -1.300000 1.804000 0.012000
v -1.310000 1.774000 0.024000
v -1.318000 1.756000 0.012000
v -1.330000 1.722000 0.024000
v -1.336000 1.710000 0.012000
v -1.354000 1.670000 0.024000
v -1.356000 1.666000 0.012000
v -1.354750 1.670000 -0.002000
v -1.330000 1.722000 -0.002000
v -1.310000 1.774000 -0.002000
v -1.292000 1.830000 -0.002000
v -1.278000 1.888000 -0.002000
v -1.266000 1.948000 -0.002000
v -1.420000 1.676000 0.012000
v -1.424000 1.682000 -0.002000
v -1.464000 1.728000 0.012000
v -1.474000 1.740000 -0.002000
v -1.526000 1.792000 0.012000
v -1.532000 1.798000 -0.002000
v -1.532000 1.798000 0.024000
v -1.474000 1.740000 0.024000
v -1.424000 1.682000 0.024000
v -0.884000 1.856000 0.024000
v -0.884000 1.856000 -0.002000
v -0.814000 1.918000 0.012000
v -0.804000 1.924000 -0.002000
v -0.736000 1.978000 0.012000
v -0.720000 1.992000 -0.002000
v -0.636000 2.052000 0.012000
v -0.626000 2.058000 -0.002000
v -0.528000 2.126000 -0.002000
v -0.528000 2.126000 0.024000
v -0.626000 2.058000 0.024000
v -0.720000 1.992000 0.024000
v -0.804000 1.924000 0.024000
v -0.464000 2.070000 0.023250
v -0.464000 2.070000 -0.002000
v -0.404000 2.012000 0.024000
v -0.404000 2.012000 -0.002000
v -0.350000 1.948000 0.023250
v -0.350000 1.948000 -0.002000
v -0.416000 1.848000 -0.002000
v -0.422000 1.840000 0.012000
v -0.416000 1.848000 0.024000
v -0.484000 1.756000 0.024000
v -0.496000 1.740000 0.012000
v -0.550000 1.670000 0.024000
v -0.558000 1.662000 0.012000
v -0.618000 1.592000 0.024000
v -0.618000 1.592000 -0.002000
v -0.550000 1.670000 -0.002000
v -0.484000 1.756000 -0.002000
v -0.678000 1.664000 0.012000
v -0.680000 1.664000 -0.002000
v -0.742000 1.730000 0.012000
v -0.744000 1.732000 -0.002000
v -0.812000 1.796000 0.012000
v -0.812000 1.796000 -0.002000
v -0.812000 1.796000 0.024000
v -0.744000 1.732000 0.024000
v -0.680000 1.664000 0.024000
v -1.230000 2.076000 -0.002000
v -1.138000 2.028000 -0.002000
v -1.230750 2.076000 0.024000
v -1.134000 2.026000 0.012000
v -1.138000 2.028000 0.024000
v -1.048000 1.974000 0.024000
v -1.044000 1.972000 0.012000
v -0.964000 1.918000 0.024000
v -0.962000 1.916000 0.012000
v -0.964000 1.918000 -0.002000
v -1.048000 1.974000 -0.002000
v -0.946000 1.798000 -0.002000
v -0.950000 1.794000 0.012000
v -0.946000 1.798000 0.024000
v -1.002000 1.740000 0.024000
v -1.012000 1.730000 0.012000
v -1.052000 1.682000 0.024000
v -1.058000 1.676000 0.012000
v -1.052000 1.682000 -0.002000
v -1.002000 1.740000 -0.002000
v -1.124000 1.670000 -0.002750
v -1.140000 1.706000 0.012000
v -1.124000 1.670000 0.024000
v -1.146000 1.722000 0.024000
v -1.166000 1.774000 0.024000
v -1.174000 1.796000 0.012000
v -1.184000 1.830000 0.024000
v -1.192000 1.860000 0.012000
v -1.200000 1.888000 0.024000
v -1.208000 1.930000 0.012000
v -1.212000 1.948000 0.024000
v -1.220000 2.002000 0.012000
v -1.222000 2.012000 0.024000
v -1.146000 1.722000 -0.002000
v -1.166000 1.774000 -0.002000
v -1.184000 1.830000 -0.002000
v -1.200000 1.888000 -0.002000
v -1.212000 1.948000 -0.002000
v -1.222000 2.012000 -0.002000
v -0.560000 1.514000 0.012000
v -0.558000 1.510000 -0.002000
v -0.504000 1.434000 0.012000
v -0.500000 1.426000 -0.002000
v -0.450000 1.342000 0.012000
v -0.448000 1.338000 -0.002000
v -0.398000 1.244000 -0.002000
v -0.398000 1.244000 0.024000
v -0.448000 1.338000 0.023250
v -0.500000 1.426000 0.024000
v -0.558000 1.510000 0.024000
v -0.464000 1.252000 -0.002750
v -0.470000 1.254000 0.012000
v -0.464000 1.252000 0.024000
v -0.526000 1.264000 0.024000
v -0.540000 1.266000 0.012000
v -0.588000 1.276000 0.024000
v -0.608000 1.280000 0.012000
v -0.646000 1.290000 0.024000
v -0.670000 1.298000 0.012000
v -0.700000 1.308000 0.024000
v -0.720000 1.316000 0.012000
v -0.754000 1.328000 0.024000
v -0.766000 1.334000 0.012000
v -0.804000 1.352000 0.024000
v -0.810000 1.354000 0.012000
v -0.804000 1.352000 -0.002000
v -0.754000 1.328000 -0.002000
v -0.700000 1.308000 -0.002000
v -0.646000 1.290000 -0.002000
v -0.588000 1.276000 -0.002000
v -0.526000 1.264000 -0.002000
v -0.800000 1.418000 0.012000
v -0.794000 1.422000 -0.002000
v -0.746000 1.462000 0.012000
v -0.734000 1.472000 -0.002000
v -0.682000 1.524000 0.012000
v -0.676000 1.530000 -0.002000
v -0.676000 1.530000 0.024000
v -0.734000 1.472000 0.024000
v -0.794000 1.422000 0.024000
v -0.100000 2.374000 -0.002000
v -0.120000 2.206000 -0.002000
v -0.100750 2.374000 0.024000
v -0.120000 2.196000 0.012000
v -0.120000 2.206000 0.024000
v -0.144000 2.040000 0.024000
v -0.148000 2.022000 0.012000
v -0.176000 1.882000 0.024000
v -0.178000 1.874000 0.012000
v -0.176000 1.882000 -0.002000
v -0.144000 2.040000 -0.002000
v -0.252000 1.806000 0.024000
v -0.252000 1.806000 -0.002000
v -0.298000 1.878000 0.023250
v -0.298750 1.878000 -0.002000
v -0.292000 2.038000 0.012000
v -0.288000 2.046000 -0.002000
v -0.234000 2.136000 0.012000
v -0.224000 2.150000 -0.002000
v -0.166000 2.252000 0.012000
v -0.162000 2.260000 -0.002000
v -0.162000 2.260000 0.024000
v -0.224000 2.150000 0.024000
v -0.288000 2.046000 0.024000
v -0.216000 2.312000 -0.002000
v -0.222000 2.308000 0.012000
v -0.216000 2.312000 0.024000
v -0.326000 2.250000 0.024000
v -0.338000 2.242000 0.012000
v -0.430000 2.188000 0.024000
v -0.436000 2.184000 0.012000
v -0.430000 2.188000 -0.002000
v -0.326000 2.250000 -0.002000
v -0.596000 2.176000 0.024000
v -0.596000 2.176000 -0.002000
v -0.670000 2.222000 0.023250
v -0.670000 2.222000 -0.002000
v -0.602000 2.298000 0.012000
v -0.592000 2.300000 -0.002000
v -0.454000 2.326000 0.012000
v -0.434000 2.330000 -0.002000
v -0.280000 2.354000 0.012000
v -0.270000 2.356000 -0.002000
v -0.270000 2.356000 0.024000
v -0.434000 2.330000 0.024000
v -0.592000 2.300000 0.024000
v -0.676000 0.944000 -0.002000
v -0.682000 0.948000 0.012000
v -0.676000 0.944000 0.024000
v -0.734000 1.000000 0.024000
v -0.746000 1.010000 0.012000
v -0.794000 1.050000 0.024000
v -0.798000 1.056000 0.012000
v -0.794000 1.050000 -0.002000
v -0.734000 1.000000 -0.002000
v -0.804000 1.122000 -0.002750
v -0.770000 1.138000 0.012000
v -0.804000 1.122000 0.024000
v -0.754000 1.144000 0.024000
v -0.700000 1.164000 0.024000
v -0.680000 1.172000 0.012000
v -0.646000 1.182000 0.024000
v -0.614000 1.190000 0.012000
v -0.588000 1.198000 0.024000
v -0.546000 1.206000 0.012000
v -0.526000 1.210000 0.024000
v -0.474000 1.218000 0.012000
v -0.464000 1.220000 0.024000
v -0.398750 1.228000 -0.002000
v -0.398000 1.228000 0.024000
v -0.754000 1.144000 -0.002000
v -0.700000 1.164000 -0.002000
v -0.646000 1.182000 -0.002000
v -0.588000 1.198000 -0.002000
v -0.526000 1.210000 -0.002000
v -0.464000 1.220000 -0.002000
v -0.448000 1.136000 -0.002000
v -0.448000 1.132000 0.012000
v -0.448000 1.136000 0.024000
v -0.500000 1.046000 0.024000
v -0.504000 1.042000 0.012000
v -0.558000 0.962000 0.024000
v -0.560000 0.960000 0.012000
v -0.558000 0.962000 -0.002000
v -0.500000 1.046000 -0.002000
v -0.960000 0.558000 0.012000
v -0.964000 0.556000 -0.002000
v -1.042000 0.502000 0.012000
v -1.048000 0.498000 -0.002000
v -1.134000 0.448000 0.012000
v -1.138000 0.446000 -0.002000
v -1.230000 0.396000 -0.002000
v -1.230000 0.396000 0.024000
v -1.138000 0.446000 0.023250
v -1.048000 0.498000 0.024000
v -0.964000 0.556000 0.024000
v -1.222000 0.462000 -0.002750
v -1.222000 0.468000 0.012000
v -1.222000 0.462000 0.024000
v -1.212000 0.524000 0.024000
v -1.210000 0.538000 0.012000
v -1.200000 0.586000 0.024000
v -1.194000 0.606000 0.012000
v -1.184000 0.644000 0.024000
v -1.176000 0.668000 0.012000
v -1.166000 0.698000 0.024000
v -1.160000 0.718000 0.012000
v -1.146000 0.752000 0.024000
v -1.142000 0.764000 0.012000
v -1.124000 0.802000 0.024000
v -1.120000 0.808000 0.012000
v -1.124000 0.802000 -0.002000
v -1.146000 0.752000 -0.002000
v -1.166000 0.698000 -0.002000
v -1.184000 0.644000 -0.002000
v -1.200000 0.586000 -0.002000
v -1.212000 0.524000 -0.002000
v -1.058000 0.798000 0.012000
v -1.052000 0.792000 -0.002000
v -1.012000 0.744000 0.012000
v -1.002000 0.732000 -0.002000
v -0.952000 0.680000 0.012000
v -0.946000 0.674000 -0.002000
v -0.946000 0.674000 0.024000
v -1.002000 0.732000 0.024000
v -1.052000 0.792000 0.024000
v -1.238000 0.098000 0.024000
v -1.238000 0.098000 -0.002000
v -1.340000 0.102000 0.024000
v -1.340000 0.102000 -0.002000
v -1.442000 0.116000 0.023250
v -1.442000 0.116000 -0.002000
v -1.540000 0.138000 0.024000
v -1.540000 0.138000 -0.002000
v -1.638000 0.170000 0.023250
v -1.638750 0.170000 -0.002000
v -1.604000 0.248000 -0.002750
v -1.596000 0.250000 0.012000
v -1.604000 0.248000 0.024000
v -1.480000 0.290000 0.024000
v -1.466000 0.294000 0.012000
v -1.360000 0.336000 0.024000
v -1.354000 0.340000 0.012000
v -1.246000 0.388000 0.024000
v -1.246750 0.388000 -0.002000
v -1.360000 0.336000 -0.002000
v -1.480000 0.290000 -0.002000
v -1.242000 0.332000 0.012000
v -1.238000 0.272000 -0.002000
v -1.238000 0.272000 0.024000
v -1.240000 0.190000 0.012000
v -1.240000 0.186000 -0.002000
v -1.240000 0.186000 0.023250
v -0.746000 0.210000 0.024000
v -0.746000 0.210000 -0.002000
v -0.840000 0.170000 0.023250
v -0.840000 0.170000 -0.002000
v -0.936000 0.138000 0.024000
v -0.936000 0.138000 -0.002000
v -1.036000 0.116000 0.023250
v -1.036000 0.116000 -0.002000
v -1.136000 0.102000 0.024000
v -1.136750 0.102000 -0.002000
v -1.236000 0.186000 -0.002750
v -1.236000 0.190000 0.012000
v -1.236000 0.186000 0.024000
v -1.236000 0.332000 0.012000
v -1.230000 0.388000 -0.002000
v -1.230000 0.388000 0.024000
v -1.124000 0.340000 0.012000
v -1.116000 0.336000 -0.002000
v -1.014000 0.296000 0.012000
v -0.998000 0.290000 -0.002000
v -0.882000 0.250000 0.012000
v -0.874000 0.248000 -0.002000
v -0.874000 0.248000 0.024000
v -0.998000 0.290000 0.024000
v -1.116000 0.336000 0.024000
v -0.670000 0.250000 0.024000
v -0.670000 0.250000 -0.002000
v -0.596000 0.296000 0.023250
v -0.596750 0.296000 -0.002000
v -0.436000 0.290000 0.012000
v -0.430000 0.286000 -0.002000
v -0.340000 0.232000 0.012000
v -0.326000 0.222000 -0.002000
v -0.224000 0.164000 0.012000
v -0.216000 0.160000 -0.002000
v -0.100000 0.098000 -0.002000
v -0.100000 0.098000 0.024000
v -0.216000 0.160000 0.023250
v -0.326000 0.222000 0.024000
v -0.430000 0.286000 0.024000
v -0.270000 0.118000 -0.002000
v -0.280000 0.118000 0.012000
v -0.270000 0.118000 0.024000
v -0.434000 0.142000 0.024000
v -0.452000 0.146000 0.012000
v -0.592000 0.174000 0.024000
v -0.602000 0.176000 0.012000
v -0.592000 0.174000 -0.002000
v -0.434000 0.142000 -0.002000
v -0.298000 0.594000 0.024000
v -0.298000 0.594000 -0.002000
v -0.252000 0.668000 0.023250
v -0.252000 0.668000 -0.002000
v -0.178000 0.600000 0.012000
v -0.176000 0.590000 -0.002000
v -0.148000 0.452000 0.012000
v -0.144000 0.432000 -0.002000
v -0.120000 0.278000 0.012000
v -0.120000 0.268000 -0.002000
v -0.120000 0.268000 0.024000
v -0.144000 0.432000 0.024000
v -0.176000 0.590000 0.024000
v -0.162000 0.214000 -0.002750
v -0.166000 0.220000 0.012000
v -0.162000 0.214000 0.024000
v -0.224000 0.324000 0.024000
v -0.232000 0.336000 0.012000
v -0.288000 0.428000 0.024000
v -0.292000 0.434000 0.012000
v -0.288000 0.428000 -0.002000
v -0.224000 0.324000 -0.002000
v 0.000000 0.000000 0.200000
v -1.570000 0.000000 0.240000
v -2.476000 0.000000 0.200000
v -0.212000 0.260000 0.498000
v -0.148000 0.236000 0.498000
v -0.134000 0.318000 0.498000
v -1.698000 2.460000 0.498000
v -1.658000 2.468000 0.498000
v -1.788000 2.470000 0.498000
v -0.018000 0.348000 0.498000
v -0.002000 0.404000 0.498000
v -0.028000 0.430000 0.498000
v -2.204000 1.478000 0.498000
v -2.212000 1.416000 0.498000
v -2.144000 1.446000 0.498000
v -1.870000 0.100000 0.498000
v -1.822000 0.068000 0.498000
v -1.812000 0.142000 0.498000
v -0.332000 0.626000 0.498000
v -0.320000 0.558000 0.498000
v -0.268000 0.610000 0.498000
v -0.430000 2.370000 0.498000
v -0.360000 2.382000 0.498000
v -0.404000 2.446000 0.498000
v 0.000000 2.474000 0.200000
v -0.076000 0.708000 0.498000
v -0.138000 0.652000 0.498000
v -0.064000 0.624000 0.498000
v -0.158000 1.274000 0.498000
v -0.236000 1.254000 0.498000
v -0.192000 1.214000 0.498000
v -2.476000 2.474000 0.198000
v -0.250000 1.722000 0.498000
v -0.198000 1.720000 0.498000
v -0.230000 1.790000 0.498000
v -0.286000 1.982000 0.498000
v -0.218000 2.038000 0.498000
v -0.310000 2.054000 0.498000
v -2.066000 1.950000 0.498000
v -2.118000 1.920000 0.498000
v -2.044000 1.884000 0.498000
v -2.072000 2.028000 0.498000
v -2.022000 1.992000 0.498000
v -0.332000 0.914000 0.498000
v -0.346000 0.972000 0.498000
v -0.406000 0.916000 0.498000
v -0.310000 1.446000 0.498000
v -0.250000 1.484000 0.498000
v -0.298000 1.530000 0.498000
v -1.150000 1.796000 0.498000
v -1.138000 1.850000 0.498000
v -1.204000 1.806000 0.498000
v -0.468000 1.192000 0.498000
v -0.390000 1.194000 0.498000
v -0.420000 1.262000 0.498000
v -2.390000 1.240000 0.498000
v -2.366000 1.302000 0.498000
v -2.474000 1.294000 0.498000
v -2.164000 1.148000 0.498000
v -2.226000 1.154000 0.498000
v -2.198000 1.084000 0.498000
v -0.230000 2.348000 0.498000
v -0.170000 2.288000 0.498000
v -0.186000 2.394000 0.498000
v -2.476000 0.870000 0.204000
v -2.476000 1.554000 0.208000
v -2.476000 2.014000 0.204000
v 0.000000 1.856000 0.498000
v -0.022000 1.918000 0.498000
v -0.064000 1.858000 0.498000
v -2.382000 0.892000 0.498000
v -2.414000 0.946000 0.498000
v -2.456000 0.886000 0.498000
v -2.062000 0.022000 0.498000
v -1.960000 0.000000 0.498000
v -2.002000 0.078000 0.498000
v -0.012000 1.366000 0.498000
v -0.064000 1.346000 0.498000
v -0.002000 1.292000 0.498000
v -0.270000 0.674000 0.498000
v -1.054000 0.200000 0.498000
v -1.138000 0.222000 0.498000
v -1.106000 0.144000 0.498000
v -2.328000 1.016000 0.498000
v -2.370000 1.058000 0.498000
v -2.402000 1.004000 0.498000
v -0.176000 1.008000 0.498000
v -0.154000 0.924000 0.498000
v -0.096000 0.958000 0.498000
v -0.446000 0.000000 0.232000
v -0.892000 0.000000 0.266000
v -0.102000 1.900000 0.498000
v -2.280000 1.304000 0.498000
v -2.318000 1.232000 0.498000
v -2.318000 1.768000 0.498000
v -2.252000 1.740000 0.498000
v -2.246000 1.810000 0.498000
v -1.632000 1.994000 0.498000
v -1.608000 2.064000 0.498000
v -1.686000 2.028000 0.498000
v -1.694000 0.164000 0.498000
v -1.756000 0.184000 0.498000
v -1.748000 0.130000 0.498000
v -0.288000 1.818000 0.498000
v -0.246000 1.848000 0.498000
v -0.324000 1.866000 0.498000
v -2.376000 2.470000 0.498000
v -2.270000 2.472000 0.498000
v -2.476000 2.474000 0.498000
v -0.146000 1.106000 0.498000
v -0.090000 1.164000 0.498000
v -0.140000 1.198000 0.498000
v -2.212000 1.626000 0.498000
v -2.266000 1.666000 0.498000
v -2.304000 1.598000 0.498000
v -0.012000 1.434000 0.498000
v -0.056000 1.414000 0.498000
v -2.394000 1.762000 0.498000
v -2.330000 1.708000 0.498000
v -0.390000 1.110000 0.498000
v -0.326000 1.138000 0.498000
v -0.508000 2.408000 0.498000
v -0.516000 2.346000 0.498000
v -0.148000 2.004000 0.498000
v -0.138000 2.072000 0.498000
v -0.062000 2.382000 0.498000
v -0.118000 2.426000 0.498000
v -0.118000 2.358000 0.498000
v -0.444000 1.768000 0.498000
v -0.494000 1.842000 0.498000
v -0.514000 1.790000 0.498000
v -0.772000 0.804000 0.498000
v -0.780000 0.726000 0.498000
v -0.726000 0.722000 0.498000
v -2.152000 1.514000 0.498000
v -0.340000 1.258000 0.498000
v -2.406000 0.400000 0.498000
v -2.350000 0.364000 0.498000
v -2.318000 0.442000 0.498000
v 0.000000 1.592000 0.212000
v 0.000000 0.886000 0.216000
v 0.000000 0.442000 0.208000
v -2.066000 0.098000 0.498000
v -0.864000 2.474000 0.270000
v -1.238000 0.148000 0.498000
v -1.258000 0.066000 0.498000
v -1.206000 0.092000 0.498000
v -1.546000 0.124000 0.498000
v -1.592000 0.092000 0.498000
v -1.522000 0.068000 0.498000
v -0.510000 0.072000 0.498000
v -0.454000 0.058000 0.498000
v -0.472000 0.122000 0.498000
v -2.476000 1.856000 0.498000
v -2.472000 2.228000 0.498000
v -1.502000 0.848000 0.498000
v -1.536000 0.780000 0.498000
v -1.482000 0.762000 0.498000
v -2.084000 1.392000 0.498000
v -2.000000 1.384000 0.498000
v -2.008000 1.456000 0.498000
v -2.476000 1.172000 0.498000
v -2.476000 0.894000 0.498000
v -2.462000 1.108000 0.498000
v -2.462000 0.356000 0.498000
v -2.454000 0.430000 0.498000
v -2.476000 0.412000 0.498000
v -2.476000 1.456000 0.498000
v -2.472000 1.648000 0.498000
v -2.476000 1.764000 0.498000
v -0.248000 2.090000 0.498000
v -0.526000 1.324000 0.498000
v -0.502000 1.258000 0.498000
v -0.472000 1.304000 0.498000
v -0.298000 0.252000 0.498000
v -0.266000 0.318000 0.498000
v -0.332000 0.324000 0.498000
v -0.858000 0.226000 0.498000
v -0.932000 0.200000 0.498000
v -0.854000 0.148000 0.498000
v -1.722000 2.394000 0.498000
v -1.788000 2.400000 0.498000
v -1.768000 2.338000 0.498000
v -0.102000 1.620000 0.498000
v -0.030000 1.638000 0.498000
v -0.080000 1.686000 0.498000
v -0.248000 1.406000 0.498000
v -0.304000 1.372000 0.498000
v -2.102000 0.344000 0.498000
v -2.158000 0.332000 0.498000
v -2.098000 0.284000 0.498000
v -0.142000 0.388000 0.498000
v -0.080000 0.366000 0.498000
v -0.536000 2.472000 0.498000
v -0.402000 2.472000 0.498000
v -0.620000 2.474000 0.498000
v -0.848000 0.422000 0.498000
v -0.900000 0.348000 0.498000
v -0.828000 0.340000 0.498000
v -0.378000 0.546000 0.498000
v -0.250000 2.288000 0.498000
v -0.328000 2.256000 0.498000
v -0.240000 2.232000 0.498000
v -1.452000 2.314000 0.498000
v -1.416000 2.258000 0.498000
v -1.410000 2.360000 0.498000
v -2.416000 1.818000 0.498000
v -2.336000 1.830000 0.498000
v -2.406000 1.880000 0.498000
v -1.760000 0.010000 0.498000
v -1.708000 0.054000 0.498000
v -1.756000 0.076000 0.498000
v -1.716000 1.702000 0.498000
v -1.790000 1.674000 0.498000
v -1.720000 1.630000 0.498000
v -1.162000 1.734000 0.498000
v -0.358000 1.782000 0.498000
v -1.564000 0.236000 0.498000
v -1.650000 0.238000 0.498000
v -1.600000 0.158000 0.498000
v -2.082000 2.284000 0.498000
v -2.130000 2.220000 0.498000
v -2.048000 2.224000 0.498000
v -2.026000 2.356000 0.498000
v -2.084000 2.372000 0.498000
v -2.176000 2.168000 0.498000
v -2.242000 2.150000 0.498000
v -2.184000 2.108000 0.498000
v -2.074000 0.796000 0.498000
v -2.126000 0.854000 0.498000
v -2.122000 0.754000 0.498000
v -0.188000 2.094000 0.498000
v -1.454000 1.872000 0.498000
v -1.374000 1.852000 0.498000
v -1.404000 1.936000 0.498000
v -1.018000 0.574000 0.498000
v -1.072000 0.612000 0.498000
v -1.068000 0.556000 0.498000
v -0.980000 0.792000 0.498000
v -1.030000 0.728000 0.498000
v -0.948000 0.748000 0.498000
v -1.404000 0.230000 0.498000
v -1.484000 0.236000 0.498000
v -1.450000 0.174000 0.498000
v -1.784000 0.312000 0.498000
v -1.868000 0.300000 0.498000
v -1.808000 0.226000 0.498000
v -2.306000 1.068000 0.498000
v -2.230000 0.944000 0.498000
v -2.292000 0.960000 0.498000
v -2.280000 0.888000 0.498000
v -0.780000 0.134000 0.498000
v -0.806000 0.192000 0.498000
v -0.202000 0.868000 0.498000
v -0.258000 0.838000 0.498000
v -0.194000 0.788000 0.498000
v -0.544000 1.206000 0.498000
v -0.632000 1.214000 0.498000
v -0.590000 1.142000 0.498000
v -2.002000 2.288000 0.498000
v -1.584000 2.372000 0.498000
v -1.658000 2.410000 0.498000
v -1.654000 2.346000 0.498000
v -2.182000 1.012000 0.498000
v -2.124000 1.078000 0.498000
v -1.620000 1.556000 0.498000
v -1.664000 1.592000 0.498000
v -1.674000 1.522000 0.498000
v -2.344000 0.760000 0.498000
v -2.360000 0.684000 0.498000
v -2.288000 0.708000 0.498000
v -0.122000 1.544000 0.498000
v -0.134000 1.468000 0.498000
v -0.076000 1.500000 0.498000
v -1.796000 2.178000 0.498000
v -1.724000 2.236000 0.498000
v -1.784000 2.266000 0.498000
v -0.536000 2.220000 0.498000
v -0.472000 2.236000 0.498000
v -0.542000 2.282000 0.498000
v -1.244000 0.804000 0.498000
v -1.306000 0.744000 0.498000
v -1.218000 0.726000 0.498000
v -0.096000 1.748000 0.498000
v -0.016000 1.780000 0.498000
v -0.086000 1.802000 0.498000
v -0.870000 2.386000 0.498000
v -0.936000 2.402000 0.498000
v -0.900000 2.324000 0.498000
v -1.172000 0.300000 0.498000
v -1.088000 0.268000 0.498000
v -0.208000 1.952000 0.498000
v -2.244000 0.656000 0.498000
v -2.190000 0.644000 0.498000
v -2.210000 0.724000 0.498000
v -1.306000 2.406000 0.498000
v -1.214000 2.422000 0.498000
v -1.292000 2.470000 0.498000
v -0.682000 1.150000 0.498000
v -2.300000 0.620000 0.498000
v -2.210000 0.590000 0.498000
v -2.360000 0.964000 0.498000
v -2.192000 2.036000 0.498000
v -2.266000 1.992000 0.498000
v -2.188000 1.954000 0.498000
v -1.624000 2.466000 0.498000
v -1.600000 2.464000 0.498000
v -2.212000 2.218000 0.498000
v -0.954000 2.066000 0.498000
v -0.906000 2.014000 0.498000
v -0.894000 2.078000 0.498000
v -0.260000 1.168000 0.498000
v -0.314000 1.212000 0.498000
v -1.096000 1.970000 0.498000
v -1.026000 1.948000 0.498000
v -1.070000 2.018000 0.498000
v -1.384000 0.374000 0.498000
v -1.318000 0.346000 0.498000
v -1.346000 0.430000 0.498000
v -1.604000 0.764000 0.498000
v -1.656000 0.730000 0.498000
v -1.620000 0.682000 0.498000
v -1.118000 2.198000 0.498000
v -1.086000 2.258000 0.498000
v -1.148000 2.270000 0.498000
v -1.004000 0.646000 0.498000
v -0.736000 2.380000 0.498000
v -0.778000 2.328000 0.498000
v -0.718000 2.318000 0.498000
v -1.846000 0.540000 0.498000
v -1.862000 0.468000 0.498000
v -1.800000 0.494000 0.498000
v -1.516000 0.176000 0.498000
v -1.490000 0.126000 0.498000
v -2.116000 2.082000 0.498000
v -2.052000 2.094000 0.498000
v -2.068000 1.226000 0.498000
v -2.028000 1.188000 0.498000
v -2.016000 1.244000 0.498000
v -1.110000 0.442000 0.498000
v -1.108000 0.346000 0.498000
v -1.050000 0.374000 0.498000
v -0.064750 1.292000 0.498000
v -0.132000 1.332000 0.498000
v -1.178000 1.904000 0.498000
v -1.218000 1.860000 0.498000
v -1.036000 0.816000 0.498000
v -1.120000 1.914000 0.498000
v -1.070000 1.840000 0.498000
v -1.810000 0.610000 0.498000
v -1.900000 0.608000 0.498000
v -2.330000 0.914000 0.498000
v -2.340000 0.836000 0.498000
v -2.006000 0.514000 0.498000
v -2.086000 0.484000 0.498000
v -2.028000 0.446000 0.498000
v -1.716000 1.140000 0.498000
v -1.646000 1.138000 0.498000
v -1.704000 1.198000 0.498000
v -1.558000 1.144000 0.498000
v -1.540000 1.060000 0.498000
v -1.470000 1.128000 0.498000
v -0.762000 1.334000 0.498000
v -0.834000 1.336000 0.498000
v -0.776000 1.280000 0.498000
v -0.920000 1.330000 0.498000
v -0.936000 1.412000 0.498000
v -1.006000 1.344000 0.498000
v -1.350000 2.008000 0.498000
v -1.382000 2.086000 0.498000
v -1.438000 2.016000 0.498000
v -1.390000 1.258000 0.498000
v -1.388000 1.326000 0.498000
v -1.468000 1.274000 0.498000
v -1.392000 1.188000 0.498000
v -1.314000 1.246000 0.498000
v -1.546000 1.298000 0.498000
v -1.624000 1.276000 0.498000
v -1.548000 1.226000 0.498000
v -1.846000 1.244000 0.498000
v -1.774000 1.254000 0.498000
v -1.836000 1.304000 0.498000
v -1.548000 1.440000 0.498000
v -1.548000 1.368000 0.498000
v -1.468000 1.414000 0.498000
v -1.086000 1.214000 0.498000
v -1.088000 1.146000 0.498000
v -1.008000 1.198000 0.498000
v -1.084000 1.284000 0.498000
v -1.162000 1.226000 0.498000
v -0.934000 1.022000 0.498000
v -0.932000 1.100000 0.498000
v -1.012000 1.054000 0.498000
v -0.766000 1.070000 0.498000
v -0.850000 1.048000 0.498000
v -0.776000 0.982000 0.498000
v -0.930000 1.174000 0.498000
v -0.856000 1.200000 0.498000
v -0.930000 1.248000 0.498000
v -0.716000 1.222000 0.498000
v -0.770000 1.152000 0.498000
v -1.382000 0.998000 0.498000
v -1.400000 0.934000 0.498000
v -1.324000 0.978000 0.498000
v -1.388000 1.054000 0.498000
v -1.446000 0.988000 0.498000
v -1.096000 1.474000 0.498000
v -1.074000 1.538000 0.498000
v -1.152000 1.494000 0.498000
v -1.088000 1.418000 0.498000
v -1.030000 1.484000 0.498000
v -1.254000 0.884000 0.498000
v -1.336000 0.826000 0.498000
v -1.642000 2.230000 0.498000
v -1.666000 2.172000 0.498000
v -1.594000 2.162000 0.498000
v -1.108000 1.658000 0.498000
v -1.168000 1.658000 0.498000
v -1.138000 1.574000 0.498000
v -1.246000 1.100000 0.498000
v -1.250000 1.032000 0.498000
v -1.170000 1.088000 0.498000
v -1.242000 1.168000 0.498000
v -1.318000 1.112000 0.498000
v -1.232000 1.372000 0.498000
v -1.228000 1.440000 0.498000
v -1.308000 1.384000 0.498000
v -1.234000 1.304000 0.498000
v -1.158000 1.362000 0.498000
v -1.098000 0.926000 0.498000
v -1.094000 1.002000 0.498000
v -1.176000 0.944000 0.498000
v -0.538000 0.396000 0.498000
v -0.494000 0.340000 0.498000
v -0.454000 0.390000 0.498000
v -1.388000 1.544000 0.498000
v -1.386000 1.468000 0.498000
v -1.304000 1.528000 0.498000
v -1.402000 1.702000 0.498000
v -1.482000 1.654000 0.498000
v -1.394000 1.622000 0.498000
v -1.850000 0.948000 0.498000
v -1.782000 0.970000 0.498000
v -1.850000 1.012000 0.498000
v -1.698000 0.994000 0.498000
v -1.670000 0.914000 0.498000
v -1.608000 0.988000 0.498000
v -1.800000 0.830000 0.498000
v -1.826000 0.892000 0.498000
v -1.858000 0.810000 0.498000
v -1.804000 0.748000 0.498000
v -1.756000 0.788000 0.498000
v -0.616000 1.508000 0.498000
v -0.696000 1.496000 0.498000
v -0.634000 1.438000 0.498000
v -0.782000 1.476000 0.498000
v -0.810000 1.556000 0.498000
v -0.870000 1.484000 0.498000
v -0.686000 1.622000 0.498000
v -0.656000 1.570000 0.498000
v -0.622000 1.648000 0.498000
v -0.686000 1.692000 0.498000
v -0.758000 1.636000 0.498000
v -1.780000 1.118000 0.498000
v -1.704000 1.076000 0.498000
v -0.808000 0.480000 0.498000
v -0.768000 0.400000 0.498000
v -0.738000 0.484000 0.498000
v -1.860000 1.496000 0.498000
v -1.790000 1.528000 0.498000
v -1.862000 1.568000 0.498000
v -1.862000 1.642000 0.498000
v -1.866000 1.726000 0.498000
v -1.940000 1.666000 0.498000
v -1.994000 0.944000 0.498000
v -1.970000 0.878000 0.498000
v -1.916000 0.950000 0.498000
v -2.018000 1.008000 0.498000
v -2.074000 0.938000 0.498000
v -0.712000 1.360000 0.498000
v -0.778000 1.396000 0.498000
v -0.740000 1.868000 0.498000
v -0.802000 1.848000 0.498000
v -0.748000 1.794000 0.498000
v -0.454000 1.536000 0.498000
v -0.500000 1.602000 0.498000
v -0.536000 1.520000 0.498000
v -0.074000 1.236000 0.498000
v -1.844000 1.364000 0.498000
v -1.852000 1.428000 0.498000
v -1.918000 1.376000 0.498000
v -1.702000 1.406000 0.498000
v -1.774000 1.386000 0.498000
v -1.700000 1.332000 0.498000
v -2.018000 1.536000 0.498000
v -1.938000 1.518000 0.498000
v -0.002000 1.442000 0.498000
v -0.002000 1.752000 0.498000
v -0.558000 1.068000 0.498000
v -0.644000 1.070000 0.498000
v -1.926000 1.812000 0.498000
v -1.970000 1.872000 0.498000
v -2.018000 1.804000 0.498000
v -0.620000 0.934000 0.498000
v -0.706000 0.916000 0.498000
v -0.628000 0.872000 0.498000
v -0.624000 0.796000 0.498000
v -0.620000 0.716000 0.498000
v -0.546000 0.770000 0.498000
v -2.400000 0.794000 0.498000
v -2.420000 0.844000 0.498000
v -0.382000 0.850000 0.498000
v -0.464000 0.832000 0.498000
v -0.858000 0.594000 0.498000
v -0.946000 0.582000 0.498000
v -0.884000 0.504000 0.498000
v -1.094000 0.780000 0.498000
v -1.166000 0.794000 0.498000
v -1.138000 0.714000 0.498000
v -2.168000 0.458000 0.498000
v -2.202000 0.514000 0.498000
v -2.246000 0.478000 0.498000
v -1.780000 2.096000 0.498000
v -1.836000 2.130000 0.498000
v -1.832000 2.058000 0.498000
v -1.088000 2.128000 0.498000
v -1.108000 2.062000 0.498000
v -1.042000 2.070000 0.498000
v -0.996000 2.344000 0.498000
v -1.030000 2.384000 0.498000
v -1.034000 2.300000 0.498000
v -0.790000 0.888000 0.498000
v -0.880000 0.880000 0.498000
v -0.832000 0.830000 0.498000
v -1.284000 0.492000 0.498000
v -1.200000 0.470000 0.498000
v -1.230000 0.542000 0.498000
v -2.378000 0.120000 0.498000
v -2.368000 0.060000 0.498000
v -2.318000 0.124000 0.498000
v -1.760000 0.534000 0.498000
v -0.798000 1.922000 0.498000
v -0.722000 1.948000 0.498000
v -0.100000 0.428000 0.498000
v -1.998000 1.930000 0.498000
v -0.020000 2.278000 0.498000
v -0.078000 2.244000 0.498000
v -0.002000 2.254000 0.498000
v -1.942000 2.080000 0.498000
v -1.958000 2.134000 0.498000
v -2.000000 2.074000 0.498000
v -2.104000 2.156000 0.498000
v -2.268000 1.428000 0.498000
v -2.264000 1.504000 0.498000
v -1.918000 0.522000 0.498000
v -0.758000 2.450000 0.498000
v -0.838000 2.452000 0.498000
v -0.802000 2.384000 0.498000
v -0.634000 1.976000 0.498000
v -0.574000 1.902000 0.498000
v -0.544000 1.984000 0.498000
v -2.130000 2.000000 0.498000
v -0.246000 1.036000 0.498000
v -0.332000 1.052000 0.498000
v -0.288000 0.990000 0.498000
v -2.326000 0.294000 0.498000
v -2.406000 0.320000 0.498000
v -2.394000 0.254000 0.498000
v -1.570000 1.768000 0.498000
v -1.642000 1.732000 0.498000
v -1.560000 1.692000 0.498000
v -0.788000 1.994000 0.498000
v -0.850000 1.970000 0.498000
v -0.212000 0.408000 0.498000
v -0.194000 0.342000 0.498000
v -2.142000 0.232000 0.498000
v -2.128000 0.168000 0.498000
v -2.084000 0.224000 0.498000
v -1.532000 2.040000 0.498000
v -1.572000 1.994000 0.498000
v -1.492000 1.954000 0.498000
v -1.320000 1.684000 0.498000
v -1.346000 1.766000 0.498000
v -0.254000 1.904000 0.498000
v -0.330000 1.934000 0.498000
v -0.682000 0.270000 0.498000
v -0.756000 0.298000 0.498000
v -0.742000 0.200000 0.498000
v -1.666000 2.282000 0.498000
v -1.586000 2.294000 0.498000
v -0.160000 1.774000 0.498000
v -0.006000 1.634000 0.498000
v -0.016000 1.544000 0.498000
v -2.110000 1.280000 0.498000
v -2.046000 1.308000 0.498000
v -1.430000 0.828000 0.498000
v -1.390000 0.872000 0.498000
v -1.470000 0.912000 0.498000
v -2.458000 0.966000 0.498000
v -0.860000 2.252000 0.498000
v -0.930000 2.238000 0.498000
v -0.850000 2.180000 0.498000
v -0.020000 1.484000 0.498000
v -1.286000 2.234000 0.498000
v -1.352000 2.226000 0.498000
v -1.330000 2.162000 0.498000
v -0.638000 2.210000 0.498000
v -0.584000 2.172000 0.498000
v -0.592000 2.246000 0.498000
v -0.780000 2.210000 0.498000
v -0.778000 2.138000 0.498000
v -1.316000 0.108000 0.498000
v -1.370000 0.072000 0.498000
v -1.298000 0.012000 0.498000
v -1.884000 0.746000 0.498000
v -0.068000 0.056000 0.498000
v -0.118000 0.114000 0.498000
v -0.134000 0.038000 0.498000
v -0.104000 2.474000 0.498000
v -0.052000 2.456000 0.498000
v -0.000750 2.474000 0.498000
v -2.182000 1.708000 0.498000
v -2.168000 1.788000 0.498000
v -2.122000 1.666000 0.498000
v -1.360000 0.004000 0.498000
v -1.520000 0.018000 0.498000
v -1.670000 0.008000 0.498000
v -1.128000 0.016000 0.498000
v -1.096000 0.074000 0.498000
v -1.162000 0.054000 0.498000
v -0.478000 0.594000 0.498000
v -0.448000 0.528000 0.498000
v -0.418000 0.614000 0.498000
v -0.472000 0.664000 0.498000
v -0.546000 0.612000 0.498000
v -2.186000 0.276000 0.498000
v -0.388000 2.040000 0.498000
v -0.352000 1.996000 0.498000
v -0.406000 1.968000 0.498000
v -2.032000 0.376000 0.498000
v -2.018000 0.318000 0.498000
v -0.618000 0.130000 0.498000
v -0.554000 0.142000 0.498000
v -0.600000 0.190000 0.498000
v -2.152000 0.680000 0.498000
v -0.168000 2.460000 0.498000
v -0.222000 2.466000 0.498000
v -2.044000 2.444000 0.498000
v -0.018000 0.736000 0.498000
v -0.002000 0.824000 0.498000
v -0.074000 0.802000 0.498000
v -2.096000 1.792000 0.498000
v -2.098000 1.738000 0.498000
v -1.468000 2.400000 0.498000
v -1.410000 2.428000 0.498000
v -2.456000 0.806000 0.498000
v -2.464000 0.740000 0.498000
v -1.042000 0.142000 0.498000
v -0.596000 1.290000 0.498000
v -1.454000 0.370000 0.498000
v -1.390000 0.306000 0.498000
v -0.566000 1.842000 0.498000
v -0.620000 1.866000 0.498000
v -0.610000 1.796000 0.498000
v -2.116000 2.448000 0.498000
v -2.146000 2.466000 0.498000
v -2.134000 2.398000 0.498000
v -2.440000 0.134000 0.498000
v -2.476000 0.102000 0.498000
v -2.430000 0.060000 0.498000
v -2.280000 0.352000 0.498000
v 0.000000 0.618000 0.498000
v 0.000000 1.236000 0.498000
v -0.328000 0.712000 0.498000
v -0.926000 0.022000 0.498000
v -0.970000 0.004000 0.498000
v -0.862000 0.014000 0.498000
v -2.240000 0.020000 0.498000
v -2.270000 0.000000 0.498000
v -2.154000 0.020000 0.498000
v -0.546000 1.670000 0.498000
v -0.462000 1.686000 0.498000
v -0.526000 1.738000 0.498000
v -0.064000 0.998000 0.498000
v -0.018000 1.036000 0.498000
v -0.094000 1.048000 0.498000
v -2.448000 0.202000 0.498000
v -2.366000 0.196000 0.498000
v -0.060000 1.106000 0.498000
v -1.830000 2.322000 0.498000
v -1.158000 0.112000 0.498000
v -1.164000 0.168000 0.498000
v -0.310000 0.478000 0.498000
v -0.270000 0.550000 0.498000
v -2.456000 1.038000 0.498000
v -1.200000 2.214000 0.498000
v -0.028000 0.274000 0.498000
v -0.070000 0.306000 0.498000
v -2.456000 2.072000 0.498000
v -2.474000 1.946000 0.498000
v -2.452000 1.990000 0.498000
v -0.324000 0.062000 0.498000
v -0.396000 0.070000 0.498000
v -0.408000 0.016000 0.498000
v -2.386000 2.096000 0.498000
v -2.314000 2.128000 0.498000
v -2.380000 2.178000 0.498000
v -2.220000 2.458000 0.498000
v -2.186000 2.426000 0.498000
v -0.410000 0.456000 0.498000
v -0.368000 0.390000 0.498000
v -1.778000 2.006000 0.498000
v -1.730000 2.068000 0.498000
v -0.786000 2.272000 0.498000
v -0.834000 2.314000 0.498000
v -1.858000 0.000000 0.498000
v -0.690000 0.766000 0.498000
v -0.706000 0.838000 0.498000
v -2.408000 0.716000 0.498000
v -2.464000 0.674000 0.498000
v -2.312000 0.526000 0.498000
v -2.372000 0.582000 0.498000
v -2.398000 0.496000 0.498000
v -1.366000 0.680000 0.498000
v -1.398000 0.762000 0.498000
v -1.460000 0.686000 0.498000
v -0.614000 1.724000 0.498000
v -2.254000 2.078000 0.498000
v -0.194000 0.574000 0.498000
v -1.016000 1.774000 0.498000
v -1.096000 1.786000 0.498000
v -1.080000 1.728000 0.498000
v -1.084000 1.354000 0.498000
v -1.392000 1.120000 0.498000
v -1.700000 1.264000 0.498000
v -1.524000 0.978000 0.498000
v -0.792000 1.222000 0.498000
v -0.952000 1.496000 0.498000
v -2.024000 1.688000 0.498000
v -2.008000 1.604000 0.498000
v -1.712000 1.842000 0.498000
v -1.778000 1.830000 0.498000
v -1.714000 1.776000 0.498000
v -1.666000 1.880000 0.498000
v -1.742000 1.908000 0.498000
v -0.680000 0.682000 0.498000
v -0.800000 0.254000 0.498000
v -1.642000 0.840000 0.498000
v -1.724000 0.840000 0.498000
v -0.838000 1.630000 0.498000
v -0.754000 1.720000 0.498000
v -0.816000 1.706000 0.498000
v -1.626000 1.410000 0.498000
v -0.576000 0.992000 0.498000
v -0.690000 1.004000 0.498000
v -1.664000 0.090000 0.498000
v -2.234000 1.360000 0.498000
v -2.326000 1.376000 0.498000
v -1.100000 0.852000 0.498000
v -2.088000 1.620000 0.498000
v -1.238000 1.236000 0.498000
v -1.470000 1.490000 0.498000
v -1.556000 1.522000 0.498000
v -2.232000 1.562000 0.498000
v -1.288000 1.838000 0.498000
v -0.944000 0.936000 0.498000
v -1.026000 0.894000 0.498000
v -0.962000 0.862000 0.498000
v -2.246000 0.140000 0.498000
v -2.284000 0.208000 0.498000
v -1.036000 2.206000 0.498000
v -0.742000 0.068000 0.498000
v -0.696000 0.138000 0.498000
v -0.442000 1.132000 0.498000
v -0.506000 1.122000 0.498000
v -0.438000 1.060000 0.498000
v -0.134000 0.174000 0.498000
v -0.196000 0.136000 0.498000
v -0.626000 0.630000 0.498000
v -0.610000 0.544000 0.498000
v -0.468000 0.742000 0.498000
v -0.324000 0.796000 0.498000
v -0.394000 0.770000 0.498000
v -2.442000 2.146000 0.498000
v -2.424000 2.238000 0.498000
v -1.732000 0.244000 0.498000
v -1.702000 0.308000 0.498000
v -2.044000 1.074000 0.498000
v -1.980000 1.056000 0.498000
v -1.972000 1.328000 0.498000
v -1.910000 1.306000 0.498000
v -0.274000 2.396000 0.498000
v -0.252000 2.450000 0.498000
v -0.322000 2.456000 0.498000
v -0.194000 1.360000 0.498000
v -0.134000 1.388000 0.498000
v -0.186000 1.434000 0.498000
v -0.962000 2.190000 0.498000
v -0.914000 2.142000 0.498000
v -0.080000 0.542000 0.498000
v -0.146000 0.530000 0.498000
v -0.094000 0.482000 0.498000
v -2.408000 1.120000 0.498000
v -2.398000 2.008000 0.498000
v -1.544000 0.304000 0.498000
v -0.510000 2.058000 0.498000
v -0.572000 2.036000 0.498000
v -0.266000 1.098000 0.498000
v -0.208000 1.080000 0.498000
v -1.668000 1.454000 0.498000
v -0.232000 0.492000 0.498000
v -1.932000 1.022000 0.498000
v -1.512000 0.606000 0.498000
v -1.590000 0.622000 0.498000
v -1.550000 0.558000 0.498000
v -2.100000 1.844000 0.498000
v -2.288000 1.164000 0.498000
v -2.362000 1.180000 0.498000
v -0.988000 1.836000 0.498000
v -0.978000 1.904000 0.498000
v -1.044000 1.896000 0.498000
v -1.676000 0.368000 0.498000
v -1.604000 0.372000 0.498000
v -1.666000 0.440000 0.498000
v -1.724000 0.414000 0.498000
v -1.788000 0.432000 0.498000
v -1.748000 0.366000 0.498000
v -1.646000 1.658000 0.498000
v -1.574000 1.608000 0.498000
v -1.530000 0.372000 0.498000
v -0.370000 1.562000 0.498000
v -0.330000 1.622000 0.498000
v -0.642000 2.050000 0.498000
v -2.156000 0.936000 0.498000
v -0.782000 2.064000 0.498000
v -0.706000 2.092000 0.498000
v -0.648000 1.370000 0.498000
v -0.570000 1.376000 0.498000
v -1.550000 0.692000 0.498000
v -1.516000 0.440000 0.498000
v -0.858000 1.770000 0.498000
v -0.868000 1.826000 0.498000
v -0.920000 1.776000 0.498000
v -1.612000 0.562000 0.498000
v -0.910000 1.940000 0.498000
v -0.864000 1.892000 0.498000
v -0.268000 1.656000 0.498000
v -0.252000 1.586000 0.498000
v -0.206000 1.656000 0.498000
v -1.196000 2.144000 0.498000
v -1.146000 2.148000 0.498000
v -2.468000 1.516000 0.498000
v -2.430000 1.514000 0.498000
v -2.458000 1.580000 0.498000
v -1.688000 0.672000 0.498000
v -1.658000 0.604000 0.498000
v -2.036000 0.160000 0.498000
v -1.178000 0.380000 0.498000
v -1.274000 1.988000 0.498000
v -1.188000 1.968000 0.498000
v -1.224000 2.036000 0.498000
v -1.590000 0.912000 0.498000
v -1.564000 0.840000 0.498000
v -1.532000 0.904000 0.498000
v -0.002000 0.560000 0.498000
v -0.020000 0.494000 0.498000
v -0.888000 1.560000 0.498000
v -0.916000 1.634000 0.498000
v -0.946000 1.568000 0.498000
v -1.256000 0.960000 0.498000
v -1.222000 1.512000 0.498000
v -1.226000 1.590000 0.498000
v -0.472000 1.448000 0.498000
v -1.726000 1.558000 0.498000
v -1.720000 1.482000 0.498000
v -1.428000 0.024000 0.498000
v -1.238000 2.474000 0.498000
v -1.858000 2.474000 0.498000
v -1.860000 1.092000 0.498000
v -1.850000 1.172000 0.498000
v -1.918000 2.462000 0.498000
v -1.980000 2.462000 0.498000
v -0.694000 1.292000 0.498000
v -2.148000 1.314000 0.498000
v -2.142000 1.220000 0.498000
v -1.526000 1.896000 0.498000
v -2.208000 0.198000 0.498000
v -2.476000 0.618000 0.498000
v 0.000000 0.000000 0.498000
v -2.476750 0.000000 0.498000
v -0.620000 0.000000 0.498000
v -2.476000 1.236000 0.498000
v -1.238000 0.000000 0.498000
v -2.098000 0.402000 0.498000
v -1.386000 1.396000 0.498000
v -1.208000 0.654000 0.498000
v -1.196000 0.594000 0.498000
v -1.148000 0.634000 0.498000
v -1.092000 1.076000 0.498000
v -1.624000 2.446000 0.498000
v -2.340000 1.964000 0.498000
v -2.328000 2.040000 0.498000
v -1.966000 2.212000 0.498000
v -1.882000 2.172000 0.498000
v -1.906000 2.228000 0.498000
v -2.402000 1.940000 0.498000
v -2.248000 0.250000 0.498000
v -0.806000 1.778000 0.498000
v -2.122000 0.618000 0.498000
v -1.718000 0.730000 0.498000
v -0.500000 0.454000 0.498000
v -0.012000 0.216000 0.498000
v -0.046000 0.144000 0.498000
v -0.002000 0.094000 0.498000
v -0.898000 0.798000 0.498000
v -1.934000 0.806000 0.498000
v -2.006000 0.794000 0.498000
v -0.560000 0.336000 0.498000
v -0.524000 0.286000 0.498000
v -0.450000 2.090000 0.498000
v -0.366000 2.108000 0.498000
v -0.422000 2.170000 0.498000
v -1.914000 1.226000 0.498000
v -1.180000 0.000000 0.498000
v -1.256000 2.368000 0.498000
v -1.194000 2.378000 0.498000
v -2.150000 0.540000 0.498000
v -0.166000 0.454000 0.498000
v -1.610000 1.924000 0.498000
v -1.590000 1.846000 0.498000
v -0.614000 0.402000 0.498000
v -0.636000 0.320000 0.498000
v -2.160000 0.390000 0.498000
v -0.340000 1.508000 0.498000
v -0.390000 1.488000 0.498000
v -1.318000 0.188000 0.498000
v -2.202000 2.322000 0.498000
v -2.250000 2.352000 0.498000
v -2.256000 2.268000 0.498000
v -2.180000 1.870000 0.498000
v -1.236000 2.302000 0.498000
v -1.226000 2.094000 0.498000
v -1.254000 2.160000 0.498000
v -2.178000 2.370000 0.498000
v -0.212000 0.646000 0.498000
v -0.178000 0.688000 0.498000
v -2.130000 2.328000 0.498000
v -1.440000 0.090000 0.498000
v -1.166750 2.090000 0.498000
v -1.914000 2.288000 0.498000
v -1.866000 2.402000 0.498000
v -1.960000 2.338000 0.498000
v -2.472000 1.794000 0.498000
v -1.850000 2.236000 0.498000
v -2.364000 1.532000 0.498000
v -2.388000 1.596000 0.498000
v -0.652000 0.482000 0.498000
v -0.680000 0.556000 0.498000
v -0.218000 0.718000 0.498000
v -0.264000 0.758000 0.498000
v -0.136000 0.746000 0.498000
v -0.124000 0.590000 0.498000
v -0.122000 1.838000 0.498000
v -0.182000 1.864000 0.498000
v -1.962000 2.004000 0.498000
v -1.528000 2.458000 0.498000
v -1.454000 2.458000 0.498000
v -0.972000 2.472000 0.498000
v -0.298000 2.328000 0.498000
v -1.952000 1.752000 0.498000
v -0.402000 0.992000 0.498000
v -0.474000 0.976000 0.498000
v -1.546000 2.440000 0.498000
v -0.240000 0.364000 0.498000
v -2.256000 1.226000 0.498000
v -2.206000 1.280000 0.498000
v -0.940000 0.282000 0.498000
v -1.000000 0.324000 0.498000
v -1.000000 0.238000 0.498000
v -0.964000 0.366000 0.498000
v -0.642000 2.128000 0.498000
v -0.704000 2.170000 0.498000
v -1.178000 2.472000 0.498000
v -1.114000 2.400000 0.498000
v -1.676000 2.092000 0.498000
v -1.628000 2.122000 0.498000
v -2.424000 1.192000 0.498000
v -1.948000 0.134000 0.498000
v -1.980000 0.194000 0.498000
v -1.956000 0.002000 0.498000
v -1.934000 0.062000 0.498000
v -0.478000 1.918000 0.498000
v -0.466000 2.006000 0.498000
v -2.214000 0.338000 0.498000
v -0.006000 1.170000 0.498000
v -0.002000 1.134000 0.498000
v -0.988000 1.990000 0.498000
v -0.842000 2.040000 0.498000
v -0.878000 1.704000 0.498000
v -0.314000 1.706000 0.498000
v -1.336000 2.322000 0.498000
v -0.228000 0.948000 0.498000
v -0.270000 0.902000 0.498000
v -1.898000 1.884000 0.498000
v -1.936000 1.948000 0.498000
v -1.596000 0.030000 0.498000
v -0.022000 2.032000 0.498000
v -0.002000 1.944000 0.498000
v -0.016000 2.110000 0.498000
v -2.256000 0.298000 0.498000
v -0.686000 0.358000 0.498000
v -1.806000 0.370000 0.498000
v -0.354000 2.182000 0.498000
v -0.018000 1.714000 0.498000
v -0.200000 1.142000 0.498000
v -0.986000 1.626000 0.498000
v -1.950000 0.734000 0.498000
v -1.904000 0.688000 0.498000
v -0.926000 1.856000 0.498000
v -1.508000 2.242000 0.498000
v -0.982000 0.156000 0.498000
v -0.892000 0.718000 0.498000
v -0.830000 0.754000 0.498000
v -0.660000 2.386000 0.498000
v -0.588000 2.326000 0.498000
v -0.582000 2.400000 0.498000
v -2.334000 1.464000 0.498000
v -2.304000 1.536000 0.498000
v -2.062000 1.578000 0.498000
v -2.100000 1.548000 0.498000
v -1.466000 0.300000 0.498000
v -2.456000 1.716000 0.498000
v -2.404000 1.684000 0.498000
v -1.026000 0.080000 0.498000
v -0.684000 2.450000 0.498000
v -1.094000 2.328000 0.498000
v -1.162000 2.330000 0.498000
v -2.460000 0.550000 0.498000
v -1.886000 2.102000 0.498000
v -0.370000 0.268000 0.498000
v -0.448000 0.282000 0.498000
v -0.422000 0.234000 0.498000
v -0.144000 2.134000 0.498000
v -0.072000 2.102000 0.498000
v -0.080000 2.164000 0.498000
v -0.008000 0.084000 0.498000
v -1.574000 2.472000 0.498000
v -0.134000 0.834000 0.498000
v -0.084000 0.880000 0.498000
v -0.774000 0.018000 0.498000
v -0.806000 0.066000 0.498000
v -2.254000 1.924000 0.498000
v -0.110000 2.464000 0.498000
v -1.976000 1.206000 0.498000
v -1.252000 0.604000 0.498000
v -2.166000 1.388000 0.498000
v -1.116000 2.472000 0.498000
v -1.052000 2.452000 0.498000
v -0.780000 0.604000 0.498000
v -0.802000 0.542000 0.498000
v -0.732000 0.544000 0.498000
v -0.758000 0.664000 0.498000
v -0.832000 0.672000 0.498000
v -1.616000 1.482000 0.498000
v -0.972000 0.500000 0.498000
v -1.052000 0.504000 0.498000
v -0.930000 0.424000 0.498000
v -1.722000 2.312000 0.498000
v -1.726000 2.150000 0.498000
v -0.484000 0.018000 0.498000
v -2.288000 2.400000 0.498000
v -2.296000 2.454000 0.498000
v -0.146000 1.684000 0.498000
v -1.968000 1.272000 0.498000
v -0.484000 1.378000 0.498000
v -1.274000 0.666000 0.498000
v -1.328000 0.612000 0.498000
v -1.668000 0.516000 0.498000
v -1.572000 0.506000 0.498000
v -1.422000 0.602000 0.498000
v -1.956000 0.266000 0.498000
v -2.028000 0.248000 0.498000
v -1.854000 1.812000 0.498000
v -0.678000 2.472000 0.498000
v -0.956000 1.706000 0.498000
v -1.034000 1.684000 0.498000
v -0.472000 0.188000 0.498000
v -0.374000 0.204000 0.498000
v -2.082000 1.482000 0.498000
v -0.368000 1.312000 0.498000
v -0.708000 1.082000 0.498000
v -1.888000 0.196000 0.498000
v -0.384000 0.140000 0.498000
v -0.318000 0.166000 0.498000
v -1.246000 1.912000 0.498000
v -1.020000 0.432000 0.498000
v -0.814000 0.000000 0.498000
v -1.110000 0.000000 0.498000
v -1.152000 2.022000 0.498000
v -2.026000 2.150000 0.498000
v -1.914000 0.418000 0.498000
v -1.862000 0.392000 0.498000
v -0.506000 1.040000 0.498000
v -2.446000 1.650000 0.498000
v -1.946000 0.356000 0.498000
v -1.972000 0.414000 0.498000
v -1.818000 1.900000 0.498000
v -1.864000 1.954000 0.498000
v -2.298000 2.204000 0.498000
v -2.336000 2.258000 0.498000
v -0.714000 0.618000 0.498000
v -1.304000 1.454000 0.498000
v -0.688000 1.770000 0.498000
v -2.272000 1.868000 0.498000
v -2.328000 1.898000 0.498000
v -0.954000 0.084000 0.498000
v -0.988000 0.036000 0.498000
v -1.624000 1.066000 0.498000
v -1.174000 1.018000 0.498000
v -1.478000 1.572000 0.498000
v -1.478000 0.520000 0.498000
v -1.372000 0.524000 0.498000
v -0.292000 2.196000 0.498000
v -0.214000 2.160000 0.498000
v -0.398000 2.248000 0.498000
v -1.752000 0.908000 0.498000
v -0.862000 0.960000 0.498000
v -1.334000 0.906000 0.498000
v -1.308000 1.606000 0.498000
v -1.236000 1.672000 0.498000
v -0.854000 1.406000 0.498000
v -1.964000 2.402000 0.498000
v -1.474000 0.036000 0.498000
v -0.848000 1.128000 0.498000
v -0.568000 0.460000 0.498000
v -0.534000 0.528000 0.498000
v -0.570000 2.102000 0.498000
v -0.508000 2.156000 0.498000
v -1.048000 0.308000 0.498000
v -0.998000 2.136000 0.498000
v -1.364000 2.396000 0.498000
v -0.430000 1.334000 0.498000
v -0.386000 1.400000 0.498000
v -2.196000 0.078000 0.498000
v -2.172000 0.128000 0.498000
v -1.084000 0.728000 0.498000
v -0.110000 0.270000 0.498000
v -0.076000 0.226000 0.498000
v -2.262000 0.796000 0.498000
v -2.206000 0.866000 0.498000
v -1.486000 1.734000 0.498000
v -2.098000 0.692000 0.498000
v -1.684000 0.782000 0.498000
v -1.296000 2.078000 0.498000
v -0.240000 1.322000 0.498000
v -0.298000 1.298000 0.498000
v -1.724000 0.598000 0.498000
v -1.766000 0.678000 0.498000
v -1.262000 1.752000 0.498000
v -0.416000 1.618000 0.498000
v -0.380000 1.700000 0.498000
v -2.044000 0.864000 0.498000
v -1.138000 0.544000 0.498000
v -0.922000 0.654000 0.498000
v -0.972000 0.698000 0.498000
v -0.546000 0.690000 0.498000
v -0.914000 0.136000 0.498000
v -2.470000 0.224000 0.498000
v -1.598000 0.442000 0.498000
v -1.472000 1.202000 0.498000
v -0.388000 1.910000 0.498000
v -1.006000 1.272000 0.498000
v -2.270000 0.084000 0.498000
v -0.398000 0.688000 0.498000
v -1.906000 2.024000 0.498000
v -1.854000 2.004000 0.498000
v -1.310000 1.314000 0.498000
v -0.152000 2.206000 0.498000
v -0.150000 1.932000 0.498000
v -1.166000 1.158000 0.498000
v -0.568000 0.236000 0.498000
v -2.154000 1.580000 0.498000
v -1.174000 0.868000 0.498000
v -1.948000 0.464000 0.498000
v -0.066000 1.572000 0.498000
v -0.372000 2.312000 0.498000
v -0.552000 1.444000 0.498000
v -0.552000 0.914000 0.498000
v -0.548000 0.850000 0.498000
v -1.076000 0.676000 0.498000
v -1.016000 0.978000 0.498000
v -1.410000 2.166000 0.498000
v -1.846000 0.678000 0.498000
v -1.776000 1.044000 0.498000
v -0.282000 0.400000 0.498000
v -1.316000 1.178000 0.498000
v -1.160000 1.294000 0.498000
v -1.624000 1.346000 0.498000
v -1.462000 1.054000 0.498000
v -2.336000 1.116000 0.498000
v -1.016000 1.418000 0.498000
v -0.668000 1.904000 0.498000
v -1.292000 0.560000 0.498000
v -1.426000 0.440000 0.498000
v -1.938000 1.590000 0.498000
v -2.470000 1.372000 0.498000
v -2.452000 1.426000 0.498000
v -1.318000 0.268000 0.498000
v -1.242000 0.318000 0.498000
v -0.086000 2.046000 0.498000
v -0.480000 0.908000 0.498000
v -0.312000 0.860000 0.498000
v -2.476000 0.822000 0.498000
v -1.010000 1.128000 0.498000
v -1.782000 1.456000 0.498000
v -1.468000 1.344000 0.498000
v -2.312000 0.036000 0.498000
v -1.628000 1.204000 0.498000
v -1.054000 1.612000 0.498000
v -2.068000 0.564000 0.498000
v -2.042000 0.640000 0.498000
v -1.966000 0.664000 0.498000
v -2.034000 0.724000 0.498000
v -1.930000 1.444000 0.498000
v -2.122000 0.088000 0.498000
v -2.070000 2.474000 0.497250
v -0.712000 2.020000 0.498000
v -1.378000 0.144000 0.498000
v -1.426000 1.786000 0.498000
v -1.920000 1.154000 0.498000
v -1.940000 1.090000 0.498000
v -0.416000 1.848000 0.498000
v -0.582000 1.588000 0.498000
v -2.248000 0.546000 0.498000
v -0.460000 2.304000 0.498000
v -2.306000 2.318000 0.498000
v -0.024000 1.974000 0.498000
v -2.100000 1.006000 0.498000
v -2.476000 1.300000 0.498000
v -1.260000 0.406000 0.498000
v -1.512000 1.816000 0.498000
v -1.728000 0.476000 0.498000
v -1.772000 1.320000 0.498000
v -1.788000 1.754000 0.498000
v -0.002000 2.410000 0.498000
v -0.016000 2.338000 0.498000
v -0.732000 1.556000 0.498000
v -2.230000 0.410000 0.498000
v -2.442000 1.348000 0.498000
v -1.468000 2.102000 0.498000
v -0.676000 1.842000 0.498000
v -2.348000 1.648000 0.498000
v -0.650000 2.294000 0.498000
v -1.778000 1.188000 0.498000
v -1.522000 2.350000 0.498000
v -0.570000 0.058000 0.498000
v -0.536000 0.000000 0.498000
v -0.876000 0.070000 0.498000
v -0.712000 2.248000 0.498000
v -1.464000 2.190000 0.498000
v -1.524000 2.164000 0.498000
v -0.182000 1.516000 0.498000
v -0.170000 1.600000 0.498000
v -0.250000 0.190000 0.498000
v -0.190000 0.194000 0.498000
v -0.710000 1.426000 0.498000
v -0.854000 1.272000 0.498000
v -2.086000 1.152000 0.498000
v -1.994000 1.140000 0.498000
v -2.390000 1.394000 0.498000
v -1.896000 0.884000 0.498000
v -0.862000 0.286000 0.498000
v -0.020000 0.874000 0.498000
v -1.158000 1.426000 0.498000
v -1.318000 1.048000 0.498000
v -1.982000 0.584000 0.498000
v -2.180000 0.792000 0.498000
v -1.554000 1.944000 0.498000
v -0.084000 1.984000 0.498000
v -0.696000 0.004000 0.498000
v -1.620000 0.304000 0.498000
v -1.690000 1.956000 0.498000
v -1.320000 1.926000 0.498000
v -1.646000 1.806000 0.498000
v -0.924000 2.456000 0.498000
v -0.238000 0.072000 0.498000
v -0.272000 0.124000 0.498000
v -0.020000 2.190000 0.498000
v -1.366000 2.452000 0.498000
v -1.792000 1.600000 0.498000
v -0.960000 2.308000 0.498000
v -0.292000 1.764000 0.498000
v -1.002000 1.554000 0.498000
v -2.458000 0.282000 0.498000
v -0.412000 0.328000 0.498000
v -2.168000 2.276000 0.498000
v -0.246000 0.004000 0.498000
v -0.186000 0.024000 0.498000
v -1.554000 2.104000 0.498000
v -0.292000 2.132000 0.498000
v -0.658000 0.198000 0.498000
v -0.024000 0.938000 0.498000
v -2.372000 0.004000 0.498000
v -0.844000 2.108000 0.498000
v -2.254000 1.030000 0.498000
v -2.260000 1.104000 0.498000
v -0.984000 2.250000 0.498000
v -2.474000 0.502000 0.498000
v -1.578000 2.230000 0.498000
v -0.178000 0.080000 0.498000
v -0.694000 0.426000 0.498000
v -0.004000 0.676000 0.498000
v -2.476000 0.676000 0.498000
v -0.026000 0.668000 0.498000
v -2.472000 2.366000 0.498000
v -2.382000 2.344000 0.498000
v -2.432000 2.420000 0.498000
v -2.398000 1.458000 0.498000
v -1.228000 0.226000 0.498000
v -2.366000 2.414000 0.498000
v -1.048000 0.018000 0.498000
v -0.088000 0.004000 0.498000
v -0.078000 2.310000 0.498000
v -0.466000 2.452000 0.498000
v -2.202000 1.206000 0.498000
v -0.486000 0.244000 0.498000
v -2.448000 2.300000 0.498000
v -1.238750 2.200000 0.012000
v -1.732750 2.262000 0.012000
v -1.238750 2.374000 0.012000
v -0.746750 2.262000 0.012000
v -0.100750 1.236000 0.012000
v -0.274750 1.236000 0.012000
v -0.212750 1.730000 0.012000
v -0.212750 0.744000 0.012000
v -0.528750 0.348000 0.012000
v -0.884750 0.616000 0.012000
v -0.618750 0.882000 0.012000
v -0.350750 0.526000 0.012000
v -1.732750 0.210000 0.012000
v -1.950750 0.348000 0.012000
v -2.128750 0.526000 0.012000
v -2.376000 0.098000 0.012000
v -2.264750 0.744000 0.012000
v -1.858750 0.882000 0.012000
v -1.594750 0.616000 0.012000
v -2.202750 1.236000 0.012000
v -1.626750 1.096000 0.012000
v -1.380750 0.850000 0.012000
v -1.238000 1.236000 0.004000
v -1.238750 1.236000 0.012000
v -1.238000 1.236000 0.018000
v -1.098000 0.850000 0.012000
v -0.852000 1.096000 0.012000
v -0.852000 1.378000 0.012000
v -1.098000 1.624000 0.012000
v -1.380000 1.624000 0.012000
v -1.626000 1.378000 0.012000
v -1.858750 1.592000 0.012000
v -2.376000 1.235250 0.012000
v -2.264750 1.730000 0.012000
v -1.950750 2.126000 0.012000
v -1.594750 1.856000 0.012000
v -2.128750 1.948000 0.012000
v -2.376000 2.374000 0.012000
v -0.528750 2.126000 0.012000
v -0.350750 1.948000 0.012000
v -0.618750 1.592000 0.012000
v -0.884750 1.856000 0.012000
v -0.100000 2.374000 0.012000
v -1.238750 0.272000 0.012000
v -1.238750 0.098000 0.012000
v -0.746750 0.210000 0.012000
v -0.100000 0.098000 0.012000
f 7503 7504 7505
f 7505 7504 7506
f 7505 7506 7507
f 7507 7506 7508
f 7507 7508 7509
f 7509 7508 7510
f 7509 7510 7511
f 7511 7510 7512
f 7511 7512 7513
f 7514 9970 7512
f 7514 7515 7513
f 7513 7515 7516
f 7513 7516 7517
f 7517 7516 7518
f 7519 9968 7516
f 7519 7516 7515
f 7518 7519 7520
f 7520 7519 7521
f 7520 7521 7522
f 7522 7518 7520
f 7522 7521 7523
f 7523 7521 7524
f 7523 7524 7525
f 7525 7524 7526
f 7525 7526 7527
f 7527 7526 7528
f 7527 7528 7504
f 9969 7503 7529
f 7504 7529 7527
f 7529 7530 7527
f 7527 7530 7525
f 7530 7531 7525
f 7525 7531 7523
f 7531 7522 7523
f 7522 7531 7518
f 7518 7531 7530
f 7518 7530 7517
f 7517 7530 7509
f 7517 7509 7511
f 7509 7530 7507
f 7507 7530 7529
f 7507 7529 7505
f 7505 7529 7503
f 7511 7513 7517
f 9970 7514 7532
f 7532 7514 7533
f 7532 7533 7534
f 7534 7533 7535
f 7534 7535 7536
f 7536 7535 7537
f 7536 7537 7538
f 7538 7537 7539
f 7538 7539 7540
f 7540 7539 7541
f 9971 7541 7542
f 7540 7542 7543
f 7540 7543 7544
f 7544 7543 7545
f 7545 7543 7546
f 7545 7546 7547
f 7547 7546 7548
f 7547 7548 7549
f 7549 7548 7550
f 7550 7548 7551
f 7551 7548 7546
f 7551 7546 7552
f 7552 7546 7543
f 7552 7543 7542
f 7549 7550 7553
f 7553 7550 7519
f 7553 7519 7518
f 7518 7549 7553
f 9968 7519 7554
f 7554 7519 7555
f 7554 7555 7514
f 7513 7556 7514
f 7514 7556 7554
f 7556 7518 7554
f 7556 7545 7518
f 7518 7545 7547
f 7518 7547 7549
f 7513 7532 7556
f 7556 7532 7534
f 7556 7534 7545
f 7545 7534 7536
f 7545 7536 7544
f 7544 7536 7538
f 7544 7538 7540
f 7557 7558 7559
f 7559 7558 7560
f 7559 7560 7561
f 7561 7560 7562
f 7561 7562 7563
f 7563 7562 7564
f 7563 7564 7565
f 7565 7564 7566
f 7565 7566 7567
f 7568 9972 7566
f 7568 7569 7567
f 7567 7569 7570
f 7567 7570 7571
f 7571 7570 7572
f 7573 9973 7570
f 7573 7570 7569
f 7572 7573 7574
f 7574 7573 7575
f 7574 7575 7576
f 7576 7572 7574
f 7576 7575 7577
f 7577 7575 7578
f 7577 7578 7579
f 7579 7578 7580
f 7579 7580 7581
f 7581 7580 7582
f 7581 7582 7558
f 9974 7557 7583
f 7558 7583 7581
f 7583 7584 7581
f 7581 7584 7579
f 7584 7585 7579
f 7579 7585 7577
f 7585 7576 7577
f 7576 7585 7572
f 7572 7585 7584
f 7572 7584 7571
f 7571 7584 7563
f 7571 7563 7565
f 7563 7584 7561
f 7561 7584 7583
f 7561 7583 7559
f 7559 7583 7557
f 7565 7567 7571
f 9972 7568 7586
f 7586 7568 7587
f 7586 7587 7588
f 7588 7587 7589
f 7588 7589 7590
f 7590 7589 7591
f 7590 7591 7592
f 7592 7591 7593
f 7592 7593 7594
f 7594 7593 7595
f 9975 7595 7596
f 7594 7596 7597
f 7594 7597 7598
f 7598 7597 7599
f 7599 7597 7600
f 7599 7600 7601
f 7601 7600 7602
f 7601 7602 7603
f 7603 7602 7604
f 7604 7602 7605
f 7605 7602 7600
f 7605 7600 7606
f 7606 7600 7597
f 7606 7597 7596
f 7603 7604 7607
f 7607 7604 7573
f 7607 7573 7572
f 7572 7603 7607
f 9973 7573 7608
f 7608 7573 7609
f 7608 7609 7568
f 7567 7610 7568
f 7568 7610 7608
f 7610 7572 7608
f 7610 7599 7572
f 7572 7599 7601
f 7572 7601 7603
f 7567 7586 7610
f 7610 7586 7588
f 7610 7588 7599
f 7599 7588 7590
f 7599 7590 7598
f 7598 7590 7592
f 7598 7592 7594
f 7611 7612 7613
f 7613 7612 7614
f 7613 7614 7615
f 7615 7614 7616
f 7615 7616 7617
f 7617 7616 7618
f 9976 7618 7619
f 7617 7619 7620
f 7617 7620 7621
f 7621 7620 7622
f 7622 7620 7623
f 7622 7623 7624
f 7624 7623 7625
f 7624 7625 7626
f 7626 7625 7627
f 7627 7625 7628
f 7628 7625 7623
f 7628 7623 7629
f 7629 7623 7620
f 7629 7620 7619
f 9977 7627 7630
f 7630 7627 7631
f 7630 7631 7632
f 7632 7631 7633
f 7632 7633 7634
f 7634 7633 7635
f 7634 7635 7636
f 7636 9978 7634
f 7634 7637 7638
f 7634 7638 7639
f 7634 7639 7632
f 7632 7639 7640
f 7632 7640 7630
f 7630 7640 7626
f 7637 7636 7641
f 7641 7636 7642
f 7641 7642 7643
f 7643 7642 7644
f 7643 7644 7645
f 7645 7644 7646
f 7645 7646 7612
f 9979 7611 7647
f 7612 7647 7645
f 7647 7648 7645
f 7645 7648 7643
f 7648 7649 7643
f 7643 7649 7641
f 7649 7637 7641
f 7637 7649 7638
f 7638 7649 7648
f 7638 7648 7639
f 7639 7648 7622
f 7639 7622 7640
f 7640 7622 7624
f 7640 7624 7626
f 7648 7647 7622
f 7622 7647 7621
f 7621 7647 7613
f 7621 7613 7615
f 7647 7611 7613
f 7615 7617 7621
f 7650 7651 7652
f 7652 7651 7653
f 7652 7653 7654
f 7654 7653 7655
f 7654 7655 7656
f 7656 7655 7657
f 9980 7657 7658
f 7658 7657 7659
f 7658 7659 7660
f 7660 7659 7661
f 7660 7661 7662
f 7662 7661 7663
f 7662 7663 7664
f 7665 7666 7664
f 7664 7666 7662
f 7666 7667 7662
f 7662 7667 7660
f 7667 7668 7660
f 7660 7668 7658
f 7668 7656 7658
f 9983 7664 7669
f 7665 7669 7670
f 7665 7670 7671
f 7671 7670 7672
f 7672 7670 7673
f 7672 7673 7674
f 7674 7673 7675
f 7674 7675 7650
f 9981 7650 7675
f 7651 7675 7676
f 7676 7675 7673
f 7676 7673 7677
f 7677 7673 7670
f 7677 7670 7669
f 7665 7671 7666
f 7666 7671 7667
f 7667 7671 7672
f 7667 7672 7668
f 7668 7672 7674
f 7668 7674 7654
f 7654 7674 7652
f 7652 7674 7650
f 7654 7656 7668
f 7678 7679 7680
f 7680 7679 7681
f 7680 7681 7682
f 7682 7681 7683
f 7682 7683 7684
f 7684 7683 7685
f 9982 7685 7686
f 7686 7685 7687
f 7686 7687 7688
f 7688 7687 7689
f 7688 7689 7690
f 7690 7689 7691
f 7690 7691 7664
f 7664 9983 7692
f 7664 7692 7690
f 7692 7693 7690
f 7690 7693 7688
f 7693 7694 7688
f 7688 7694 7686
f 7694 7684 7686
f 7664 7695 7665
f 7665 7695 7696
f 7665 7696 7697
f 7697 7696 7698
f 7698 7696 7699
f 7698 7699 7700
f 7700 7699 7701
f 7700 7701 7678
f 9984 7678 7701
f 7679 7701 7702
f 7702 7701 7699
f 7702 7699 7703
f 7703 7699 7696
f 7703 7696 7695
f 7665 7697 7692
f 7692 7697 7698
f 7692 7698 7693
f 7693 7698 7700
f 7693 7700 7694
f 7694 7700 7680
f 7694 7680 7682
f 7700 7678 7680
f 7682 7684 7694
f 7685 7704 7684
f 7684 7704 7705
f 7684 7705 7706
f 7706 7705 7707
f 7707 7705 7708
f 7707 7708 7709
f 7709 7708 7710
f 7709 7710 7711
f 7711 7710 7712
f 7712 7710 7713
f 7713 7710 7708
f 7713 7708 7714
f 7714 7708 7705
f 7714 7705 7704
f 9985 7712 7715
f 7715 7712 7716
f 7715 7716 7717
f 7717 7716 7718
f 7717 7718 7719
f 7719 7718 7720
f 7719 7720 7721
f 7721 9986 7719
f 7719 7722 7723
f 7719 7723 7724
f 7719 7724 7717
f 7717 7724 7725
f 7717 7725 7715
f 7715 7725 7711
f 7722 7721 7726
f 7726 7721 7727
f 7726 7727 7728
f 7728 7727 7729
f 7728 7729 7730
f 7730 7729 7731
f 7730 7731 7651
f 7650 7732 7651
f 7651 7732 7730
f 7732 7733 7730
f 7730 7733 7728
f 7733 7734 7728
f 7728 7734 7726
f 7734 7722 7726
f 7650 9981 7735
f 7735 7651 7736
f 7735 7736 7737
f 7737 7736 7738
f 7737 7738 7684
f 7685 9982 7738
f 7650 7735 7732
f 7732 7735 7737
f 7732 7737 7706
f 7706 7737 7684
f 7732 7706 7733
f 7733 7706 7707
f 7733 7707 7724
f 7724 7707 7725
f 7725 7707 7709
f 7725 7709 7711
f 7724 7723 7733
f 7733 7723 7734
f 7734 7723 7722
f 7739 7740 7741
f 7741 7740 7742
f 7741 7742 7743
f 7743 7742 7744
f 7745 9987 7742
f 7745 7742 7740
f 7744 7745 7746
f 7746 7745 7747
f 7746 7747 7748
f 7748 7744 7746
f 7748 7747 7749
f 7749 7747 7750
f 7749 7750 7751
f 7751 7750 7752
f 7751 7752 7753
f 7753 7752 7754
f 7753 7754 7679
f 7678 7755 7679
f 7679 7755 7753
f 7755 7756 7753
f 7753 7756 7751
f 7756 7757 7751
f 7751 7757 7749
f 7757 7748 7749
f 7678 9984 7758
f 7758 7679 7759
f 7758 7759 7760
f 7760 7759 7761
f 7760 7761 7762
f 7762 7761 7763
f 7762 7763 7764
f 7764 7763 7765
f 7764 7765 7741
f 10000 7741 7765
f 7678 7758 7755
f 7755 7758 7760
f 7755 7760 7756
f 7756 7760 7762
f 7756 7762 7743
f 7743 7762 7764
f 7743 7764 7741
f 7743 7744 7756
f 7756 7744 7757
f 7757 7744 7748
f 7711 7712 7766
f 7766 7712 7767
f 7766 7767 7768
f 7768 7767 7769
f 7768 7769 7770
f 7770 7769 7771
f 7770 7771 7772
f 7773 7774 7772
f 7772 7774 7770
f 7774 7775 7770
f 7770 7775 7768
f 7775 7776 7768
f 7768 7776 7766
f 7776 7711 7766
f 7772 7777 7773
f 7773 7777 7778
f 7773 7778 7779
f 7779 7778 7780
f 7780 7778 7781
f 7780 7781 7782
f 7782 7781 7783
f 7782 7783 7784
f 7784 7783 7785
f 7784 7785 7786
f 7786 7785 7787
f 7786 7787 7788
f 7788 7787 7789
f 7788 7789 7790
f 7790 7789 7791
f 7790 7791 7792
f 7793 9988 7791
f 7793 7791 7794
f 7794 7791 7789
f 7794 7789 7795
f 7795 7789 7787
f 7795 7787 7796
f 7796 7787 7785
f 7796 7785 7797
f 7797 7785 7783
f 7797 7783 7798
f 7798 7783 7781
f 7798 7781 7799
f 7799 7781 7778
f 7799 7778 7777
f 9988 7793 7800
f 7800 7793 7801
f 7800 7801 7802
f 7802 7801 7803
f 7802 7803 7804
f 7804 7803 7805
f 7804 7805 7712
f 7712 9985 7806
f 7712 7806 7804
f 7806 7807 7804
f 7804 7807 7802
f 7807 7808 7802
f 7802 7808 7800
f 7808 7792 7800
f 7792 7808 7790
f 7790 7808 7788
f 7788 7808 7807
f 7788 7807 7786
f 7786 7807 7775
f 7786 7775 7784
f 7784 7775 7782
f 7782 7775 7774
f 7782 7774 7780
f 7780 7774 7779
f 7779 7774 7773
f 7775 7807 7776
f 7776 7807 7806
f 7776 7806 7711
f 7811 9989 7810
f 7811 7810 7812
f 7811 7812 7813
f 7813 7812 7814
f 7814 7812 7815
f 7815 7812 7816
f 7815 7816 7817
f 7817 7816 7818
f 7817 7818 7819
f 7819 7818 7820
f 7819 7820 7821
f 7821 7820 7822
f 7821 7822 7823
f 7823 7822 7824
f 7823 7824 7825
f 7810 7826 7812
f 7812 7826 7827
f 7812 7827 7816
f 7816 7827 7828
f 7816 7828 7818
f 7818 7828 7829
f 7818 7829 7820
f 7820 7829 7830
f 7820 7830 7822
f 7822 7830 7831
f 7822 7831 7824
f 7824 7832 7825
f 7825 7832 7833
f 7825 7833 7834
f 7834 7833 7835
f 7835 7833 7836
f 7835 7836 7837
f 7837 7836 7838
f 7837 7838 7722
f 7722 7838 7721
f 7721 7838 7839
f 7839 7838 7836
f 7839 7836 7840
f 7840 7836 7833
f 7840 7833 7832
f 9986 7721 7841
f 7722 7841 7842
f 7722 7842 7843
f 7843 7842 7844
f 7844 7842 7845
f 7844 7845 7846
f 7846 7845 7847
f 7846 7847 7811
f 9989 7811 7847
f 7809 7847 7848
f 7848 7847 7845
f 7848 7845 7849
f 7849 7845 7842
f 7849 7842 7841
f 7722 7843 7837
f 7837 7843 7844
f 7837 7844 7835
f 7835 7844 7815
f 7835 7815 7817
f 7815 7844 7814
f 7814 7844 7846
f 7814 7846 7813
f 7813 7846 7811
f 7817 7819 7835
f 7835 7819 7834
f 7834 7819 7821
f 7834 7821 7823
f 7823 7825 7834
f 7793 7850 7792
f 7792 7850 7851
f 7792 7851 7852
f 7852 7851 7853
f 7853 7851 7854
f 7853 7854 7855
f 7855 7854 7856
f 7855 7856 7857
f 7857 7856 7858
f 7857 7858 7859
f 7859 7858 7860
f 7859 7860 7861
f 7861 7860 7862
f 7861 7862 7863
f 7863 7862 7864
f 7863 7864 7865
f 7866 9992 7864
f 7866 7864 7867
f 7867 7864 7862
f 7867 7862 7868
f 7868 7862 7860
f 7868 7860 7869
f 7869 7860 7858
f 7869 7858 7870
f 7870 7858 7856
f 7870 7856 7871
f 7871 7856 7854
f 7871 7854 7872
f 7872 7854 7851
f 7872 7851 7850
f 7865 7866 7873
f 7873 7866 7874
f 7873 7874 7875
f 7875 7874 7876
f 7875 7876 7877
f 7877 7876 7878
f 7877 7878 7879
f 7879 7878 7880
f 7879 7880 7881
f 7881 7880 7882
f 7881 7882 7883
f 7883 7882 7884
f 7883 7884 7885
f 7885 7884 7886
f 7885 7886 7809
f 7811 7887 7809
f 7809 7887 7885
f 7887 7888 7885
f 7885 7888 7883
f 7888 7889 7883
f 7883 7889 7881
f 7889 7890 7881
f 7881 7890 7879
f 7890 7891 7879
f 7879 7891 7877
f 7891 7892 7877
f 7877 7892 7875
f 7892 7893 7875
f 7875 7893 7873
f 7893 7865 7873
f 7809 7894 7811
f 7811 7894 7895
f 7895 7894 7896
f 7895 7896 7897
f 7897 7896 7898
f 7898 7896 7899
f 7898 7899 7900
f 7900 7899 7901
f 7900 7901 7902
f 7902 7901 7903
f 7902 7903 7904
f 7904 7903 7905
f 7904 7905 7906
f 7906 7905 7793
f 7906 7793 7792
f 7894 7907 7896
f 7896 7907 7908
f 7896 7908 7899
f 7899 7908 7909
f 7899 7909 7901
f 7901 7909 7910
f 7901 7910 7903
f 7903 7910 7911
f 7903 7911 7905
f 7905 7911 7912
f 7905 7912 7793
f 7811 7895 7887
f 7887 7895 7897
f 7887 7897 7888
f 7888 7897 7898
f 7888 7898 7889
f 7889 7898 7900
f 7889 7900 7890
f 7890 7900 7857
f 7890 7857 7891
f 7891 7857 7859
f 7891 7859 7892
f 7892 7859 7861
f 7892 7861 7893
f 7893 7861 7863
f 7893 7863 7865
f 7857 7900 7855
f 7855 7900 7902
f 7855 7902 7853
f 7853 7902 7904
f 7853 7904 7852
f 7852 7904 7906
f 7852 7906 7792
f 7915 9993 7914
f 7915 7914 7916
f 7915 7916 7917
f 7917 7916 7918
f 7918 7916 7919
f 7918 7919 7920
f 7920 7919 7921
f 7920 7921 7922
f 7922 7921 7923
f 7922 7923 7924
f 7924 7923 7925
f 7924 7925 7926
f 7926 7925 7927
f 7926 7927 7928
f 7928 7927 7929
f 7928 7929 7865
f 7866 9991 7929
f 7866 7929 7930
f 7930 7929 7927
f 7930 7927 7931
f 7931 7927 7925
f 7931 7925 7932
f 7932 7925 7923
f 7932 7923 7933
f 7933 7923 7921
f 7933 7921 7934
f 7934 7921 7919
f 7934 7919 7935
f 7935 7919 7916
f 7935 7916 7914
f 9991 7866 7936
f 7936 7866 7937
f 7936 7937 7938
f 7938 7937 7939
f 7938 7939 7940
f 7940 7939 7941
f 7940 7941 7942
f 7942 7941 7943
f 7942 7943 7944
f 7944 7943 7945
f 7944 7945 7946
f 7946 7945 7947
f 7946 7947 7948
f 7948 7947 7949
f 7948 7949 7950
f 7950 9994 7952
f 7950 7952 7948
f 7952 7953 7948
f 7948 7953 7946
f 7953 7954 7946
f 7946 7954 7944
f 7954 7955 7944
f 7944 7955 7942
f 7955 7956 7942
f 7942 7956 7940
f 7956 7957 7940
f 7940 7957 7938
f 7957 7958 7938
f 7938 7958 7936
f 7958 7865 7936
f 9994 7950 7959
f 7951 7959 7960
f 7960 7959 7961
f 7960 7961 7962
f 7962 7961 7963
f 7963 7961 7964
f 7963 7964 7965
f 7965 7964 7966
f 7965 7966 7967
f 7967 7966 7968
f 7967 7968 7969
f 7969 7968 7970
f 7969 7970 7971
f 7971 7970 7913
f 9993 7915 7971
f 7959 7972 7961
f 7961 7972 7973
f 7961 7973 7964
f 7964 7973 7974
f 7964 7974 7966
f 7966 7974 7975
f 7966 7975 7968
f 7968 7975 7976
f 7968 7976 7970
f 7970 7976 7977
f 7970 7977 7913
f 7951 7960 7952
f 7952 7960 7962
f 7952 7962 7953
f 7953 7962 7963
f 7953 7963 7954
f 7954 7963 7965
f 7954 7965 7955
f 7955 7965 7922
f 7955 7922 7924
f 7922 7965 7920
f 7920 7965 7967
f 7920 7967 7918
f 7918 7967 7969
f 7918 7969 7917
f 7917 7969 7971
f 7917 7971 7915
f 7955 7924 7956
f 7956 7924 7926
f 7956 7926 7957
f 7957 7926 7928
f 7957 7928 7958
f 7958 7928 7865
f 7980 9996 7979
f 7980 7979 7981
f 7981 7979 7982
f 7981 7982 7983
f 7983 7982 7984
f 7984 7982 7985
f 7984 7985 7986
f 7986 7985 7987
f 7986 7987 7988
f 7988 7987 7989
f 7988 7989 7990
f 7990 7989 7991
f 7990 7991 7992
f 7992 7991 7993
f 7993 9995 7992
f 7979 7995 7982
f 7982 7995 7996
f 7982 7996 7985
f 7985 7996 7997
f 7985 7997 7987
f 7987 7997 7998
f 7987 7998 7989
f 7989 7998 7999
f 7989 7999 7991
f 7991 7999 8000
f 7991 8000 7993
f 9995 7993 8001
f 7994 8001 8002
f 7994 8002 8003
f 8003 8002 8004
f 8004 8002 8005
f 8004 8005 8006
f 8006 8005 8007
f 8006 8007 8008
f 8008 8007 8009
f 8008 8009 8010
f 8010 8009 8011
f 8010 8011 8012
f 8012 8011 8013
f 8012 8013 8014
f 8014 8013 8015
f 8014 8015 7865
f 7866 9990 8015
f 7866 8015 8016
f 8016 8015 8013
f 8016 8013 8017
f 8017 8013 8011
f 8017 8011 8018
f 8018 8011 8009
f 8018 8009 8019
f 8019 8009 8007
f 8019 8007 8020
f 8020 8007 8005
f 8020 8005 8021
f 8021 8005 8002
f 8021 8002 8001
f 9990 7866 8022
f 8022 7866 8023
f 8022 8023 8024
f 8024 8023 8025
f 8024 8025 8026
f 8026 8025 8027
f 8026 8027 8028
f 8028 8027 8029
f 8028 8029 8030
f 8030 8029 8031
f 8030 8031 8032
f 8032 8031 8033
f 8032 8033 8034
f 8034 8033 8035
f 8034 8035 7978
f 9996 7980 8036
f 7978 8036 8034
f 8036 8037 8034
f 8034 8037 8032
f 8037 8038 8032
f 8032 8038 8030
f 8038 8039 8030
f 8030 8039 8028
f 8039 8040 8028
f 8028 8040 8026
f 8040 8041 8026
f 8026 8041 8024
f 8041 8042 8024
f 8024 8042 8022
f 8042 7865 8022
f 7865 8042 8014
f 8014 8042 8012
f 8012 8042 8041
f 8012 8041 8010
f 8010 8041 8040
f 8010 8040 8008
f 8008 8040 8039
f 8008 8039 7986
f 7986 8039 8038
f 7986 8038 7984
f 7984 8038 8037
f 7984 8037 7983
f 7983 8037 8036
f 7983 8036 7981
f 7981 8036 7980
f 8008 7986 8006
f 8006 7986 7988
f 8006 7988 8004
f 8004 7988 7990
f 8004 7990 8003
f 8003 7990 7992
f 8003 7992 7994
f 8045 9998 8044
f 8045 8044 8046
f 8046 8044 8047
f 8046 8047 8048
f 8048 8047 8049
f 8049 8047 8050
f 8049 8050 8051
f 8051 8050 8052
f 8051 8052 8053
f 8053 8052 8054
f 8053 8054 8055
f 8055 8054 8056
f 8055 8056 8057
f 8057 8056 8058
f 8058 9997 8057
f 8044 8060 8047
f 8047 8060 8061
f 8047 8061 8050
f 8050 8061 8062
f 8050 8062 8052
f 8052 8062 8063
f 8052 8063 8054
f 8054 8063 8064
f 8054 8064 8056
f 8056 8064 8065
f 8056 8065 8058
f 9997 8058 8066
f 8059 8066 8067
f 8059 8067 8068
f 8068 8067 8069
f 8069 8067 8070
f 8069 8070 8071
f 8071 8070 8072
f 8071 8072 8073
f 8073 8072 8074
f 8073 8074 8075
f 8075 8074 8076
f 8075 8076 8077
f 8077 8076 8078
f 8077 8078 8079
f 8079 8078 8080
f 8079 8080 7865
f 7865 8080 7866
f 7866 8080 8081
f 8081 8080 8078
f 8081 8078 8082
f 8082 8078 8076
f 8082 8076 8083
f 8083 8076 8074
f 8083 8074 8084
f 8084 8074 8072
f 8084 8072 8085
f 8085 8072 8070
f 8085 8070 8086
f 8086 8070 8067
f 8086 8067 8066
f 9992 7866 8087
f 8087 7866 8088
f 8087 8088 8089
f 8089 8088 8090
f 8089 8090 8091
f 8091 8090 8092
f 8091 8092 8093
f 8093 8092 8094
f 8093 8094 8095
f 8095 8094 8096
f 8095 8096 8097
f 8097 8096 8098
f 8097 8098 8099
f 8099 8098 8100
f 8099 8100 8043
f 9998 8045 8101
f 8043 8101 8099
f 8101 8102 8099
f 8099 8102 8097
f 8102 8103 8097
f 8097 8103 8095
f 8103 8104 8095
f 8095 8104 8093
f 8104 8105 8093
f 8093 8105 8091
f 8105 8106 8091
f 8091 8106 8089
f 8106 8107 8089
f 8089 8107 8087
f 8107 7865 8087
f 7865 8107 8079
f 8079 8107 8106
f 8079 8106 8077
f 8077 8106 8105
f 8077 8105 8075
f 8075 8105 8104
f 8075 8104 8073
f 8073 8104 8051
f 8073 8051 8071
f 8071 8051 8053
f 8071 8053 8069
f 8069 8053 8055
f 8069 8055 8068
f 8068 8055 8057
f 8068 8057 8059
f 8104 8103 8051
f 8051 8103 8049
f 8049 8103 8102
f 8049 8102 8048
f 8048 8102 8101
f 8048 8101 8046
f 8046 8101 8045
f 8043 8108 8045
f 8045 8108 8109
f 8045 8109 8110
f 8110 8109 8111
f 8111 8109 8112
f 8112 8109 8113
f 8112 8113 8114
f 8114 8113 8115
f 8114 8115 8116
f 8116 8115 8117
f 8116 8117 8118
f 8118 8117 8119
f 8118 8119 8120
f 8120 8119 8121
f 8120 8121 8122
f 8108 8123 8109
f 8109 8123 8124
f 8109 8124 8113
f 8113 8124 8125
f 8113 8125 8115
f 8115 8125 8126
f 8115 8126 8117
f 8117 8126 8127
f 8117 8127 8119
f 8119 8127 8128
f 8119 8128 8121
f 8121 8129 8122
f 8122 8129 8130
f 8122 8130 8131
f 8131 8130 8132
f 8132 8130 8133
f 8132 8133 8134
f 8134 8133 8135
f 8134 8135 8136
f 8137 9999 8135
f 8137 8135 8138
f 8138 8135 8133
f 8138 8133 8139
f 8139 8133 8130
f 8139 8130 8129
f 8137 8140 8136
f 8136 8140 8141
f 8136 8141 8142
f 8142 8141 8143
f 8143 8141 8144
f 8143 8144 8145
f 8145 8144 8146
f 8145 8146 8045
f 8045 8146 8043
f 8043 8146 8147
f 8147 8146 8144
f 8147 8144 8148
f 8148 8144 8141
f 8148 8141 8140
f 8136 8142 8134
f 8134 8142 8143
f 8134 8143 8132
f 8132 8143 8112
f 8132 8112 8114
f 8112 8143 8111
f 8111 8143 8145
f 8111 8145 8110
f 8110 8145 8045
f 8114 8116 8132
f 8132 8116 8131
f 8131 8116 8118
f 8131 8118 8120
f 8120 8122 8131
f 7741 10000 8149
f 8149 7739 8150
f 8149 8150 8151
f 8151 8150 8152
f 8151 8152 8153
f 8153 8152 8154
f 8153 8154 8155
f 8155 8154 8156
f 8155 8156 8157
f 8157 8156 8158
f 10001 8158 8159
f 8157 8159 8160
f 8157 8160 8161
f 8161 8160 8162
f 8162 8160 8163
f 8162 8163 8164
f 8164 8163 8165
f 8164 8165 8166
f 8166 8165 8167
f 8167 8165 8168
f 8168 8165 8163
f 8168 8163 8169
f 8169 8163 8160
f 8169 8160 8159
f 8166 8167 8170
f 8170 8167 7745
f 8170 7745 7744
f 7744 8166 8170
f 9987 7745 8171
f 8171 7745 8172
f 8171 8172 7739
f 7741 8173 7739
f 7739 8173 8171
f 8173 7744 8171
f 8173 8162 7744
f 7744 8162 8164
f 7744 8164 8166
f 7741 8149 8173
f 8173 8149 8151
f 8173 8151 8162
f 8162 8151 8153
f 8162 8153 8161
f 8161 8153 8155
f 8161 8155 8157
f 8176 10002 8175
f 8176 8175 8177
f 8176 8177 8178
f 8178 8177 8179
f 8179 8177 8180
f 8179 8180 8181
f 8181 8180 8182
f 8181 8182 8183
f 8183 8182 8184
f 8184 8182 8185
f 8185 8182 8180
f 8185 8180 8186
f 8186 8180 8177
f 8186 8177 8175
f 10003 8184 8187
f 8187 8184 8188
f 8187 8188 8189
f 8189 8188 8190
f 8189 8190 8191
f 8191 8190 8192
f 8191 8192 8137
f 8137 8136 8191
f 8191 8136 8193
f 8191 8193 8194
f 8191 8194 8189
f 8189 8194 8195
f 8189 8195 8187
f 8187 8195 8183
f 9999 8137 8196
f 8196 8137 8197
f 8196 8197 8198
f 8198 8197 8199
f 8198 8199 8200
f 8200 8199 8201
f 8200 8201 8202
f 8202 10004 8204
f 8202 8204 8200
f 8204 8205 8200
f 8200 8205 8198
f 8205 8206 8198
f 8198 8206 8196
f 8206 8136 8196
f 8203 8202 8207
f 8207 8202 8208
f 8207 8208 8209
f 8209 8208 8210
f 8209 8210 8176
f 8176 8210 8174
f 8203 8207 8204
f 8204 8207 8178
f 8204 8178 8179
f 8207 8209 8178
f 8178 8209 8176
f 8181 8195 8179
f 8179 8195 8194
f 8179 8194 8205
f 8205 8194 8193
f 8205 8193 8206
f 8206 8193 8136
f 8181 8183 8195
f 8205 8204 8179
f 10004 8202 8211
f 8211 8202 8212
f 8211 8212 8213
f 8213 8212 8214
f 8213 8214 8157
f 8158 10001 8214
f 8157 8158 8215
f 8215 8158 8216
f 8215 8216 8217
f 8217 8216 8218
f 8217 8218 8219
f 8219 8218 8220
f 8219 8220 8221
f 8221 10005 8223
f 8221 8223 8219
f 8223 8224 8219
f 8219 8224 8217
f 8224 8225 8217
f 8217 8225 8215
f 8225 8157 8215
f 8221 8226 8222
f 8222 8226 8227
f 8222 8227 8228
f 8228 8227 8229
f 8229 8227 8230
f 8229 8230 8231
f 8231 8230 8232
f 8231 8232 8203
f 8203 8232 8202
f 8202 8232 8233
f 8233 8232 8230
f 8233 8230 8234
f 8234 8230 8227
f 8234 8227 8226
f 8222 8228 8223
f 8223 8228 8224
f 8224 8228 8229
f 8224 8229 8225
f 8225 8229 8231
f 8225 8231 8213
f 8213 8231 8211
f 8211 8231 8203
f 8213 8157 8225
f 10005 8221 8235
f 8222 8235 8236
f 8222 8236 8237
f 8237 8236 8238
f 8238 8236 8239
f 8238 8239 8240
f 8240 8239 8241
f 8240 8241 7503
f 7503 8241 7504
f 7504 8241 8242
f 8242 8241 8239
f 8242 8239 8243
f 8243 8239 8236
f 8243 8236 8235
f 7503 9969 8244
f 8244 7504 8245
f 8244 8245 8246
f 8246 8245 8247
f 8246 8247 8176
f 10002 8176 8247
f 8176 8174 8248
f 8248 8174 8249
f 8248 8249 8250
f 8250 8249 8251
f 8250 8251 8252
f 8252 8251 8253
f 8252 8253 8221
f 8222 8254 8221
f 8221 8254 8252
f 8254 8255 8252
f 8252 8255 8250
f 8255 8256 8250
f 8250 8256 8248
f 8256 8176 8248
f 8176 8256 8246
f 8246 8256 8244
f 8244 8256 8240
f 8244 8240 7503
f 8256 8255 8240
f 8240 8255 8238
f 8238 8255 8254
f 8238 8254 8237
f 8237 8254 8222
f 8183 8184 8257
f 8257 8184 8258
f 8257 8258 8259
f 8259 8258 8260
f 8259 8260 8261
f 8261 8260 8262
f 8261 8262 8263
f 8264 8265 8263
f 8263 8265 8261
f 8265 8266 8261
f 8261 8266 8259
f 8266 8267 8259
f 8259 8267 8257
f 8267 8183 8257
f 8263 8268 8264
f 8264 8268 8269
f 8264 8269 8270
f 8270 8269 8271
f 8271 8269 8272
f 8271 8272 8273
f 8273 8272 8274
f 8273 8274 8275
f 8275 8274 8276
f 8275 8276 8277
f 8277 8276 8278
f 8277 8278 8279
f 8279 8278 8280
f 8279 8280 8281
f 8281 8280 8282
f 8281 8282 8059
f 8059 8282 8058
f 8058 8282 8283
f 8283 8282 8280
f 8283 8280 8284
f 8284 8280 8278
f 8284 8278 8285
f 8285 8278 8276
f 8285 8276 8286
f 8286 8276 8274
f 8286 8274 8287
f 8287 8274 8272
f 8287 8272 8288
f 8288 8272 8269
f 8288 8269 8268
f 8059 8058 8289
f 8289 8058 8290
f 8289 8290 8291
f 8291 8290 8292
f 8291 8292 8293
f 8293 8292 8294
f 8293 8294 8184
f 8184 10003 8295
f 8184 8295 8293
f 8295 8296 8293
f 8293 8296 8291
f 8296 8297 8291
f 8291 8297 8289
f 8297 8059 8289
f 8059 8297 8281
f 8281 8297 8279
f 8279 8297 8296
f 8279 8296 8277
f 8277 8296 8266
f 8277 8266 8275
f 8275 8266 8273
f 8273 8266 8265
f 8273 8265 8271
f 8271 8265 8270
f 8270 8265 8264
f 8266 8296 8267
f 8267 8296 8295
f 8267 8295 8183
f 8298 8299 8300
f 8300 8299 8301
f 8300 8301 8302
f 8302 8301 8303
f 8302 8303 8304
f 8304 8303 8305
f 8304 8305 8306
f 8306 10006 8308
f 8306 8308 8304
f 8308 8309 8304
f 8304 8309 8302
f 8309 8310 8302
f 8302 8310 8300
f 8310 8298 8300
f 8307 8306 8311
f 8311 8306 8312
f 8311 8312 8313
f 8313 8312 8314
f 8313 8314 8315
f 8315 8314 8316
f 10007 8316 8317
f 8315 8317 8318
f 8315 8318 8319
f 8319 8318 8320
f 8320 8318 8321
f 8320 8321 8322
f 8322 8321 8323
f 8322 8323 8324
f 8324 8323 8325
f 8325 8323 8326
f 8326 8323 8321
f 8326 8321 8327
f 8327 8321 8318
f 8327 8318 8317
f 10008 8325 8328
f 8328 8325 8329
f 8328 8329 8330
f 8330 8329 8331
f 8330 8331 8332
f 8332 8331 8333
f 8332 8333 8299
f 10009 8298 8332
f 8332 8298 8334
f 8332 8334 8335
f 8332 8335 8330
f 8330 8335 8336
f 8330 8336 8328
f 8328 8336 8324
f 8324 8336 8322
f 8322 8336 8320
f 8320 8336 8335
f 8320 8335 8309
f 8309 8335 8334
f 8309 8334 8310
f 8310 8334 8298
f 8320 8309 8319
f 8319 8309 8308
f 8319 8308 8313
f 8313 8308 8311
f 8311 8308 8307
f 8313 8315 8319
f 8337 8338 8339
f 8339 8338 8340
f 8339 8340 8341
f 8341 8340 8342
f 8342 8340 8343
f 8342 8343 8344
f 8344 8343 8345
f 8344 8345 8298
f 8298 8345 8299
f 8299 8345 8346
f 8346 8345 8343
f 8346 8343 8347
f 8347 8343 8340
f 8347 8340 8338
f 8298 10009 8348
f 8298 8348 8349
f 8298 8349 8350
f 8350 8349 8351
f 8351 8349 8352
f 8351 8352 8353
f 8353 8352 8354
f 8353 8354 7980
f 7980 8354 7978
f 7978 8354 8355
f 8355 8354 8352
f 8355 8352 8356
f 8356 8352 8349
f 8356 8349 8348
f 7978 8357 7980
f 7980 8357 8358
f 7980 8358 8359
f 8359 8358 8360
f 8360 8358 8361
f 8361 8358 8362
f 8361 8362 8363
f 8363 8362 8364
f 8363 8364 8365
f 8365 8364 8366
f 8365 8366 8367
f 8367 8366 8368
f 8367 8368 8369
f 8369 8368 8337
f 8369 8337 8339
f 8357 8370 8358
f 8358 8370 8371
f 8358 8371 8362
f 8362 8371 8372
f 8362 8372 8364
f 8364 8372 8373
f 8364 8373 8366
f 8366 8373 8374
f 8366 8374 8368
f 8368 8374 8375
f 8368 8375 8337
f 7980 8359 8353
f 8353 8359 8360
f 8353 8360 8351
f 8351 8360 8361
f 8351 8361 8342
f 8342 8361 8363
f 8342 8363 8365
f 8342 8365 8341
f 8341 8365 8367
f 8341 8367 8369
f 8369 8339 8341
f 8342 8344 8351
f 8351 8344 8350
f 8350 8344 8298
f 8324 8325 8376
f 8376 8325 8377
f 8376 8377 8378
f 8378 8377 8379
f 8378 8379 8380
f 8380 8379 8381
f 8380 8381 8382
f 8383 8384 8382
f 8382 8384 8380
f 8384 8385 8380
f 8380 8385 8378
f 8385 8386 8378
f 8378 8386 8376
f 8386 8324 8376
f 8382 8387 8383
f 8383 8387 8388
f 8383 8388 8389
f 8389 8388 8390
f 8390 8388 8391
f 8390 8391 8392
f 8392 8391 8393
f 8392 8393 8394
f 8394 8393 8395
f 8394 8395 8396
f 8396 8395 8397
f 8396 8397 8398
f 8398 8397 8399
f 8398 8399 8400
f 8400 8399 8401
f 8400 8401 7994
f 7994 8401 7993
f 7993 8401 8402
f 8402 8401 8399
f 8402 8399 8403
f 8403 8399 8397
f 8403 8397 8404
f 8404 8397 8395
f 8404 8395 8405
f 8405 8395 8393
f 8405 8393 8406
f 8406 8393 8391
f 8406 8391 8407
f 8407 8391 8388
f 8407 8388 8387
f 7994 7993 8408
f 8408 7993 8409
f 8408 8409 8410
f 8410 8409 8411
f 8410 8411 8412
f 8412 8411 8413
f 8412 8413 8325
f 8325 10008 8414
f 8325 8414 8412
f 8414 8415 8412
f 8412 8415 8410
f 8415 8416 8410
f 8410 8416 8408
f 8416 7994 8408
f 7994 8416 8400
f 8400 8416 8398
f 8398 8416 8415
f 8398 8415 8396
f 8396 8415 8385
f 8396 8385 8394
f 8394 8385 8392
f 8392 8385 8384
f 8392 8384 8390
f 8390 8384 8389
f 8389 8384 8383
f 8385 8415 8386
f 8386 8415 8414
f 8386 8414 8324
f 8417 8418 8419
f 8419 8418 8420
f 8419 8420 8421
f 8421 8420 8422
f 8422 8420 8423
f 8422 8423 8424
f 8424 8423 8425
f 8424 8425 7557
f 7557 8425 7558
f 7558 8425 8426
f 8426 8425 8423
f 8426 8423 8427
f 8427 8423 8420
f 8427 8420 8418
f 7557 9974 8428
f 8428 7558 8429
f 8428 8429 8430
f 8430 8429 8431
f 8430 8431 8315
f 8316 10007 8431
f 8315 8316 8432
f 8432 8316 8433
f 8432 8433 8434
f 8434 8433 8435
f 8434 8435 8436
f 8436 8435 8437
f 8436 8437 8417
f 10010 8419 8438
f 8417 8438 8436
f 8438 8439 8436
f 8436 8439 8434
f 8439 8440 8434
f 8434 8440 8432
f 8440 8315 8432
f 8315 8440 8430
f 8430 8440 8428
f 8428 8440 8424
f 8428 8424 7557
f 8440 8439 8424
f 8424 8439 8422
f 8422 8439 8438
f 8422 8438 8421
f 8421 8438 8419
f 8419 10010 8441
f 8419 8441 8442
f 8419 8442 8443
f 8443 8442 8444
f 8444 8442 8445
f 8444 8445 8446
f 8446 8445 8447
f 8446 8447 8307
f 8307 8447 8306
f 8306 8447 8448
f 8448 8447 8445
f 8448 8445 8449
f 8449 8445 8442
f 8449 8442 8441
f 10006 8306 8450
f 8450 8306 8451
f 8450 8451 8452
f 8452 8451 8453
f 8452 8453 7540
f 7541 9971 8453
f 7540 7541 8454
f 8454 7541 8455
f 8454 8455 8456
f 8456 8455 8457
f 8456 8457 8458
f 8458 8457 8459
f 8458 8459 8417
f 8419 8460 8417
f 8417 8460 8458
f 8460 8461 8458
f 8458 8461 8456
f 8461 8462 8456
f 8456 8462 8454
f 8462 7540 8454
f 7540 8462 8452
f 8452 8462 8446
f 8452 8446 8450
f 8450 8446 8307
f 8446 8462 8444
f 8444 8462 8461
f 8444 8461 8443
f 8443 8461 8460
f 8443 8460 8419
f 9978 7636 8463
f 7637 8463 8464
f 7637 8464 8465
f 8465 8464 8466
f 8466 8464 8467
f 8466 8467 8468
f 8468 8467 8469
f 8468 8469 7951
f 7951 8469 7950
f 7950 8469 8470
f 8470 8469 8467
f 8470 8467 8471
f 8471 8467 8464
f 8471 8464 8463
f 7950 8472 7951
f 7951 8472 8473
f 7951 8473 8474
f 8474 8473 8475
f 8475 8473 8476
f 8476 8473 8477
f 8476 8477 8478
f 8478 8477 8479
f 8478 8479 8480
f 8480 8479 8481
f 8480 8481 8482
f 8482 8481 8483
f 8482 8483 8484
f 8484 8483 8485
f 8484 8485 8486
f 8472 8487 8473
f 8473 8487 8488
f 8473 8488 8477
f 8477 8488 8489
f 8477 8489 8479
f 8479 8489 8490
f 8479 8490 8481
f 8481 8490 8491
f 8481 8491 8483
f 8483 8491 8492
f 8483 8492 8485
f 8485 8493 8486
f 8486 8493 8494
f 8486 8494 8495
f 8495 8494 8496
f 8496 8494 8497
f 8496 8497 8498
f 8498 8497 8499
f 8498 8499 7637
f 7637 8499 7636
f 7636 8499 8500
f 8500 8499 8497
f 8500 8497 8501
f 8501 8497 8494
f 8501 8494 8493
f 8486 8495 8484
f 8484 8495 8482
f 8482 8495 8480
f 8480 8495 8496
f 8480 8496 8478
f 8478 8496 8476
f 8476 8496 8466
f 8476 8466 8475
f 8475 8466 8468
f 8475 8468 8474
f 8474 8468 7951
f 8496 8498 8466
f 8466 8498 8465
f 8465 8498 7637
f 7626 7627 8502
f 8502 7627 8503
f 8502 8503 8504
f 8504 8503 8505
f 8504 8505 8506
f 8506 8505 8507
f 8506 8507 8508
f 8509 8510 8508
f 8508 8510 8506
f 8510 8511 8506
f 8506 8511 8504
f 8511 8512 8504
f 8504 8512 8502
f 8512 7626 8502
f 8508 8513 8509
f 8509 8513 8514
f 8509 8514 8515
f 8515 8514 8516
f 8516 8514 8517
f 8516 8517 8518
f 8518 8517 8519
f 8518 8519 8520
f 8520 8519 8521
f 8520 8521 8522
f 8522 8521 8523
f 8522 8523 8524
f 8524 8523 8525
f 8524 8525 8526
f 8526 8525 8527
f 8526 8527 7915
f 7915 8527 7913
f 7913 8527 8528
f 8528 8527 8525
f 8528 8525 8529
f 8529 8525 8523
f 8529 8523 8530
f 8530 8523 8521
f 8530 8521 8531
f 8531 8521 8519
f 8531 8519 8532
f 8532 8519 8517
f 8532 8517 8533
f 8533 8517 8514
f 8533 8514 8513
f 7915 7913 8534
f 8534 7913 8535
f 8534 8535 8536
f 8536 8535 8537
f 8536 8537 8538
f 8538 8537 8539
f 8538 8539 7627
f 7627 9977 8540
f 7627 8540 8538
f 8540 8541 8538
f 8538 8541 8536
f 8541 8542 8536
f 8536 8542 8534
f 8542 7915 8534
f 7915 8542 8526
f 8526 8542 8524
f 8524 8542 8541
f 8524 8541 8522
f 8522 8541 8511
f 8522 8511 8520
f 8520 8511 8518
f 8518 8511 8510
f 8518 8510 8516
f 8516 8510 8515
f 8515 8510 8509
f 8511 8541 8512
f 8512 8541 8540
f 8512 8540 7626
f 8543 10012 8545
f 8545 8544 8546
f 8545 8546 8547
f 8547 8546 8548
f 8547 8548 8549
f 8549 8548 8550
f 8549 8550 8551
f 8551 8550 8552
f 8551 8552 7656
f 7657 9980 8552
f 7657 8553 7656
f 7656 8553 8554
f 7656 8554 8555
f 8555 8554 8556
f 8556 8554 8557
f 8556 8557 8558
f 8558 8557 8559
f 8558 8559 8560
f 8560 8559 8561
f 8561 8559 8562
f 8562 8559 8557
f 8562 8557 8563
f 8563 8557 8554
f 8563 8554 8553
f 8560 8561 8564
f 8564 8561 8565
f 8565 10011 8564
f 8566 8560 8564
f 8566 8565 8567
f 8567 8565 8568
f 8567 8568 8544
f 8543 8569 8544
f 8544 8569 8567
f 8569 8566 8567
f 8569 8556 8566
f 8566 8556 8558
f 8566 8558 8560
f 8543 8545 8569
f 8569 8545 8547
f 8569 8547 8556
f 8556 8547 8549
f 8556 8549 8555
f 8555 8549 8551
f 8555 8551 7656
f 8570 8571 8572
f 8572 8571 8573
f 8572 8573 8574
f 8574 8573 8575
f 8574 8575 8576
f 8576 8575 8577
f 8576 8577 8578
f 8578 8577 8579
f 8578 8579 8543
f 10012 8543 8579
f 8544 8580 8543
f 8543 8580 8581
f 8543 8581 8582
f 8582 8581 8566
f 8566 8581 8565
f 8565 8581 8580
f 10011 8565 8583
f 8583 8565 8584
f 8583 8584 8585
f 8585 8566 8583
f 8585 8584 8586
f 8586 8584 8587
f 8586 8587 8588
f 8588 8587 8589
f 8588 8589 8590
f 8590 8589 8591
f 8590 8591 8571
f 10013 8570 8592
f 8571 8592 8590
f 8592 8593 8590
f 8590 8593 8588
f 8593 8594 8588
f 8588 8594 8586
f 8594 8585 8586
f 8585 8594 8566
f 8566 8594 8593
f 8566 8593 8582
f 8582 8593 8576
f 8582 8576 8578
f 8576 8593 8574
f 8574 8593 8592
f 8574 8592 8572
f 8572 8592 8570
f 8578 8543 8582
f 8570 10013 8595
f 8595 8571 8596
f 8595 8596 8597
f 8597 8596 8598
f 8597 8598 7617
f 7618 9976 8598
f 7617 7618 8599
f 8599 7618 8600
f 8599 8600 8601
f 8601 8600 8602
f 8601 8602 8603
f 8603 8602 8604
f 8603 8604 8605
f 8606 8607 8605
f 8605 8607 8603
f 8607 8608 8603
f 8603 8608 8601
f 8608 8609 8601
f 8601 8609 8599
f 8609 7617 8599
f 10014 8605 8610
f 8606 8610 8611
f 8606 8611 8612
f 8612 8611 8613
f 8613 8611 8614
f 8613 8614 8615
f 8615 8614 8616
f 8615 8616 8570
f 8570 8616 8571
f 8571 8616 8617
f 8617 8616 8614
f 8617 8614 8618
f 8618 8614 8611
f 8618 8611 8610
f 8606 8612 8607
f 8607 8612 8613
f 8607 8613 8608
f 8608 8613 8615
f 8608 8615 8609
f 8609 8615 8595
f 8609 8595 8597
f 8615 8570 8595
f 8597 7617 8609
f 7611 9979 8619
f 8619 7612 8620
f 8619 8620 8621
f 8621 8620 8622
f 8621 8622 7594
f 7595 9975 8622
f 7594 7595 8623
f 8623 7595 8624
f 8623 8624 8625
f 8625 8624 8626
f 8625 8626 8627
f 8627 8626 8628
f 8627 8628 8605
f 8605 10014 8629
f 8605 8629 8627
f 8629 8630 8627
f 8627 8630 8625
f 8630 8631 8625
f 8625 8631 8623
f 8631 7594 8623
f 8605 8632 8606
f 8606 8632 8633
f 8606 8633 8634
f 8634 8633 8635
f 8635 8633 8636
f 8635 8636 8637
f 8637 8636 8638
f 8637 8638 7611
f 7611 8638 7612
f 7612 8638 8639
f 8639 8638 8636
f 8639 8636 8640
f 8640 8636 8633
f 8640 8633 8632
f 8606 8634 8629
f 8629 8634 8630
f 8630 8634 8635
f 8630 8635 8631
f 8631 8635 8637
f 8631 8637 8621
f 8621 8637 8619
f 8619 8637 7611
f 8621 7594 8631
f 7541 7539 8455
f 8455 7539 8457
f 8457 7539 7537
f 8457 7537 8459
f 8459 7537 7535
f 8459 7535 7533
f 7514 8417 7533
f 7533 8417 8459
f 7568 7566 8417
f 8417 7566 8418
f 8418 7566 7564
f 8418 7564 7562
f 8418 7562 8427
f 8427 7562 7560
f 8427 7560 8426
f 8426 7560 7558
f 7504 8242 7506
f 7506 8242 8243
f 7506 8243 7508
f 7508 8243 8235
f 7508 8235 7510
f 7510 8235 7512
f 7512 8235 8221
f 7512 8221 7514
f 7568 8605 7587
f 7587 8605 8628
f 7587 8628 7589
f 7589 8628 7591
f 7591 8628 8626
f 7591 8626 7593
f 7593 8626 8624
f 7593 8624 7595
f 8544 8579 8605
f 8605 8579 8610
f 8610 8579 8577
f 8610 8577 8575
f 8610 8575 8618
f 8618 8575 8573
f 8618 8573 8617
f 8617 8573 8571
f 7739 7765 7664
f 7664 7765 7695
f 7695 7765 7763
f 7695 7763 7761
f 7695 7761 7703
f 7703 7761 7759
f 7703 7759 7702
f 7702 7759 7679
f 7657 8552 7659
f 7659 8552 7661
f 7661 8552 8550
f 7661 8550 7663
f 7663 8550 8548
f 7663 8548 8546
f 8544 7664 8546
f 8546 7664 7663
f 8158 8156 8216
f 8216 8156 8218
f 8218 8156 8154
f 8218 8154 8220
f 8220 8154 8152
f 8220 8152 8150
f 7739 8221 8150
f 8150 8221 8220
f 7558 7582 8429
f 8429 7582 8317
f 8429 8317 8431
f 8431 8317 8316
f 8317 7582 8327
f 8327 7582 7580
f 8327 7580 8379
f 8379 7580 7578
f 8379 7578 8381
f 8381 7578 8382
f 8382 7578 7575
f 8382 7575 8485
f 8485 7575 7604
f 8485 7604 7605
f 7575 7573 7604
f 7606 8501 7605
f 7605 8501 8493
f 7605 8493 8485
f 8501 7606 7644
f 7644 7606 7596
f 7644 7596 7646
f 7646 7596 8622
f 7646 8622 8620
f 7596 7595 8622
f 8620 7612 7646
f 7644 7642 8501
f 8501 7642 8500
f 8500 7642 7636
f 8382 8485 8387
f 8387 8485 8492
f 8387 8492 8407
f 8407 8492 8491
f 8407 8491 8406
f 8406 8491 8490
f 8406 8490 8405
f 8405 8490 8489
f 8405 8489 8404
f 8404 8489 8488
f 8404 8488 8403
f 8403 8488 8487
f 8403 8487 8402
f 8402 8487 8472
f 8402 8472 7949
f 7949 8472 7950
f 8402 7949 8001
f 8001 7949 7947
f 8001 7947 8021
f 8021 7947 7945
f 8021 7945 8020
f 8020 7945 7943
f 8020 7943 8019
f 8019 7943 7941
f 8019 7941 8018
f 8018 7941 7939
f 8018 7939 8017
f 8017 7939 7937
f 8017 7937 8016
f 8016 7937 7866
f 8001 7993 8402
f 8327 8379 8326
f 8326 8379 8377
f 8326 8377 8325
f 8316 8314 8433
f 8433 8314 8312
f 8433 8312 8448
f 8448 8312 8306
f 8433 8448 8435
f 8435 8448 8449
f 8435 8449 8437
f 8437 8449 8441
f 8437 8441 8417
f 7569 7568 7573
f 7573 7568 7609
f 7612 8639 7614
f 7614 8639 7616
f 7616 8639 8600
f 7616 8600 7618
f 8639 8640 8600
f 8600 8640 8602
f 8602 8640 8632
f 8602 8632 8604
f 8604 8632 8605
f 7636 7635 8463
f 8463 7635 8471
f 8471 7635 7633
f 8471 7633 7973
f 7973 7633 7974
f 7974 7633 7975
f 7975 7633 8537
f 7975 8537 7976
f 7976 8537 8535
f 7976 8535 7977
f 7977 8535 7913
f 7633 7631 8537
f 8537 7631 8539
f 8539 7631 7627
f 7973 7972 8471
f 8471 7972 8470
f 8470 7972 7959
f 8470 7959 7950
f 7866 7867 8088
f 8088 7867 8090
f 8090 7867 7868
f 8090 7868 8092
f 8092 7868 7869
f 8092 7869 8094
f 8094 7869 7870
f 8094 7870 8096
f 8096 7870 7871
f 8096 7871 8098
f 8098 7871 7872
f 8098 7872 8100
f 8100 7872 7850
f 8100 7850 8108
f 8108 7850 7794
f 8108 7794 7795
f 7850 7793 7794
f 8108 7795 8123
f 8123 7795 7796
f 8123 7796 8124
f 8124 7796 7797
f 8124 7797 8125
f 8125 7797 7798
f 8125 7798 8126
f 8126 7798 7799
f 8126 7799 8127
f 8127 7799 7777
f 8127 7777 8128
f 8128 7777 7772
f 8128 7772 8121
f 8121 7772 8167
f 8121 8167 8168
f 7771 7750 7772
f 7772 7750 7747
f 7772 7747 8167
f 8167 7747 7745
f 7771 7769 7750
f 7750 7769 7752
f 7752 7769 7714
f 7752 7714 7754
f 7754 7714 7704
f 7754 7704 7681
f 7681 7704 7683
f 7683 7704 7685
f 7714 7769 7713
f 7713 7769 7767
f 7713 7767 7712
f 7681 7679 7754
f 8169 8139 8168
f 8168 8139 8129
f 8168 8129 8121
f 8139 8169 8199
f 8199 8169 8159
f 8199 8159 8201
f 8201 8159 8214
f 8201 8214 8212
f 8159 8158 8214
f 8212 8202 8201
f 8199 8197 8139
f 8139 8197 8138
f 8138 8197 8137
f 8108 8043 8100
f 7866 7930 7874
f 7874 7930 7876
f 7876 7930 7931
f 7876 7931 7878
f 7878 7931 7932
f 7878 7932 7880
f 7880 7932 7933
f 7880 7933 7882
f 7882 7933 7934
f 7882 7934 7884
f 7884 7934 7935
f 7884 7935 7886
f 7886 7935 7914
f 7886 7914 7810
f 7810 7914 8528
f 7810 8528 7826
f 7826 8528 8529
f 7826 8529 7827
f 7827 8529 8530
f 7827 8530 7828
f 7828 8530 8531
f 7828 8531 7829
f 7829 8531 8532
f 7829 8532 7830
f 7830 8532 8533
f 7830 8533 7831
f 7831 8533 8513
f 7831 8513 7824
f 7824 8513 8508
f 7824 8508 8561
f 8561 8508 8584
f 8561 8584 8565
f 7914 7913 8528
f 8584 8508 8587
f 8587 8508 8507
f 8587 8507 8505
f 8503 7628 8505
f 8505 7628 7629
f 8505 7629 8589
f 8589 7629 8591
f 8591 7629 7619
f 8591 7619 8596
f 8596 7619 8598
f 8598 7619 7618
f 8503 7627 7628
f 8596 8571 8591
f 8589 8587 8505
f 8561 8562 7824
f 7824 8562 7832
f 7832 8562 7840
f 7840 8562 8563
f 7840 8563 7729
f 7729 8563 8553
f 7729 8553 7731
f 7731 8553 7655
f 7731 7655 7653
f 8553 7657 7655
f 7653 7651 7731
f 7729 7727 7840
f 7840 7727 7839
f 7839 7727 7721
f 7810 7809 7886
f 7866 8081 8023
f 8023 8081 8025
f 8025 8081 8082
f 8025 8082 8027
f 8027 8082 8083
f 8027 8083 8029
f 8029 8083 8084
f 8029 8084 8031
f 8031 8084 8085
f 8031 8085 8033
f 8033 8085 8086
f 8033 8086 8035
f 8035 8086 8066
f 8035 8066 8357
f 8357 8066 8283
f 8357 8283 8370
f 8370 8283 8284
f 8370 8284 8371
f 8371 8284 8285
f 8371 8285 8372
f 8372 8285 8286
f 8372 8286 8373
f 8373 8286 8287
f 8373 8287 8374
f 8374 8287 8288
f 8374 8288 8375
f 8375 8288 8268
f 8375 8268 8337
f 8337 8268 8263
f 8337 8263 7521
f 7521 8263 7524
f 7524 8263 8262
f 7524 8262 8260
f 8066 8058 8283
f 8258 8185 8260
f 8260 8185 8186
f 8260 8186 7526
f 7526 8186 7528
f 7528 8186 8175
f 7528 8175 8245
f 8245 8175 8247
f 8247 8175 8174
f 8258 8184 8185
f 8245 7504 7528
f 7526 7524 8260
f 7519 7550 7521
f 7521 7550 8337
f 7550 7551 8337
f 8337 7551 8338
f 8338 7551 8347
f 8347 7551 7552
f 8347 7552 8303
f 8303 7552 7542
f 8303 7542 8305
f 8305 7542 8453
f 8305 8453 8451
f 7542 7541 8453
f 8451 8306 8305
f 8303 8301 8347
f 8347 8301 8346
f 8346 8301 8299
f 8357 7978 8035
f 7993 8000 8409
f 8409 8000 7999
f 8409 7999 8411
f 8411 7999 7998
f 8411 7998 8331
f 8331 7998 7997
f 8331 7997 7996
f 8331 7996 8356
f 8356 7996 7995
f 8356 7995 8355
f 8355 7995 7979
f 8355 7979 7978
f 8331 8356 8333
f 8333 8356 8348
f 8333 8348 8299
f 8331 8329 8411
f 8411 8329 8413
f 8413 8329 8325
f 7793 7912 7801
f 7801 7912 7911
f 7801 7911 7803
f 7803 7911 7910
f 7803 7910 7718
f 7718 7910 7909
f 7718 7909 7908
f 7718 7908 7849
f 7849 7908 7907
f 7849 7907 7848
f 7848 7907 7894
f 7848 7894 7809
f 7718 7849 7720
f 7720 7849 7841
f 7720 7841 7721
f 7718 7716 7803
f 7803 7716 7805
f 7805 7716 7712
f 7685 7738 7687
f 7687 7738 7736
f 7687 7736 7676
f 7676 7736 7651
f 7687 7676 7689
f 7689 7676 7677
f 7689 7677 7691
f 7691 7677 7669
f 7691 7669 7664
f 7740 7739 7745
f 7745 7739 8172
f 8202 8233 8208
f 8208 8233 8210
f 8210 8233 8249
f 8210 8249 8174
f 8233 8234 8249
f 8249 8234 8251
f 8251 8234 8226
f 8251 8226 8253
f 8253 8226 8221
f 8137 8192 8140
f 8140 8192 8148
f 8148 8192 8190
f 8148 8190 8061
f 8061 8190 8062
f 8062 8190 8063
f 8063 8190 8292
f 8063 8292 8064
f 8064 8292 8290
f 8064 8290 8065
f 8065 8290 8058
f 8190 8188 8292
f 8292 8188 8294
f 8294 8188 8184
f 8061 8060 8148
f 8148 8060 8147
f 8147 8060 8044
f 8147 8044 8043
f 8580 8544 8565
f 8565 8544 8568
f 7515 7514 7519
f 7519 7514 7555
f 8641 8642 8643
f 8644 8645 8646
f 8647 8648 8649
f 8650 8651 8652
f 8653 8654 8655
f 8656 8657 8658
f 8659 8660 8661
f 8662 8663 8664
f 7568 8641 8605
f 7568 8665 8641
f 8417 8665 7568
f 8666 8667 8668
f 8669 8670 8671
f 8643 7739 7664
f 8672 7739 8643
f 8221 7739 8672
f 8641 8544 8605
f 8643 8544 8641
f 7664 8544 8643
f 8672 7514 8221
f 8665 7514 8672
f 8417 7514 8665
f 8673 8674 8675
f 8676 8677 8678
f 8679 8680 8681
f 8682 8679 8683
f 8684 8685 8686
f 8687 8688 8689
f 8690 8691 8692
f 8693 8694 8695
f 8696 8697 8698
f 8699 8700 8701
f 8702 8703 8704
f 8705 8706 8707
f 8708 8709 8710
f 8711 8712 8713
f 8714 8715 8716
f 8717 8718 8719
f 8659 8661 8720
f 8721 8722 8723
f 8724 8725 8726
f 8727 8728 8729
f 8642 8730 8731
f 8732 8710 8709
f 8733 8697 8734
f 8735 8736 8737
f 8738 8739 8740
f 8741 8742 8743
f 8744 8745 8746
f 8747 8748 8749
f 8750 8751 8752
f 8753 8754 8755
f 8756 8757 8717
f 8735 8758 8759
f 8672 8643 8705
f 8694 8760 8761
f 8762 8763 8662
f 8764 8765 8677
f 8766 8767 8768
f 8769 8770 8771
f 8772 8773 8774
f 8653 8655 8775
f 8776 8695 8694
f 8777 8778 8779
f 8780 8781 8782
f 8716 8783 8714
f 8672 8784 8665
f 8785 8786 8787
f 8788 8789 8790
f 8791 8792 8793
f 8794 8795 8749
f 8796 8797 8798
f 8799 8800 8801
f 8802 8803 8804
f 8805 8806 8807
f 8808 8809 8810
f 8811 8678 8677
f 8812 8813 8814
f 8815 8816 8817
f 8818 8819 8820
f 8821 8822 8823
f 8824 8825 8826
f 8827 8687 8828
f 8829 8830 8831
f 8832 8646 8833
f 8834 8835 8836
f 8837 8838 8839
f 8659 8840 8660
f 8841 8842 8843
f 8844 8845 8846
f 8847 8848 8849
f 8850 8851 8852
f 8853 8854 8855
f 8856 8690 8692
f 8746 8857 8744
f 8858 8859 8860
f 8861 8862 8863
f 8864 8865 8861
f 8866 8867 8868
f 8869 8870 8871
f 8677 8872 8811
f 8873 8874 8875
f 8876 8877 8878
f 8879 8880 8881
f 8642 8641 8730
f 8882 8883 8884
f 8885 8886 8887
f 8724 8888 8725
f 8889 8890 8891
f 8705 8707 8672
f 8892 8893 8820
f 8641 8665 8782
f 8894 8895 8896
f 8780 8782 8665
f 8897 8898 8899
f 8863 8900 8861
f 8901 8902 8903
f 8701 8904 8905
f 8906 8907 8908
f 8909 8910 8911
f 8912 8913 8914
f 8657 8852 8658
f 8915 8916 8917
f 8918 8919 8920
f 8921 8922 8923
f 8924 8925 8926
f 8927 8928 8929
f 8930 8722 8931
f 8932 8677 8676
f 8933 8934 8935
f 8936 8937 8938
f 8899 8898 8939
f 8940 8941 8933
f 8712 8711 8942
f 8943 8944 8945
f 8946 8947 8647
f 8866 8862 8948
f 8949 8950 8951
f 8952 8953 8761
f 8954 8955 8956
f 8957 8958 8959
f 8960 8961 8962
f 8963 8964 8965
f 8966 8877 8876
f 8967 8968 8969
f 8970 8971 8972
f 8973 8788 8974
f 8975 8682 8976
f 8977 8978 8979
f 8980 8981 8982
f 8983 8718 8984
f 8985 8986 8691
f 8880 8879 8987
f 8988 8691 8989
f 8970 8990 8991
f 8891 8992 8993
f 8994 8995 8996
f 8997 8998 8999
f 9000 9001 9002
f 9003 9004 9005
f 9006 9007 9008
f 9009 9010 9011
f 9012 9013 9014
f 9012 9015 9016
f 9017 9018 9019
f 9020 9021 9022
f 9023 9024 9025
f 9026 9027 9028
f 9026 9029 9030
f 9031 9032 9033
f 9034 9035 9036
f 9037 9038 9039
f 8939 9040 9041
f 9042 9043 9044
f 9042 9045 9046
f 9047 9048 9049
f 9047 9050 9051
f 8921 9052 9053
f 9054 9055 9056
f 9057 9058 9059
f 9060 9061 9062
f 9060 9063 9064
f 9065 9066 9067
f 9065 9068 9069
f 9070 9071 9072
f 9073 9074 9075
f 9076 9077 9078
f 9079 9080 9081
f 9082 9083 9084
f 9085 9086 9087
f 9088 9089 9090
f 9088 9091 9092
f 9093 9094 9095
f 9096 9097 9098
f 9099 9100 9101
f 9099 9102 9103
f 8997 9104 9105
f 9106 9107 9108
f 9109 9110 9111
f 9112 9113 9114
f 9115 9116 9117
f 9115 9118 9119
f 9003 9120 9121
f 9122 9123 9124
f 9125 9126 9127
f 9128 8669 8752
f 9129 9130 9131
f 9132 9133 9134
f 8916 9055 9054
f 9135 8801 9136
f 9137 8708 9138
f 9139 8899 9140
f 9141 9142 9143
f 9144 9145 9146
f 9147 9148 9149
f 9150 8993 9151
f 9152 8686 9153
f 9154 9155 9156
f 9157 9158 9159
f 9160 9161 9162
f 9163 9164 9165
f 9166 9167 9168
f 9169 9170 9171
f 9172 9173 9174
f 9175 9176 9177
f 9178 9179 9180
f 8970 9181 8990
f 9182 9122 9183
f 8833 9184 8832
f 9185 8681 9142
f 9186 9187 9188
f 9189 9190 9191
f 8866 8868 9192
f 9193 8653 9194
f 8970 8991 9195
f 9196 9197 9198
f 9199 9200 9201
f 8943 8945 9202
f 9203 9204 9205
f 9206 9207 9208
f 9209 9210 9211
f 9182 9212 9213
f 8832 9214 9215
f 9216 9217 9218
f 9219 9220 9221
f 9079 9222 9223
f 9224 9225 8746
f 9226 9227 9228
f 9229 9054 9230
f 9009 9011 8875
f 9231 8675 8674
f 9232 9233 9137
f 9234 8977 9235
f 9236 9237 9238
f 8726 9239 8712
f 9240 9241 9242
f 9233 9243 9137
f 9244 9245 9246
f 9247 9248 9249
f 9250 9242 9251
f 9252 9253 9254
f 9091 9090 9255
f 9256 9257 9258
f 9259 9260 9261
f 9262 9263 8736
f 9262 8753 9264
f 9265 9266 9267
f 9268 9269 9270
f 9271 9272 9273
f 9271 9274 9275
f 9216 8831 9276
f 8678 9277 9278
f 9278 9279 9225
f 9280 8829 9281
f 9282 9283 9284
f 9285 8935 8934
f 9286 9287 8704
f 9288 8865 8864
f 9289 9290 9291
f 9143 9292 9293
f 9294 8846 9295
f 9296 9297 9150
f 8721 8723 9298
f 9220 9219 8739
f 8813 9299 8897
f 8957 9300 9301
f 9167 8956 9168
f 9302 9303 9304
f 9305 9306 9307
f 9308 9309 9310
f 8711 8993 8992
f 8924 8926 9231
f 8778 9206 9311
f 9312 9313 9290
f 9314 8659 8720
f 9315 9316 9317
f 9318 9319 9320
f 9321 9322 9323
f 9324 9325 9326
f 9327 9308 9328
f 8750 9326 9329
f 8917 8823 9330
f 9331 8723 9332
f 9233 9232 8825
f 9333 9334 8660
f 9335 8803 9239
f 8866 8948 8867
f 8965 9336 8963
f 9337 8650 9338
f 9339 9340 9341
f 9342 9343 9344
f 9345 9346 9347
f 8701 8905 8699
f 8790 8974 8788
f 9348 9349 9306
f 9350 9351 9333
f 9163 9352 9353
f 9240 9354 9355
f 9319 8643 8715
f 8772 9357 9358
f 9359 9360 8910
f 9361 9362 9363
f 9182 9183 9212
f 9364 9365 9366
f 9304 9367 9323
f 8943 9368 8944
f 9334 9369 8661
f 9370 9371 9372
f 9373 9029 9008
f 9373 9050 9069
f 9374 9015 9002
f 9374 9045 9064
f 9375 9021 8999
f 9376 9001 9087
f 9377 9040 9005
f 9378 9007 9098
f 9379 9380 9114
f 9296 9151 8713
f 9381 9382 9383
f 9381 9384 9385
f 8774 9386 9357
f 9387 9228 9227
f 9388 9086 9389
f 9390 9097 9103
f 9391 9392 9103
f 9023 9393 9024
f 9129 9133 9130
f 9031 9035 9032
f 9144 9394 9395
f 8741 8743 9396
f 8733 9397 9398
f 9157 9399 9158
f 9379 9264 9400
f 9401 9068 9016
f 9023 9402 9403
f 8794 9340 8795
f 9404 8653 8775
f 9079 9081 9222
f 9405 8874 9223
f 9401 9063 9030
f 9406 9407 9408
f 9112 8854 9113
f 9409 9410 9180
f 8964 9411 9171
f 8957 9301 8958
f 9412 9413 8892
f 9414 9415 9416
f 9257 9417 9418
f 9419 9420 9275
f 9421 9153 9149
f 9422 9423 9314
f 9424 9425 8795
f 9426 8859 9427
f 9428 9118 9429
f 9131 9430 9431
f 8898 8897 9299
f 9432 9433 9434
f 9435 9436 9437
f 9438 9439 9241
f 9440 9441 9442
f 9335 9443 8804
f 9339 9444 9345
f 8852 9396 8743
f 8858 8883 9445
f 9446 9447 9201
f 9448 9203 9449
f 9132 9393 9450
f 9334 9333 9451
f 9452 9429 9118
f 9453 9454 9455
f 9292 9143 9456
f 9457 8734 9458
f 9459 9460 9461
f 9462 9463 9464
f 9465 9466 9467
f 9330 8823 8822
f 9350 9075 9351
f 9468 8907 9469
f 9381 9385 9382
f 9470 9463 9445
f 8717 9137 8756
f 9099 9101 9102
f 9471 8689 9472
f 9199 9447 9473
f 9474 8870 9119
f 9148 9147 9357
f 9475 9476 9251
f 9437 8827 9435
f 9477 9478 9095
f 9479 9453 9366
f 9470 9300 9480
f 9481 9482 9483
f 9484 9455 9454
f 9462 9464 9465
f 9485 9486 9213
f 9487 9488 9489
f 9490 9491 9336
f 9492 9493 9494
f 9495 9496 8962
f 9497 9217 8783
f 8980 9176 9498
f 9372 9371 8856
f 9499 9500 9501
f 9502 9503 9504
f 9505 9440 9506
f 9507 9508 9509
f 9017 9019 9014
f 9375 9018 9134
f 9037 9039 9028
f 9377 9038 9041
f 9510 9052 9072
f 9510 9061 9044
f 9511 9512 9078
f 9511 9066 9049
f 9082 9084 9117
f 9082 9089 9083
f 9125 9127 9513
f 9093 9100 9094
f 9514 9110 9515
f 9109 9111 9136
f 9144 9395 9145
f 9516 9266 9265
f 9517 8784 9518
f 9519 9104 9520
f 9521 9518 9522
f 9312 8782 8781
f 9299 9477 9523
f 8794 8749 8707
f 9022 9129 9431
f 9234 9524 9525
f 9221 9526 8873
f 8853 9210 9383
f 9216 9527 9217
f 9528 8705 8643
f 8836 8784 9517
f 8641 9529 8730
f 9530 9309 8643
f 8784 8672 9518
f 9529 9897 8730
f 8705 9532 8706
f 9531 9737 8731
f 8665 9261 8708
f 9534 9280 8996
f 9364 8922 9365
f 9535 9013 9067
f 9536 9537 9538
f 9539 9027 9062
f 8647 8902 9540
f 9444 9541 9542
f 9533 9356 8642
f 9543 9544 9545
f 9356 8715 8643
f 9340 8849 9546
f 9206 9410 9547
f 9356 8643 8642
f 9123 9482 9548
f 9312 9529 8782
f 9549 9285 8934
f 8961 9550 9495
f 8836 9259 8665
f 9532 9879 8706
f 8794 8707 8706
f 9350 9272 9551
f 9552 9553 9554
f 9555 8879 8881
f 9042 9046 9043
f 8997 9105 8998
f 9047 9051 9048
f 9003 9121 9004
f 9421 9423 9153
f 9556 9116 9557
f 9074 9558 9559
f 9321 9126 9322
f 9535 9077 9025
f 9539 9071 9033
f 9560 9561 9562
f 9020 9563 9520
f 8839 9107 8837
f 8876 9155 8966
f 9564 9270 9533
f 8781 9313 9312
f 8749 9866 8672
f 8708 8780 8665
f 8780 8708 9313
f 8836 8665 8784
f 8641 8782 9529
f 9533 8642 8731
f 8672 8707 8749
f 8780 9313 8781
f 9528 9953 8705
f 9531 8731 8730
f 8937 9565 9566
f 9161 9160 9567
f 9184 9568 8832
f 9569 9384 9570
f 9571 9572 9558
f 9573 8830 8829
f 8901 9540 8902
f 8687 9574 9575
f 9252 8785 9576
f 9577 9578 9579
f 9580 9263 9456
f 8965 9581 9336
f 9582 9490 9583
f 9584 9349 9578
f 9585 8667 9586
f 9057 8856 9058
f 9584 9577 9587
f 9588 8884 8974
f 9491 9589 9166
f 9590 9591 9592
f 9530 8643 9319
f 9363 8806 8777
f 8794 9593 8847
f 9594 8917 9330
f 9595 9596 9493
f 9108 9597 9598
f 9599 9600 8720
f 8896 9599 9601
f 9369 9441 9602
f 9603 8732 9604
f 9605 9191 8683
f 8679 8682 9202
f 9606 9294 9607
f 8928 9608 9170
f 8663 9609 9432
f 9143 9610 9141
f 9611 9416 9612
f 9613 9294 9606
f 9215 8646 8832
f 9203 8727 9449
f 9339 9424 8795
f 9215 9614 8816
f 9276 8831 8830
f 9280 9534 8829
f 8733 9615 9616
f 9617 9618 9619
f 9618 9620 8982
f 9476 9621 9622
f 8835 9287 9259
f 9623 9566 9624
f 9625 9626 9055
f 9627 8802 9443
f 9497 9628 9629
f 8716 9630 9631
f 9632 9633 9201
f 9617 8838 9620
f 9178 9328 9308
f 9573 9634 8830
f 9635 9329 9636
f 9485 8950 9637
f 8950 9638 8951
f 9548 9124 9123
f 9639 9392 9481
f 9472 9487 9640
f 9128 8752 8751
f 9245 9641 8845
f 9642 9205 9643
f 9644 9645 9142
f 9646 9267 9266
f 9601 9599 9586
f 9647 9648 9649
f 9345 9347 9424
f 9633 9277 9560
f 9634 9311 9650
f 9355 8927 8929
f 9572 9571 9651
f 8885 9467 9652
f 9562 9561 9653
f 8836 9517 9608
f 9585 8720 8661
f 8925 8924 9654
f 9206 9547 9650
f 8952 9655 8671
f 9508 9656 9509
f 9621 9248 9247
f 9360 9359 9297
f 9255 9657 9658
f 9659 9486 9485
f 8844 9660 8845
f 9661 8819 9619
f 8916 9054 9229
f 9594 9544 8915
f 9494 9493 9596
f 9356 8657 8656
f 9662 9663 9555
f 8893 9387 8818
f 9664 9665 9666
f 8676 9278 9225
f 9603 9604 9231
f 9667 9668 9595
f 8983 8719 8718
f 9669 9400 9670
f 9671 8882 9301
f 8758 9672 9673
f 9674 9298 9269
f 8989 9459 9461
f 9675 8967 9664
f 9676 9624 9677
f 9201 9633 9446
f 8694 8693 9414
f 9528 9678 9362
f 8915 8917 9594
f 9544 9679 9164
f 9680 9681 9682
f 9683 9684 9685
f 9686 9256 9529
f 8691 8690 9371
f 9518 8649 9687
f 8847 9593 8758
f 8728 9688 9689
f 9690 9412 9691
f 8944 9692 8945
f 9693 9286 8767
f 9694 8979 8978
f 9536 9695 9537
f 9696 9397 9524
f 9697 9624 9698
f 9591 9518 9521
f 9699 9700 9701
f 9702 8773 9703
f 9137 8717 8719
f 9704 8908 9450
f 9705 8876 9706
f 9156 9705 9707
f 8821 8823 9708
f 8896 9601 9688
f 9709 8915 9163
f 9495 8962 8961
f 9710 8792 8791
f 9359 9150 9297
f 9711 9348 9712
f 8826 9713 8824
f 8651 8650 9552
f 9431 9714 9563
f 8812 8814 9715
f 9716 9364 9717
f 8923 9716 9536
f 9718 9719 9484
f 9479 9366 8798
f 9717 9364 9720
f 9721 9281 9722
f 9723 9141 9113
f 9675 9724 9196
f 9265 9253 9516
f 9656 9725 9726
f 9483 9370 9725
f 9727 9728 9682
f 8799 9729 8655
f 9135 9670 9729
f 9434 8663 9432
f 9444 9546 9541
f 9338 8650 8833
f 9485 9460 9659
f 8714 9320 8715
f 8695 8776 9730
f 9034 9731 9041
f 9040 8939 8898
f 9503 8796 9504
f 9629 9732 9721
f 8803 8802 8705
f 9728 9733 9734
f 9500 9735 8985
f 9736 8982 9620
f 9738 8731 9737
f 9395 9140 9731
f 8939 9140 8899
f 9696 8655 8654
f 8954 9739 9500
f 9740 9192 8976
f 8975 8943 9202
f 8840 9273 9272
f 9107 9106 8837
f 8839 9227 9107
f 9688 9291 9689
f 8703 8841 8843
f 8971 9741 9742
f 9612 9416 9743
f 8741 9426 8742
f 8860 8741 9396
f 9744 9673 9672
f 9458 9627 9443
f 9745 9746 9280
f 9747 9723 9382
f 9747 9748 9644
f 9268 9738 9269
f 8937 9623 9517
f 9452 9115 9117
f 9749 9579 9750
f 9702 8774 8773
f 9236 8796 8798
f 8832 9568 9214
f 9701 9598 9751
f 9349 9307 9306
f 9752 9511 9078
f 9752 9535 9067
f 9391 9753 9124
f 9390 9103 9392
f 8848 9754 9755
f 9756 9674 9757
f 9758 9000 8998
f 9758 9085 9087
f 9715 9478 8812
f 9759 9510 9072
f 9759 9539 9062
f 9760 9469 9403
f 9760 9076 9081
f 9720 9364 9366
f 9720 9761 9762
f 9763 9764 8843
f 9765 9653 8842
f 9766 9085 9083
f 9766 9088 9389
f 9634 9650 9276
f 9059 9511 9049
f 9767 9031 9406
f 9767 9172 9036
f 9053 9768 9237
f 9768 9510 9044
f 9697 9623 9624
f 8816 8644 9215
f 9769 9076 9078
f 9769 9770 9222
f 9771 9006 9004
f 9771 9096 9098
f 9483 9659 9459
f 9772 9521 9522
f 9773 9588 8790
f 9549 8934 8941
f 9774 9034 9041
f 9774 9037 9032
f 9597 9775 9420
f 9776 9271 9275
f 9248 9777 9778
f 9779 8931 9619
f 9779 9619 9618
f 9637 9168 8956
f 8954 9500 8988
f 8949 9439 9780
f 9781 9641 8936
f 9715 9782 9783
f 9779 8982 8981
f 9648 8709 8708
f 9409 9784 9785
f 8880 9157 9786
f 9787 9788 9338
f 8891 8890 8992
f 8891 9789 9790
f 9080 9079 9791
f 9760 9080 9469
f 9597 9571 9775
f 9534 9160 9573
f 8871 9285 9792
f 9610 9379 9114
f 8656 9732 9628
f 9388 9389 9793
f 9794 9583 9246
f 9425 9347 9750
f 9795 8669 9435
f 8828 9796 9795
f 9797 9798 8990
f 9797 9718 9496
f 8986 8692 8691
f 8692 9405 9799
f 9800 9801 9322
f 9800 9125 9471
f 9557 9802 8869
f 9802 9115 9119
f 9560 9778 9446
f 9135 9380 9669
f 9641 9581 9565
f 8769 9323 9322
f 9803 8878 8877
f 9776 9551 9272
f 9804 9662 9805
f 9630 8715 9356
f 9483 9482 9659
f 8792 9343 8793
f 9806 9419 9275
f 9806 9421 9149
f 9661 9807 8819
f 9808 9308 9327
f 9719 9718 9809
f 9719 9761 9455
f 9810 9012 9014
f 9810 9000 9002
f 9811 9225 9279
f 9812 9026 9028
f 9812 9006 9008
f 9583 9794 9582
f 9582 9501 9589
f 8737 8848 8735
f 9409 9813 9784
f 9649 9685 9684
f 9363 8777 8779
f 9607 9687 9606
f 9411 9166 9780
f 9803 9538 9537
f 9803 8980 9706
f 9789 8911 8935
f 9091 9550 9092
f 9814 9421 9274
f 9314 9814 8659
f 9605 9645 9815
f 9816 9165 9815
f 9817 9065 9067
f 9817 9012 9016
f 9818 9764 9683
f 8861 8900 8864
f 9819 9604 8732
f 9604 9224 8745
f 9820 9060 9062
f 9820 9026 9030
f 9558 9821 9559
f 9822 9400 9264
f 9823 9070 9072
f 9823 8921 9158
f 9724 9608 9197
f 9431 9020 9022
f 8994 9824 9195
f 9402 9023 9025
f 9760 9402 9076
f 8912 9825 8824
f 9800 9472 9801
f 9487 9472 9488
f 9718 9464 9809
f 9809 9470 9480
f 8658 8743 8742
f 9765 8842 9826
f 9827 9093 9095
f 8886 9742 9745
f 8886 9732 8887
f 9394 9828 9612
f 9829 9147 9149
f 9534 9573 8829
f 9263 9292 9456
f 9671 9470 9445
f 8870 8869 9802
f 9542 9346 9345
f 8787 9331 8785
f 9830 9538 8877
f 9601 9586 8667
f 8677 8932 8764
f 9831 9031 9033
f 9831 9070 9407
f 9832 9245 8845
f 9460 9485 9637
f 8950 9485 9213
f 8991 9833 9658
f 9255 9833 9091
f 9453 9479 9454
f 9720 9453 9761
f 8885 9426 9427
f 9742 8886 9652
f 9585 9586 9599
f 8925 9138 8708
f 9834 9085 9105
f 9834 9519 9084
f 9835 8817 8816
f 9836 9374 9064
f 9836 9401 9016
f 9837 9373 9069
f 9837 9401 9030
f 9358 9147 9146
f 9838 9132 9134
f 9838 9017 9024
f 9839 9376 9046
f 9839 9374 9002
f 9458 9443 9840
f 9841 9378 9051
f 9841 9373 9008
f 9575 9783 8687
f 9200 9199 9842
f 9762 9175 9843
f 9762 9761 9844
f 9845 9135 9136
f 9845 9112 9114
f 9558 9572 9821
f 9571 9073 9775
f 9159 9786 9157
f 9846 9847 8808
f 9848 9849 8958
f 9848 8882 9576
f 9850 9684 8765
f 9580 8945 9692
f 9156 9707 8837
f 9705 9156 9155
f 9851 9153 8686
f 9152 9422 9852
f 9297 9296 9853
f 9854 9539 9033
f 9854 9037 9028
f 9646 9396 9267
f 9855 9132 9515
f 9855 9109 9130
f 9369 8667 9585
f 9602 8668 8667
f 9856 9535 9025
f 9856 9017 9014
f 8741 8860 8859
f 8983 8984 8669
f 9857 9180 9179
f 9789 8993 8909
f 9036 9172 9145
f 9767 9036 9035
f 9858 9000 9019
f 9858 9375 8999
f 9859 9726 9057
f 9512 9059 9058
f 9370 9459 8989
f 9370 9372 9726
f 9860 9861 9549
f 9861 9862 9863
f 8840 9350 9333
f 9247 9622 9621
f 9622 9250 9251
f 8886 9721 9732
f 9715 9513 9827
f 9864 9109 9136
f 9864 8800 9131
f 9365 9053 9236
f 9768 9053 9052
f 9565 8936 9641
f 9591 9590 9330
f 9487 8673 9640
f 9785 9865 9217
f 9651 9107 9227
f 9246 9832 9010
f 8698 9532 8696
f 9707 9620 8838
f 9466 9742 9652
f 9652 9467 9466
f 9306 9305 9866
f 9036 9395 9034
f 9140 9395 9394
f 9720 9366 9453
f 9547 9276 9650
f 9413 9412 9531
f 9865 9785 9784
f 9476 9475 9867
f 9588 9253 9868
f 9505 8668 9440
f 9791 9079 9869
f 9791 9209 9211
f 9831 9406 9031
f 9767 9406 9173
f 9745 9742 9741
f 8886 9745 9721
f 9244 9583 9336
f 9822 9670 9400
f 9729 9670 8775
f 9519 9870 9871
f 9452 9871 9429
f 8711 8713 9151
f 8852 8851 9396
f 9185 9605 8683
f 9185 9142 9645
f 8769 9872 8770
f 9632 9872 9811
f 9166 9168 9780
f 9170 9698 9624
f 9873 9093 9127
f 9873 9321 9101
f 8909 9359 8910
f 8935 8911 8933
f 9543 9740 9190
f 9545 9590 9543
f 9518 8672 9866
f 9588 9773 9516
f 9678 9363 9362
f 9361 9162 9874
f 8851 9267 9396
f 9592 8864 8900
f 8849 9755 9546
f 8769 9801 8857
f 9367 9753 9102
f 9367 9321 9323
f 8662 9875 9826
f 8920 9875 8763
f 8977 9234 9525
f 9876 9750 9579
f 9877 9648 9647
f 9674 9661 9298
f 9878 9474 9119
f 9878 9428 8905
f 8808 9879 9846
f 9523 9003 9005
f 8949 9780 9168
f 9411 9780 9438
f 9880 9849 9498
f 9880 9175 8959
f 9869 9079 9223
f 9869 8873 9881
f 8662 9826 8663
f 9317 9737 9691
f 9177 9537 9695
f 9803 9177 9176
f 9718 9797 9181
f 9181 8972 9882
f 9883 9375 9134
f 9883 9129 9022
f 8718 9436 8984
f 8915 9709 8916
f 9538 9159 9536
f 9716 8923 8922
f 9884 9723 9113
f 9884 8853 9383
f 8757 8756 9243
f 8954 8956 9739
f 9835 9333 9351
f 9853 8713 8803
f 9502 9388 9503
f 9502 9376 9087
f 9188 9885 9886
f 9686 9553 9256
f 8885 9652 8886
f 9419 9148 9386
f 8960 9793 8961
f 9507 9390 9508
f 9507 9378 9098
f 9887 9096 9094
f 9887 9099 9103
f 9501 9500 9739
f 9739 9167 9589
f 8897 9415 8693
f 9311 9634 9888
f 9889 8698 8697
f 9456 9143 8681
f 9890 9219 9011
f 9794 9010 9009
f 9753 9891 9124
f 9601 8666 9291
f 9892 9673 9596
f 8980 9498 8981
f 9548 9481 9392
f 9665 9664 9893
f 9314 8720 9600
f 9814 9314 9423
f 9894 9020 9520
f 9894 8997 8999
f 9403 8906 9704
f 9760 9403 9402
f 9676 8964 9171
f 8795 9340 9339
f 9660 9895 9230
f 8846 8845 9641
f 9896 9531 9897
f 9147 9358 9357
f 9898 9691 8820
f 9622 9247 9899
f 9860 8995 8994
f 9534 8995 9160
f 9799 9405 9223
f 9799 9770 8856
f 9880 9498 9176
f 8981 9498 8930
f 9776 9420 9775
f 9585 8661 9369
f 9890 9900 9901
f 8944 9541 9692
f 9542 8944 9368
f 9774 9035 9034
f 9767 9035 9031
f 9497 9218 9217
f 8737 9580 9754
f 9867 9475 9212
f 9867 9199 9473
f 9163 8915 9164
f 9902 9903 9488
f 9902 9437 8913
f 9616 9525 9524
f 9656 9726 9859
f 8962 9454 9479
f 9581 8965 9677
f 8646 9215 8644
f 9904 9905 8644
f 8772 9174 9663
f 8772 8774 9357
f 9906 9096 9121
f 9906 9477 9095
f 9907 9006 9039
f 9907 9377 9005
f 9908 9525 8699
f 9908 9428 9909
f 9735 9500 9499
f 9735 9405 8986
f 8653 9404 9194
f 9889 8697 9910
f 9911 9082 9117
f 9911 9556 9090
f 8769 9322 9801
f 9800 9322 9126
f 9138 8925 9654
f 9053 9365 8922
f 8698 9889 9879
f 9372 8856 9057
f 9880 9176 9175
f 9803 9176 8980
f 9708 8917 8916
f 9611 8686 8685
f 9472 9800 9471
f 9417 9788 8645
f 9912 9617 8818
f 9688 8894 8896
f 9290 9913 9291
f 9914 9047 9049
f 9914 9065 9069
f 9915 9042 9044
f 9915 9060 9064
f 8799 9524 9235
f 9729 8799 8801
f 8971 9824 9741
f 8996 9280 9746
f 9867 9183 9199
f 9122 9891 9842
f 9526 9569 9570
f 9787 8646 8645
f 8963 9411 8964
f 9195 9916 8994
f 9916 9862 9861
f 9790 9789 9917
f 9790 9474 8889
f 9221 8873 8875
f 9221 9220 9918
f 9877 9647 9919
f 9793 9092 9550
f 9844 9761 9480
f 9844 8957 8959
f 8771 9302 9304
f 9690 9920 9412
f 9921 8858 9445
f 9921 9462 9427
f 8751 9635 9128
f 8847 8758 8848
f 9863 9862 9657
f 9863 8871 9792
f 9921 8859 8858
f 8741 8859 9426
f 9922 9352 9385
f 9922 9569 8738
f 9903 8824 9713
f 8945 9580 8680
f 8856 9770 9058
f 9869 9223 8874
f 9799 9223 9222
f 9299 9523 8898
f 9377 9041 9040
f 8934 8933 8941
f 8800 9235 9430
f 9431 9430 9714
f 9735 9923 9405
f 9923 9009 8875
f 8793 9727 9283
f 9139 9394 9743
f 8880 9786 9830
f 9917 8871 8870
f 9790 8870 9474
f 9924 9209 9570
f 9924 9381 9383
f 8831 9218 9722
f 9420 9598 9597
f 9916 8991 9862
f 9833 8991 8990
f 9053 8922 8921
f 9716 8922 9364
f 9197 9925 8927
f 9330 9590 9594
f 9773 9266 9516
f 9776 9272 9271
f 8840 9272 9350
f 9766 9389 9086
f 9793 9389 9092
f 9926 9418 9927
f 9075 9551 9073
f 9407 9070 9399
f 9831 9407 9406
f 9166 8963 9491
f 9928 9649 9188
f 9752 9078 9077
f 9769 9078 9512
f 9667 9193 9194
f 9803 9706 8878
f 8834 8836 9666
f 9325 9636 9329
f 9567 8941 9161
f 9860 9567 8995
f 9870 9519 9520
f 9870 9694 9909
f 8794 8847 8849
f 9328 9180 9410
f 9402 9025 9077
f 9856 9025 9024
f 9643 9852 8895
f 9053 9237 9236
f 8917 9708 8823
f 8916 9709 9055
f 9329 9635 8751
f 8752 8671 9655
f 9827 9127 9093
f 9873 9127 9126
f 9358 9145 9172
f 9036 9145 9395
f 9468 9469 9211
f 9468 8853 8855
f 9929 9781 8936
f 9156 8837 9106
f 9830 9159 9538
f 8923 9159 9158
f 9930 9112 9111
f 9930 9514 8855
f 9931 9241 8929
f 9749 9346 8867
f 9799 9222 9770
f 9769 9222 9081
f 8845 9900 9832
f 9172 9767 9173
f 9802 9119 8870
f 9878 9119 9118
f 9221 9011 9219
f 9890 9011 9010
f 9827 9478 9715
f 8743 8658 8852
f 9758 9087 9001
f 9502 9087 9086
f 9876 9579 9578
f 9794 9499 9501
f 9499 9009 9923
f 9654 8826 8825
f 8674 9713 9231
f 9526 9570 9881
f 9924 9570 9384
f 9872 8857 8746
f 9932 9640 8673
f 9831 9033 9071
f 9854 9033 9032
f 8828 9783 9730
f 9806 9149 9148
f 9829 9149 9153
f 9771 9098 9007
f 9507 9098 9097
f 9444 9339 9341
f 9568 9442 9441
f 9043 9238 9237
f 9238 9376 9504
f 9933 9859 9048
f 9933 9378 9509
f 9610 9113 9141
f 9884 9113 8854
f 9525 9908 8977
f 9327 9208 9934
f 9759 9072 9071
f 9823 9072 9052
f 9797 8990 9181
f 9762 8959 9175
f 9880 8959 8958
f 9800 9126 9125
f 9873 9126 9321
f 9745 9281 9721
f 9829 9828 9146
f 8881 9805 9662
f 9804 9154 9703
f 9935 8817 9351
f 9935 9074 9681
f 8889 9474 8904
f 9814 9273 8659
f 9593 8810 8758
f 9629 9722 9497
f 9936 9579 8948
f 9936 9587 9577
f 9758 9001 9000
f 9839 9001 9376
f 9771 9007 9006
f 9841 9007 9378
f 9829 9153 9851
f 9152 9153 9423
f 8926 8710 9603
f 8826 9654 8924
f 8670 9796 8953
f 9796 9730 8776
f 9810 9002 9015
f 9839 9002 9001
f 9812 9008 9029
f 9841 9008 9007
f 9747 9385 9352
f 9922 9385 9384
f 9906 9094 9096
f 9887 9094 9100
f 9924 9210 9209
f 9468 9210 8853
f 9769 9512 9770
f 9059 9512 9511
f 9806 9148 9419
f 9751 9386 9702
f 9723 9644 9141
f 9188 9261 9885
f 9823 9052 8921
f 9768 9052 9510
f 9261 8665 9259
f 9790 9917 8870
f 9610 9114 9113
f 9845 9114 9380
f 9732 8658 8887
f 9460 9637 8955
f 9193 9398 9397
f 9752 9067 9066
f 9817 9067 9013
f 9418 9904 9927
f 9937 9938 9926
f 8850 8852 8657
f 9864 8801 8800
f 9759 9062 9061
f 9820 9062 9027
f 8882 9671 8883
f 8883 8858 8973
f 9812 9028 9039
f 9854 9028 9027
f 9288 8864 9772
f 9865 8783 9217
f 8786 9533 8787
f 9407 8987 9408
f 9810 9014 9019
f 9856 9014 9013
f 8954 9461 8955
f 8940 8910 9362
f 9594 9590 9545
f 9313 8983 9128
f 9890 9939 9219
f 9191 9605 9189
f 9190 9740 9191
f 9791 9881 9209
f 9526 9881 8873
f 9668 9404 8755
f 9653 9561 9940
f 9874 9161 8941
f 9941 9282 9284
f 9941 9821 9226
f 9128 8983 8669
f 9132 9838 9393
f 9393 9023 9704
f 9221 8875 9011
f 9923 8875 8874
f 9858 8998 9000
f 9758 8998 9105
f 9131 8800 9430
f 9864 9131 9130
f 9514 8908 8907
f 8906 9469 8907
f 9200 9302 8770
f 8871 8935 9285
f 9845 9136 9111
f 9864 9136 8801
f 9227 8839 9387
f 8819 8818 9617
f 9941 9228 9413
f 9745 9741 9746
f 9907 9004 9006
f 9771 9004 9121
f 9838 9018 9017
f 9858 9018 9375
f 9080 9211 9469
f 9468 9211 9210
f 9766 9086 9085
f 9502 9086 9388
f 9869 8874 8873
f 9923 8874 9405
f 9230 8901 8903
f 9542 9345 9444
f 9515 9450 8908
f 9855 9515 9110
f 8755 9596 9595
f 9433 8704 9287
f 9769 9081 9076
f 9760 9081 9080
f 9714 9430 9235
f 9546 9444 9341
f 9834 9083 9085
f 9766 9083 9089
f 9887 9097 9096
f 9507 9097 9390
f 9884 8854 8853
f 9930 8854 9112
f 9246 9583 9244
f 9794 9246 9010
f 9803 8877 9538
f 8966 9830 8877
f 9820 9030 9063
f 9837 9030 9029
f 9622 9899 9250
f 9354 8969 8968
f 9817 9016 9068
f 9836 9016 9015
f 9325 9942 9290
f 9348 9711 9349
f 9657 9556 9557
f 9263 9262 9293
f 8737 9263 9580
f 9391 9102 9753
f 9367 9102 9101
f 9411 8963 9166
f 8963 9336 9491
f 9192 9740 8863
f 8975 9192 8868
f 9827 9513 9127
f 9776 9275 9420
f 9806 9275 9274
f 8930 8931 8981
f 9452 9117 9084
f 9911 9117 9116
f 9880 8958 9849
f 9848 8958 9301
f 9456 8681 8680
f 9263 9293 9292
f 9091 9088 9090
f 9091 9798 9550
f 9894 9104 8997
f 9834 9104 9519
f 9238 9043 9046
f 9059 9048 9859
f 9933 9048 9051
f 9199 9201 9447
f 9473 9777 9621
f 9916 9195 8991
f 9943 9857 9179
f 9276 8830 9634
f 9875 8662 8763
f 8684 9643 9205
f 8815 8817 9680
f 9908 8905 9428
f 9878 8905 8904
f 9894 9520 9104
f 9870 9520 9563
f 9944 9475 9251
f 9944 9439 8951
f 9844 9300 8957
f 9671 9300 9470
f 9894 9021 9020
f 9883 9021 9375
f 9945 8724 8890
f 9946 9840 8888
f 9457 8700 9615
f 9908 8699 8905
f 9884 9382 9723
f 9747 9382 9385
f 9806 9274 9421
f 9814 9274 9273
f 9591 9772 9592
f 9756 9315 9898
f 9391 9103 9102
f 9887 9103 9097
f 9140 9394 9139
f 8753 9262 8754
f 9404 9822 8753
f 8842 8841 9609
f 9763 8842 9653
f 8757 8914 8913
f 8718 8757 9436
f 9226 9572 9651
f 9941 9226 9228
f 9854 9032 9037
f 9774 9032 9035
f 9663 9662 9703
f 9699 9703 9154
f 9152 9423 9422
f 9814 9423 9421
f 8923 9158 8921
f 9823 9158 9399
f 8971 8970 9195
f 8824 9903 8912
f 9197 9196 9724
f 9542 9368 9346
f 9368 8943 8868
f 9863 9557 8869
f 9802 9557 9116
f 9812 9039 9006
f 9907 9039 9038
f 8766 9260 8767
f 9449 8727 8750
f 9810 9019 9000
f 9858 9019 9018
f 9931 9171 9947
f 8939 9041 9731
f 9774 9041 9038
f 9829 9146 9147
f 9358 9146 9145
f 9135 9845 9380
f 9380 9379 9400
f 9719 9480 9761
f 9844 9480 9300
f 9835 9351 8817
f 9935 9351 9075
f 9816 9815 9748
f 9120 9523 9477
f 9774 9038 9037
f 9907 9038 9377
f 9367 9101 9321
f 9873 9101 9100
f 9622 9251 9476
f 9944 9251 9242
f 9837 9069 9068
f 9914 9069 9050
f 9836 9064 9063
f 9915 9064 9045
f 9831 9071 9070
f 9759 9071 9539
f 9855 9110 9109
f 9930 9110 9514
f 9878 8904 9474
f 9945 8889 8904
f 9902 8688 9437
f 9818 8843 9764
f 9172 8772 9358
f 9468 8855 8907
f 9930 8855 8854
f 9402 9077 9076
f 9752 9077 9535
f 9912 9387 8839
f 9569 9526 9918
f 9679 9165 9164
f 9835 8816 9614
f 8815 8644 8816
f 9460 8955 9461
f 9379 9610 9143
f 9198 8968 8967
f 9244 9336 9581
f 9848 9301 8882
f 9671 9301 9300
f 9921 9463 9462
f 9809 9463 9470
f 9551 9075 9350
f 9935 9075 9074
f 8949 9168 9637
f 8687 8827 8688
f 9804 9155 9154
f 9705 9155 8876
f 9936 8862 8861
f 9192 8862 8866
f 9255 9090 9556
f 9911 9090 9089
f 9884 9383 9382
f 9924 9383 9210
f 9758 9105 9085
f 9834 9105 9104
f 9437 9436 8913
f 8932 8676 9224
f 9442 9184 8652
f 8652 8833 8650
f 9871 9909 9429
f 9908 9909 8978
f 9369 9602 8667
f 9242 9241 9439
f 9771 9121 9096
f 9906 9121 9120
f 9678 9528 9948
f 9294 8844 8846
f 9188 9648 8708
f 8713 8712 9239
f 9840 8725 8888
f 9856 9024 9017
f 9838 9024 9393
f 9452 9084 9519
f 9834 9084 9083
f 8895 9422 9600
f 8684 9852 9643
f 9823 9399 9070
f 9399 9157 8987
f 9240 9250 9354
f 9944 9242 9439
f 9845 9111 9112
f 9930 9111 9110
f 8656 8658 9732
f 9805 8880 8966
f 9855 9133 9132
f 9883 9133 9129
f 9238 9046 9376
f 9839 9046 9045
f 9933 9051 9378
f 9841 9051 9050
f 8946 8647 9540
f 8649 8821 8647
f 9156 9700 9154
f 9517 8938 8937
f 9247 9249 9893
f 9477 9299 9478
f 9915 9061 9060
f 9759 9061 9510
f 9914 9066 9065
f 9752 9066 9511
f 9875 8919 9765
f 8919 8918 9778
f 9875 8920 8919
f 9666 9665 8763
f 9408 8987 8879
f 8902 8647 8821
f 9870 9563 9694
f 9431 9563 9020
f 9718 9882 9464
f 9809 9464 9463
f 9949 9230 9054
f 9317 9691 9898
f 9838 9134 9018
f 9883 9134 9133
f 9749 8948 9579
f 9936 8948 8862
f 9452 9118 9115
f 9878 9118 9428
f 9368 8867 9346
f 9749 8867 8948
f 9159 9830 9786
f 9805 8881 8880
f 9671 9445 8883
f 9921 9445 9463
f 9543 8863 9740
f 9192 8863 8862
f 9488 9903 9489
f 9138 9654 9232
f 9851 9612 9828
f 9812 9029 9026
f 9837 9029 9373
f 9442 8652 9506
f 9820 9027 9026
f 9854 9027 9539
f 9810 9015 9012
f 9836 9015 9374
f 9637 8956 8955
f 9697 9698 9608
f 9817 9013 9012
f 9856 9013 9535
f 9820 9063 9060
f 9836 9063 9401
f 9817 9068 9065
f 9837 9068 9401
f 9212 9475 9638
f 9867 9212 9183
f 9635 9636 9313
f 9059 9049 9048
f 9914 9049 9066
f 9827 9095 9478
f 9906 9095 9094
f 9768 9044 9043
f 9915 9044 9061
f 9773 8790 9266
f 9073 9558 9074
f 9874 9162 9161
f 9830 8966 8880
f 9804 8966 9155
f 9427 9462 9467
f 9921 9427 8859
f 9950 9418 9926
f 9108 9951 9597
f 8920 9665 9249
f 8688 8827 9437
f 9435 8827 9795
f 9864 9130 9109
f 9855 9130 9133
f 9666 8763 8762
f 8918 8920 9249
f 9523 9120 9003
f 9906 9120 9477
f 9766 9089 9088
f 9911 9089 9082
f 9887 9100 9099
f 9873 9100 9093
f 8975 8868 8943
f 9368 8868 8867
f 9131 9431 9129
f 9883 9022 9021
f 9290 9952 9312
f 9934 9207 8805
f 9802 9116 9115
f 9911 9116 9556
f 9858 8999 8998
f 9894 8999 9021
f 9924 9384 9381
f 9922 9384 9569
f 9914 9050 9047
f 9841 9050 9373
f 9915 9045 9042
f 9839 9045 9374
f 8737 8736 9263
f 8887 8742 9426
f 9523 9005 9040
f 9907 9005 9004
f 8991 9658 9862
f 9532 8802 9627
f 9363 9678 9948
f 8651 9552 9554
f 9673 9892 8759
f 9362 8910 9360
f 9853 9953 9297
f 9890 9901 9939
f 9713 9489 9903
f 9531 8730 9897
f 8668 9954 8666
f 9676 9171 9170
f 9549 9792 9285
f 8668 9602 9440
f 9698 9170 9608
f 9649 9928 9685
f 9687 8649 8648
f 9842 9891 9303
f 9458 8696 9627
f 8836 9608 9724
f 9524 9234 9235
f 9257 9553 9417
f 8755 9892 9596
f 8795 9955 8749
f 9571 9558 9073
f 9955 9956 9957
f 9675 8836 9724
f 9737 9920 9690
f 9958 9910 9667
f 9835 9614 9214
f 9247 9893 9899
f 9680 9728 8815
f 9888 9573 9160
f 8690 8856 9371
f 8728 9689 8729
f 9865 9784 9320
f 9597 9951 9571
f 9369 9451 9441
f 9135 9729 8801
f 9892 8754 8759
f 8670 9795 9796
f 8989 9461 8988
f 9693 8767 9260
f 9583 9490 9336
f 9527 9547 9410
f 9943 9530 9319
f 9798 9833 8990
f 9943 9179 9310
f 9919 8732 8709
f 9576 8882 9868
f 9576 8785 9959
f 9733 9727 8793
f 9144 9828 9394
f 8651 9312 9505
f 8775 9670 9822
f 9451 9835 9214
f 9764 8872 9683
f 9631 9630 9356
f 9846 9879 9889
f 9411 9438 9947
f 9365 8798 9366
f 8954 8988 9461
f 9925 9197 9608
f 9653 9765 9562
f 9708 9229 8903
f 9676 9170 9624
f 8783 9865 8714
f 9492 8808 9493
f 9720 9762 9717
f 9334 9451 9369
f 9626 9056 9055
f 9453 9455 9761
f 9719 9455 9484
f 8891 8993 9789
f 9954 9952 9289
f 9352 9165 9816
f 9929 8938 9607
f 8704 9433 9432
f 9290 9636 9325
f 9435 8984 9436
f 8749 9955 9957
f 8747 9957 9960
f 8656 9631 9356
f 8789 9646 8790
f 9270 8787 9533
f 9252 8786 8785
f 9848 9959 9849
f 8747 9960 9712
f 8735 8759 8736
f 8930 9959 8722
f 8682 8683 9191
f 9243 8914 8757
f 9240 8929 9241
f 8670 8953 8952
f 9942 9689 9913
f 9738 9316 9961
f 8937 9566 9623
f 9487 9489 8673
f 9596 9744 9494
f 9891 9753 9304
f 9751 9598 9419
f 8692 8986 9405
f 9735 8986 8985
f 9832 9246 9245
f 9900 8845 9660
f 9666 8762 8834
f 8848 8737 9754
f 9074 9559 9681
f 9337 9788 9552
f 9919 9850 8764
f 9859 9057 9059
f 9343 9342 9733
f 9439 9438 9780
f 8722 9959 9332
f 9801 9640 8857
f 8674 8673 9489
f 8678 9561 9277
f 9824 9746 9741
f 9916 9861 9860
f 9898 9807 9756
f 9591 9330 8822
f 9892 8755 8754
f 9815 9189 9605
f 9533 8731 9564
f 9318 9813 9857
f 9428 9429 9909
f 9749 9750 9347
f 9471 9575 9574
f 9466 9882 8972
f 9473 9447 9777
f 9948 8807 8806
f 8651 9505 9506
f 8799 8655 9696
f 9782 9715 8814
f 8769 8857 9872
f 8885 8887 9426
f 9568 9184 9442
f 9204 8761 8760
f 9582 9589 9490
f 9860 8994 9916
f 9613 9895 9294
f 9324 9942 9325
f 8911 8940 8933
f 8807 8643 9309
f 9252 9868 9253
f 8837 9707 8838
f 9532 8705 8802
f 8975 8976 9192
f 9191 8976 8682
f 9286 8704 8767
f 8937 8936 9565
f 9764 8811 8872
f 9886 9885 8766
f 8824 9825 8825
f 9235 8979 9714
f 9204 9416 9611
f 9319 8715 9320
f 9318 9857 9319
f 9416 8760 9414
f 9775 9073 9551
f 9139 9415 8899
f 9660 9230 9949
f 8813 8812 9299
f 9869 9881 9791
f 9912 8818 9387
f 8648 8647 8947
f 9901 9900 9660
f 8702 9432 9609
f 8694 8953 8776
f 8813 8693 8695
f 8820 8893 8818
f 9809 9480 9719
f 8753 8755 9404
f 9441 9451 9568
f 9228 8892 9413
f 9591 8822 9518
f 9794 9009 9499
f 9533 9265 9356
f 9730 9783 9782
f 9799 8856 8692
f 9228 8893 8892
f 9239 8803 8713
f 9677 9624 9566
f 9499 9923 9735
f 9224 8746 8745
f 9776 9775 9551
f 9265 9254 9253
f 9807 8820 8819
f 9576 9959 9848
f 9588 9868 8884
f 9576 9868 9252
f 9791 9211 9080
f 9962 9529 9256
f 9688 9601 9291
f 9492 9494 8809
f 8949 8951 9439
f 9944 8951 9638
f 9415 8897 8899
f 9332 8785 9331
f 8736 8759 8754
f 8733 8734 9615
f 9842 9303 9200
f 9340 8794 8849
f 9182 9486 9123
f 9654 8825 9232
f 9415 9139 9743
f 9575 9471 9125
f 9867 9473 9476
f 9363 9948 8806
f 9844 8959 9762
f 9345 9424 9339
f 9721 9722 9629
f 9850 9919 9647
f 9502 9504 9376
f 9238 9504 8796
f 9507 9509 9378
f 9933 9509 9656
f 9206 9328 9410
f 9632 9279 9633
f 9693 9259 9286
f 9785 9217 9527
f 8900 8863 9543
f 9359 8909 9150
f 9863 9792 9861
f 9370 9726 9725
f 9790 8889 8891
f 9886 9963 9186
f 8703 9963 8768
f 8664 9964 8662
f 9672 8758 8810
f 9413 9531 9282
f 8756 9137 9243
f 9457 9458 9840
f 9451 9214 9568
f 9519 9871 9452
f 9683 8765 9684
f 8927 9198 9197
f 8900 9543 9590
f 8789 8788 8860
f 8994 8996 9824
f 8808 8810 8706
f 9512 9058 9770
f 8807 9309 9808
f 8860 9396 8789
f 9043 9237 9768
f 9527 9216 9276
f 9849 8930 9498
f 9190 9189 9679
f 9427 9467 8885
f 8810 8809 9672
f 9320 8714 9865
f 8973 8860 8788
f 9352 9922 8740
f 9642 8727 9203
f 9625 8739 9626
f 8940 9362 9361
f 9904 9418 9905
f 9919 8709 9877
f 8736 8754 9262
f 9962 9937 9529
f 8701 9946 9945
f 9840 9946 9457
f 8735 8848 8758
f 8961 9793 9550
f 9667 9194 9668
f 8725 9335 8726
f 8725 9840 9443
f 9962 9256 9258
f 9257 9256 9553
f 9655 9449 8750
f 8724 9945 8888
f 9627 8696 9532
f 9220 8739 8738
f 8739 9939 9626
f 9702 9386 8774
f 9699 9702 9703
f 9625 9353 8740
f 8697 8696 8734
f 9398 8697 8733
f 9397 8733 9616
f 9616 9615 9965
f 9324 9326 8729
f 9667 9398 9193
f 8833 8652 9184
f 9939 8739 9219
f 9646 8789 9396
f 9876 9578 9711
f 8787 9270 9331
f 9331 9270 9269
f 9554 9529 8651
f 9642 8728 8727
f 8969 9893 9664
f 8973 8974 8884
f 9442 9506 9440
f 9215 9214 9614
f 9205 9642 9203
f 9326 8750 8727
f 9744 8809 9494
f 9966 9681 9559
f 9935 9681 9680
f 9230 8903 9229
f 8695 9730 9782
f 8950 8949 9637
f 9960 9957 9956
f 8722 8721 8931
f 9522 9866 9288
f 9870 9909 9871
f 9471 9574 8689
f 9399 8987 9407
f 9742 9466 8971
f 8911 8910 8940
f 8834 8762 9964
f 9266 8790 9646
f 8989 8691 9371
f 8757 8913 9436
f 9902 8913 8912
f 8718 8717 8757
f 9657 9557 9863
f 9789 8909 8911
f 9456 8680 9580
f 8698 9879 9532
f 9945 8904 8701
f 9434 8664 8663
f 9713 8674 9489
f 8723 9269 9298
f 9611 8685 9204
f 8685 8684 9205
f 9710 9344 8792
f 9434 8835 8664
f 9738 9268 9564
f 9457 9615 8734
f 9956 9967 9425
f 8761 8953 8694
f 8967 9196 9198
f 8903 8821 9708
f 8821 8649 8822
f 9951 9651 9571
f 9821 9283 9727
f 9282 9896 9283
f 8808 8706 9879
f 9513 9783 9575
f 9308 9808 9309
f 9946 8701 8700
f 8895 9852 9422
f 9152 9852 8684
f 9187 9186 9963
f 9187 9818 9685
f 9185 8683 8679
f 8912 8914 9825
f 9342 9937 9926
f 9525 9965 8699
f 9965 9615 8700
f 8835 9259 8836
f 9202 8945 8680
f 8807 9808 8805
f 8971 9195 9824
f 9950 9257 9418
f 8794 8706 8810
f 9946 8888 9945
f 9488 9472 8689
f 8947 9613 9687
f 9613 8947 9540
f 8702 8704 9432
f 8704 8768 8767
f 9756 9807 9661
f 9851 8686 9612
f 8684 8686 9152
f 8679 8681 9185
f 9261 9260 9885
f 8924 9713 8826
f 9764 9763 9940
f 9360 9297 9953
f 8703 9818 9187
f 8967 9675 9196
f 9804 9703 9662
f 9712 8748 8747
f 9412 8892 9691
f 9896 9897 8791
f 9563 9714 9694
f 8649 9518 8822
f 9764 9940 8811
f 9697 9517 9623
f 8703 8702 8841
f 9259 9693 9260
f 8744 8857 9932
f 8835 8834 9964
f 9187 9963 8703
f 9893 8969 9899
f 9281 8831 9722
f 8812 9478 9299
f 9329 9326 9325
f 9225 9224 8676
f 9711 9578 9349
f 9528 8643 8807
f 9899 9354 9250
f 9936 9577 9579
f 9578 9577 9584
f 9354 8968 9355
f 8984 9435 8669
f 9260 8766 9885
f 8861 9587 9936
f 9584 9587 9307
f 9659 9482 9486
f 9398 9910 8697
f 9410 9409 9527
f 8896 8895 9600
f 8865 9288 9305
f 8675 9231 9604
f 8732 9603 8710
f 8851 8850 9267
f 8708 8710 8925
f 9488 8689 8688
f 9314 9600 9422
f 8786 9254 9533
f 9167 9739 8956
f 9202 8680 8679
f 9587 8861 8865
f 9928 9188 9187
f 9744 9596 9673
f 8865 9307 9587
f 9311 8779 8778
f 9560 9446 9633
f 8750 9329 8751
f 9808 9327 9934
f 9966 9727 9682
f 8940 9874 8941
f 9334 8661 8660
f 9619 8819 9617
f 8840 8659 9273
f 9585 9599 8720
f 9604 9819 8932
f 9819 8732 9919
f 9327 9328 9208
f 9847 9958 8808
f 8980 9736 9706
f 8860 8973 8858
f 9270 9564 9268
f 8890 8724 8942
f 9668 9194 9404
f 9595 9668 8755
f 8721 9619 8931
f 9779 9618 8982
f 8882 8884 9868
f 8884 8883 8973
f 8962 9479 8960
f 8969 9354 9899
f 9689 9291 9913
f 8831 9216 9218
f 9595 9493 9958
f 9409 9180 9813
f 8831 9281 8829
f 8975 9202 8682
f 9779 8981 8931
f 9543 9190 9544
f 9667 9595 9958
f 9639 9483 9725
f 9394 9612 9743
f 9813 9318 9784
f 9734 9733 9342
f 9566 9565 9581
f 9206 8778 9207
f 9618 9617 9620
f 9458 8734 8696
f 9849 9959 8930
f 9616 9965 9525
f 9517 9687 8938
f 9397 9696 8654
f 8702 9609 8841
f 8842 9609 9826
f 9241 9947 9438
f 8703 8843 9818
f 9765 9826 9875
f 8663 9826 9609
f 9311 9888 8779
f 9160 9162 9888
f 8980 8982 9736
f 9137 9138 9232
f 9397 9616 9524
f 9643 8895 8894
f 9734 9342 9927
f 9040 8898 9523
f 8713 9853 9296
f 9632 9811 9279
f 9294 9895 8844
f 9728 9727 9733
f 9190 9679 9544
f 9913 9290 9942
f 8716 9497 8783
f 8974 8790 9588
f 9710 8791 9897
f 9164 8915 9544
f 9749 9347 9346
f 9690 9691 9737
f 9398 9667 9910
f 8900 9590 9592
f 9686 9529 9554
f 9946 8700 9457
f 9965 8700 8699
f 9846 9889 9847
f 8666 9601 8667
f 9240 9355 8929
f 9636 9290 9313
f 8678 9278 8676
f 9379 9143 9293
f 9677 8965 9676
f 9581 9677 9566
f 9417 8645 9905
f 8685 9205 9204
f 9629 9628 9732
f 8656 9628 9631
f 9872 8746 9811
f 9784 9318 9320
f 8775 9822 9404
f 9872 9632 8770
f 9964 8664 8835
f 9843 9717 9762
f 9201 9200 9632
f 9505 9312 8668
f 9278 9277 9279
f 9904 8815 9734
f 9639 9481 9483
f 9481 9548 9482
f 9182 9213 9486
f 8950 9213 9638
f 9813 9180 9857
f 8811 9940 8678
f 9472 9640 9801
f 9528 9362 9360
f 8650 9337 9552
f 8901 9613 9540
f 8894 9642 9643
f 9390 9392 9639
f 9548 9392 9391
f 9956 9711 9960
f 9317 9898 9315
f 9122 9182 9123
f 9661 9619 8721
f 9584 9307 9349
f 9316 9315 9757
f 9288 9866 9305
f 8671 8752 8669
f 9122 9124 9891
f 9391 9124 9548
f 9580 9692 9754
f 9891 9304 9303
f 8924 9231 9713
f 9056 9626 9939
f 9747 9644 9723
f 9866 8748 9306
f 9944 9638 9475
f 9212 9638 9213
f 9591 9521 9772
f 9553 9552 9788
f 8896 9600 9599
f 9898 8820 9807
f 9185 9645 9605
f 9645 9644 9748
f 9352 9748 9747
f 9441 9440 9602
f 9490 9589 9491
f 9938 9937 9962
f 9954 9312 9952
f 9956 9955 9967
f 9562 9778 9560
f 9367 9304 9753
f 8785 9332 9959
f 9657 9862 9658
f 8721 9298 9661
f 9142 8681 9143
f 9644 9142 9141
f 9896 9282 9531
f 9413 9282 9941
f 8752 9655 8750
f 9655 8952 9448
f 9258 9938 9962
f 8996 9746 9824
f 9488 8688 9902
f 8838 9912 8839
f 9226 9651 9227
f 9107 9651 9951
f 9283 9896 8791
f 9737 9316 9738
f 9446 9777 9447
f 8695 9782 8814
f 8928 9169 9931
f 9967 8795 9425
f 9819 9919 8764
f 9933 9656 9859
f 9648 9877 8709
f 9653 9940 9763
f 9958 9847 9910
f 9331 9269 8723
f 8666 9954 9289
f 9313 9128 9635
f 9508 9725 9656
f 9479 8798 8797
f 8796 9503 8797
f 9888 9634 9573
f 8952 8671 8670
f 8960 9503 9388
f 9743 9416 9415
f 9464 9882 9465
f 9181 9882 9718
f 9821 9572 9226
f 8983 9313 8719
f 9267 9356 9265
f 9639 9508 9390
f 9156 9106 9700
f 9941 9284 9821
f 9821 9284 9283
f 9961 9269 9738
f 9175 9177 9843
f 9798 9091 9833
f 9425 9750 9956
f 9462 9465 9467
f 9466 9465 9882
f 9204 9203 9448
f 8808 9492 8809
f 9250 9240 9242
f 9901 9660 9949
f 9709 9163 9353
f 9755 9754 9692
f 9172 9174 8772
f 9555 9174 9173
f 8932 9224 9604
f 8864 9592 9772
f 9934 9208 9207
f 9920 9737 9531
f 8772 9663 8773
f 9174 9555 9663
f 9739 9589 9501
f 9271 9273 9274
f 9262 9264 9293
f 9555 9408 8879
f 9951 9108 9107
f 9649 9684 9647
f 9781 9929 9295
f 8995 9567 9160
f 9640 9932 8857
f 8744 9932 8675
f 9716 9717 9695
f 9255 9556 9657
f 9683 8872 8765
f 8872 8677 8765
f 9162 8779 9888
f 8919 9562 9765
f 9947 9171 9411
f 9633 9279 9277
f 8753 9822 9264
f 8967 8969 9664
f 8920 8763 9665
f 9783 8828 8687
f 9696 9524 8799
f 9819 8764 8932
f 9379 9293 9264
f 9641 9244 9581
f 9148 9357 9386
f 9939 9901 9056
f 9963 9886 8766
f 9135 9669 9670
f 9400 9669 9380
f 9789 8935 9917
f 9736 9707 9705
f 9483 9459 9370
f 9459 9659 9460
f 9361 9874 8940
f 9180 9328 9178
f 9718 9484 9496
f 9370 8989 9371
f 8988 8985 8691
f 8766 8768 9963
f 9709 9353 9625
f 9287 9286 9259
f 8876 8878 9706
f 8835 9434 9287
f 9178 9310 9179
f 8909 8993 9150
f 9686 9554 9553
f 8800 8799 9235
f 8942 8724 8726
f 8970 8972 9181
f 9466 8972 8971
f 8648 8947 9687
f 9785 9527 9409
f 9825 8914 9233
f 9106 9108 9700
f 8926 8925 8710
f 9530 9943 9310
f 8846 9641 9781
f 8694 9414 8760
f 8805 9808 9934
f 9851 9828 9829
f 8952 8761 9448
f 9183 9842 9199
f 9711 9956 9876
f 9206 9208 9328
f 9207 8777 8805
f 8744 8675 8745
f 9254 9265 9533
f 9335 8804 8803
f 9549 8941 9567
f 8828 9795 8827
f 9966 9682 9681
f 9902 8912 9903
f 9243 9233 8914
f 9198 9355 8968
f 9715 9783 9513
f 8901 9230 9895
f 8804 9443 8802
f 9607 9295 9929
f 8828 9730 9796
f 8726 8712 8942
f 9335 8725 9443
f 9306 8748 9348
f 9162 9361 8779
f 9935 9680 8817
f 9132 9450 9515
f 9704 9450 9393
f 9794 9501 9582
f 9218 9497 9722
f 9403 9704 9023
f 9365 9236 8798
f 9803 9537 9177
f 9778 9562 8919
f 9513 9575 9125
f 9905 9418 9417
f 9688 8728 8894
f 8797 8960 9479
f 9496 9484 9454
f 9853 8705 9953
f 9515 8908 9514
f 8906 8908 9704
f 9608 9517 9697
f 9825 9233 8825
f 9469 8906 9403
f 9955 8795 9967
f 9305 9307 8865
f 9611 9612 8686
f 8687 8689 9574
f 9843 9177 9695
f 9530 9310 9309
f 9228 9387 8893
f 9603 9231 8926
f 9503 8960 8797
f 8791 8793 9283
f 9705 9706 9736
f 9388 9793 8960
f 9144 9146 9828
f 8669 9795 8670
f 8768 8704 8703
f 9866 9522 9518
f 9787 9338 8646
f 8979 9235 8977
f 9734 8815 9728
f 9355 9198 8927
f 9866 8749 8748
f 9289 9291 8666
f 9685 9818 9683
f 9835 9451 9333
f 9699 9154 9700
f 9797 9495 9798
f 8728 9642 8894
f 9950 9258 9257
f 9788 9417 9553
f 9711 9712 9960
f 9178 9308 9310
f 8726 9335 9239
f 9496 9495 9797
f 9560 9277 9561
f 9497 8716 9628
f 9904 8644 8815
f 9645 9748 9815
f 9734 9927 9904
f 9701 9700 9108
f 9433 9287 9434
f 9514 8907 8855
f 9620 9707 9736
f 8923 9536 9159
f 9536 9716 9695
f 9725 9508 9639
f 9244 9641 9245
f 9792 9549 9861
f 9961 9674 9269
f 9363 8779 9361
f 9777 9446 9778
f 8803 8705 9853
f 8792 9344 9343
f 9221 9918 9526
f 8738 9569 9220
f 9621 9777 9248
f 9673 8759 8758
f 9419 9598 9420
f 9495 9550 9798
f 8942 8992 8890
f 9200 9303 9302
f 9209 9881 9570
f 9733 8793 9343
f 9593 8794 8810
f 9352 8740 9353
f 9886 9186 9188
f 8935 8871 9917
f 9316 9757 9961
f 8946 9540 8947
f 9756 9757 9315
f 9137 8719 9313
f 8742 8887 8658
f 9055 9709 9625
f 9258 9950 9938
f 9527 9276 9547
f 9295 9607 9294
f 9397 8654 9193
f 9372 9057 9726
f 9699 9751 9702
f 8897 8693 8813
f 8693 9415 9414
f 9360 9953 9528
f 9333 8660 8840
f 8821 8903 8902
f 9664 9666 8836
f 9745 9280 9281
f 8992 8942 8711
f 9356 8850 8657
f 9945 8890 8889
f 9648 9188 9649
f 9630 8716 8715
f 9542 9541 8944
f 9617 9912 8838
f 8716 9631 9628
f 8708 9137 9313
f 9674 9961 9757
f 9863 8869 8871
f 9918 9220 9569
f 9922 8738 8740
f 9966 9559 9821
f 9843 9695 9717
f 9187 9685 9928
f 8675 9932 8673
f 9664 8836 9675
f 9342 9344 9937
f 9937 9897 9529
f 9815 9679 9189
f 9931 9947 9241
f 9889 9910 9847
f 9663 9703 8773
f 9680 9682 9728
f 9496 9454 8962
f 9238 8796 9236
f 9123 9486 9482
f 8764 9850 8765
f 9204 9448 8761
f 9167 9166 9589
f 9737 9317 9316
f 9419 9386 9751
f 9606 9687 9613
f 9225 9811 8746
f 8769 8771 9323
f 8928 9170 9169
f 9850 9647 9684
f 8928 9931 8929
f 9937 9344 9897
f 9500 8985 8988
f 9694 9714 8979
f 8653 9193 8654
f 9897 9344 9710
f 9200 8770 9632
f 9876 9956 9750
f 9948 9528 8807
f 8777 9207 8778
f 9255 9658 9833
f 8748 9712 9348
f 9088 9092 9389
f 9954 8668 9312
f 8770 9302 8771
f 9448 9449 9655
f 9943 9319 9857
f 8708 9261 9188
f 9787 8645 9788
f 8916 9229 9708
f 9122 9842 9183
f 9555 8881 9662
f 9171 9931 9169
f 8850 9356 9267
f 9534 8996 8995
f 8809 9744 9672
f 9473 9621 9476
f 8833 8646 9338
f 9054 9056 9949
f 9755 8849 8848
f 9676 8965 8964
f 9541 9546 9755
f 9555 9173 9408
f 9406 9408 9173
f 8695 8814 8813
f 9940 9561 8678
f 8892 8820 9691
f 9545 9544 9594
f 9900 9890 9832
f 8806 8805 8777
f 9625 8740 8739
f 8762 8662 9964
f 9412 9920 9531
f 9763 8843 8842
f 9942 8729 9689
f 9517 9518 9687
f 9860 9549 9567
f 9650 9311 9206
f 9949 9056 9901
f 9010 9832 9890
f 9347 9425 9424
f 8775 8655 9729
f 9352 9163 9165
f 9772 9522 9288
f 9701 9751 9699
f 8880 8987 9157
f 9925 9608 8928
f 9950 9926 9938
f 9694 8978 9909
f 9908 8978 8977
f 8644 9905 8645
f 9352 9816 9748
f 9756 9661 9674
f 9755 9692 9541
f 8749 9957 8747
f 9506 8652 8651
f 8846 9781 9295
f 9312 8651 9529
f 8976 9191 9740
f 8729 9942 9324
f 9679 9815 9165
f 9252 9254 8786
f 8939 9731 9140
f 9395 9731 9034
f 9493 8808 9958
f 9253 9588 9516
f 8928 8927 9925
f 8776 8953 9796
f 9290 9289 9952
f 9738 9564 8731
f 9926 9927 9342
f 9204 8760 9416
f 9613 8901 9895
f 9821 9727 9966
f 9248 9778 8918
f 9895 9660 8844
f 9546 9341 9340
f 9604 8745 8675
f 8936 8938 9929
f 9687 9607 8938
f 9893 9249 9665
f 8918 9249 9248
f 9296 9150 9151
f 8711 9151 8993
f 9804 9805 8966
f 9304 9323 8771
f 9701 9108 9598
f 8722 9332 8723
f 9337 9338 9788
f 8727 8729 9326
f 9968 7518 7516
f 7518 9968 7554
f 7504 9969 7529
f 9969 7504 8244
f 9970 7513 7512
f 7513 9970 7532
f 7540 9971 7542
f 9971 7540 8453
f 9972 7567 7566
f 7567 9972 7586
f 9973 7572 7570
f 7572 9973 7608
f 7558 9974 7583
f 9974 7558 8428
f 7594 9975 7596
f 9975 7594 8622
f 7617 9976 7619
f 9976 7617 8598
f 7626 9977 7630
f 9977 7626 8540
f 9978 7637 7634
f 7637 9978 8463
f 7612 9979 7647
f 9979 7612 8619
f 7656 9980 7658
f 9980 7656 8552
f 7651 9981 7675
f 9981 7651 7735
f 7684 9982 7686
f 9982 7684 7738
f 7665 9983 7669
f 9983 7665 7692
f 7679 9984 7701
f 9984 7679 7758
f 7711 9985 7715
f 9985 7711 7806
f 9986 7722 7719
f 7722 9986 7841
f 9987 7744 7742
f 7744 9987 8171
f 9988 7792 7791
f 7792 9988 7800
f 9989 7809 7810
f 7809 9989 7847
f 9990 7865 8015
f 7865 9990 8022
f 9991 7865 7929
f 7865 9991 7936
f 9992 7865 7864
f 7865 9992 8087
f 9993 7913 7914
f 7913 9993 7971
f 9994 7951 7952
f 7951 9994 7959
f 9995 7994 7992
f 7994 9995 8001
f 9996 7978 7979
f 7978 9996 8036
f 9997 8059 8057
f 8059 9997 8066
f 9998 8043 8044
f 8043 9998 8101
f 9999 8136 8135
f 8136 9999 8196
f 7739 10000 7765
f 10000 7739 8149
f 8157 10001 8159
f 10001 8157 8214
f 10002 8174 8175
f 8174 10002 8247
f 8183 10003 8187
f 10003 8183 8295
f 10004 8203 8204
f 8203 10004 8211
f 10005 8222 8223
f 8222 10005 8235
f 10006 8307 8308
f 8307 10006 8450
f 8315 10007 8317
f 10007 8315 8431
f 8324 10008 8328
f 10008 8324 8414
f 8299 10009 8332
f 10009 8299 8348
f 8417 10010 8438
f 10010 8417 8441
f 10011 8566 8564
f 8566 10011 8583
f 10012 8544 8545
f 8544 10012 8579
f 8571 10013 8592
f 10013 8571 8595
f 8606 10014 8610
f 10014 8606 8629
# 10014 vertices
# 0 texture params
# 0 normals
# 20388 facets

# 4 groups
